isbn,title,authors,publisher,language,genres
9781494563943,#Hater,Cambria Hebert,Tantor Audio,English,"['New Adult', 'Romance', 'Sports', 'College', 'Sports Romance', 'Contemporary', 'Contemporary Romance']"
9780345816023,12 Rules for Life: An Antidote to Chaos,Jordan B. Peterson,Random House Canada,English,"['Nonfiction', 'Psychology', 'Self Help', 'Philosophy', 'Personal Development', 'Audiobook', 'Unfinished']"
9780060541439,13 Little Blue Envelopes ,Maureen Johnson,Harperteen,English,"['Young Adult', 'Contemporary', 'Romance', 'Fiction', 'Travel', 'Chick Lit', 'Realistic Fiction']"
9780312609146,13 to Life ,Shannon Delany,St. Martin's Griffin,English,"['Young Adult', 'Werewolves', 'Paranormal', 'Fantasy', 'Romance', 'Supernatural', 'Urban Fantasy']"
9781400032051,1491: New Revelations of the Americas Before Columbus,Charles C. Mann,Vintage,English,"['History', 'Nonfiction', 'American History', 'Anthropology', 'Science', 'Historical', 'World History']"
9780446696616,1st to Die,James Patterson,Grand Central Publishing,English,"['Mystery', 'Fiction', 'Thriller', 'Crime', 'Mystery Thriller', 'Suspense', 'Murder Mystery']"
9780345413970,2010: Odyssey Two,Arthur C. Clarke,Del Rey,English,"['Science Fiction', 'Fiction', 'Science Fiction Fantasy', 'Classics', 'Space', 'Novels', 'Fantasy']"
9780586203194,2061: Odyssey Three,Arthur C. Clarke,Voyager,English,"['Science Fiction', 'Fiction', 'Science Fiction Fantasy', 'Space', 'Classics', 'Novels', 'Adventure']"
9780446696630,2nd Chance ,James Patterson,Grand Central Publishing,English,"['Mystery', 'Fiction', 'Crime', 'Thriller', 'Suspense', 'Mystery Thriller', 'Murder Mystery']"
9780345438201,3001: The Final Odyssey,Arthur C. Clarke,Del Rey,English,"['Science Fiction', 'Fiction', 'Science Fiction Fantasy', 'Classics', 'Space', 'Fantasy', 'Adventure']"
9780571212927,A Beautiful Mind,Sylvia Nasar,Faber and Faber,English,"['Biography', 'Nonfiction', 'Psychology', 'Science', 'Mathematics', 'History', 'Biography Memoir']"
9780802712455,A Bone to Pick,Charlaine Harris,Walker & Co,English,"['Mystery', 'Fiction', 'Cozy Mystery', 'Crime', 'Audiobook', 'Mystery Thriller', 'Romance']"
9780553380163,A Brief History of Time,Stephen Hawking,Bantam Books,English,"['Science', 'Nonfiction', 'Physics', 'History', 'Classics', 'Astronomy', 'Philosophy']"
9780770429911,A Certain Justice ,P.D. James,Seal Books,English,"['Mystery', 'Fiction', 'Crime', 'British Literature', 'Detective', 'Mystery Thriller', 'Thriller']"
9780688040741,A Chair for My Mother,Vera B. Williams,Greenwillow Books,English,"['Picture Books', 'Childrens', 'Realistic Fiction', 'Family', 'Fiction', 'Cultural', 'Mathematics']"
9780767916226,A Christmas Story,Jean Shepherd,Crown,English,"['Christmas', 'Humor', 'Fiction', 'Holiday', 'Classics', 'Short Stories', 'Audiobook']"
9780679772675,A Civil Action,Jonathan Harr,Vintage,English,"['Nonfiction', 'Law', 'History', 'True Crime', 'Environment', 'Crime', 'Science']"
9780553381696,A Clash of Kings,George R.R. Martin,Bantam,English,"['Fantasy', 'Fiction', 'Epic Fantasy', 'High Fantasy', 'Science Fiction Fantasy', 'Adult', 'Adventure']"
9780553381696,A Clash of Kings,George R.R. Martin,Bantam,English,"['Fantasy', 'Fiction', 'Epic Fantasy', 'High Fantasy', 'Science Fiction Fantasy', 'Adult', 'Adventure']"
9780425133019,A Cold Day for Murder,Dana Stabenow,Berkley,English,"['Mystery', 'Fiction', 'Crime', 'Mystery Thriller', 'Thriller', 'Contemporary', 'Suspense']"
9780765342454,A College of Magics,Caroline Stevermer,Starscape,English,"['Fantasy', 'Young Adult', 'Fiction', 'Magic', 'Romance', 'Historical', 'Young Adult Fantasy']"
9780142409404,A Company of Swans,Eva Ibbotson,Speak,English,"['Historical Fiction', 'Romance', 'Young Adult', 'Historical', 'Fiction', 'Historical Romance', 'Adult']"
9780765387462,A Conjuring of Light,V.E. Schwab,Tor,English,"['Fantasy', 'Fiction', 'Young Adult', 'Magic', 'Adult', 'Romance', 'LGBT']"
9780060012786,A Cook's Tour: Global Adventures in Extreme Cuisines,Anthony Bourdain,HarperCollins ECCO,English,"['Nonfiction', 'Food', 'Travel', 'Memoir', 'Cooking', 'Biography', 'Foodie']"
9781681196312,A Court of Frost and Starlight ,Sarah J. Maas,Bloomsbury Publishing,English,"['Fantasy', 'Romance', 'Young Adult', 'New Adult', 'Fiction', 'Fantasy Romance', 'Audiobook']"
9781635575583,A Court of Mist and Fury,Sarah J. Maas,Bloomsbury Publishing,English,"['Fantasy', 'Romance', 'Young Adult', 'New Adult', 'Fiction', 'Fae', 'Fantasy Romance']"
9781681196282,A Court of Silver Flames,Sarah J. Maas,Bloomsbury Publishing,English,"['Fantasy', 'Romance', 'Fiction', 'Fantasy Romance', 'Fae', 'New Adult', 'Audiobook']"
9781619634442,A Court of Thorns and Roses,Sarah J. Maas,Bloomsbury Publishing,English,"['Fantasy', 'Romance', 'Young Adult', 'Fiction', 'New Adult', 'Fae', 'Fantasy Romance']"
9781408857908,A Court of Wings and Ruin,Sarah J. Maas,Bloomsbury Publishing,English,"['Fantasy', 'Romance', 'Young Adult', 'New Adult', 'Fiction', 'Fae', 'Fantasy Romance']"
9780812550283,A Crown of Swords ,Robert Jordan,Tor Books,English,"['Fantasy', 'Fiction', 'Epic Fantasy', 'High Fantasy', 'Science Fiction Fantasy', 'Audiobook', 'Epic']"
9780439895767,A Curse Dark as Gold,Elizabeth C. Bunce,Arthur A. Levine Books,English,"['Fantasy', 'Young Adult', 'Fairy Tales', 'Retellings', 'Historical Fiction', 'Fiction', 'Romance']"
9781250851208,A Curse for True Love,Stephanie Garber,Flatiron,English,"['Fantasy', 'Romance', 'Young Adult', 'Fantasy Romance', 'Fiction', 'Young Adult Fantasy', 'Magic']"
9781681195087,A Curse So Dark and Lonely ,Brigid Kemmerer,Bloomsbury YA,English,"['Fantasy', 'Young Adult', 'Romance', 'Retellings', 'Young Adult Fantasy', 'Fiction', 'Magic']"
9780553173895,A Dance with Dragons ,George R.R. Martin,Bantam Books (Transworld Publishers a division of the Random House Group),English,"['Romance', 'Fiction', 'Chick Lit', 'Contemporary Romance', 'Contemporary', 'Historical Fiction', 'Historical']"
9780452270640,A Dark-Adapted Eye,Barbara Vine,Plume,English,"['Mystery', 'Fiction', 'Crime', 'Thriller', 'Mystery Thriller', 'Suspense', 'Historical Fiction']"
9780765376459,A Darker Shade of Magic,V.E. Schwab,Tor,English,"['Fantasy', 'Fiction', 'Young Adult', 'Magic', 'Adult', 'Audiobook', 'Adventure']"
9780586066881,A Darkness At Sethanon,Raymond E. Feist,Grafton Books,English,"['Fantasy', 'Fiction', 'Epic Fantasy', 'High Fantasy', 'Science Fiction Fantasy', 'Magic', 'Adventure']"
9780446667906,A Darkness More Than Night,Michael Connelly,Warner Books,English,"['Mystery', 'Fiction', 'Crime', 'Thriller', 'Detective', 'Mystery Thriller', 'Audiobook']"
9781452173962,A Day in the Life of Marlon Bundo,Jill Twiss,Chronicle Books LLC,English,"['Picture Books', 'Childrens', 'LGBT', 'Fiction', 'Humor', 'Animals', 'Politics']"
9781635577921,A Day of Fallen Night,Samantha    Shannon,Bloomsbury Publishing,English,"['Fantasy', 'Fiction', 'LGBT', 'Queer', 'Adult', 'Lesbian', 'Dragons']"
9780593128480,A Deadly Education,Naomi Novik,Del Rey,English,"['Fantasy', 'Young Adult', 'Fiction', 'Magic', 'Horror', 'Young Adult Fantasy', 'Urban Fantasy']"
9780812536355,A Deepness in the Sky,Vernor Vinge,Tor Science Fiction,English,"['Science Fiction', 'Fiction', 'Space Opera', 'Hugo Awards', 'Science Fiction Fantasy', 'Aliens', 'Speculative Fiction']"
9780060590277,A Dirty Job,Christopher Moore,William Morrow,English,"['Humor', 'Fiction', 'Fantasy', 'Comedy', 'Paranormal', 'Urban Fantasy', 'Horror']"
9780670022410,A Discovery of Witches,Deborah Harkness,Viking Penguin,English,"['Fantasy', 'Romance', 'Fiction', 'Paranormal', 'Vampires', 'Witches', 'Magic']"
9780765326263,A Dog's Purpose,W. Bruce Cameron,Forge Books,English,"['Fiction', 'Animals', 'Dogs', 'Contemporary', 'Fantasy', 'Adult', 'Audiobook']"
9780811214575,A Far Cry from Kensington,Muriel Spark,New Directions,English,"['Fiction', 'Historical Fiction', 'Classics', 'British Literature', 'Literary Fiction', 'Audiobook', 'Novels']"
9780140158618,A Fatal Inversion,Barbara Vine,Penguin Canada,English,"['Mystery', 'Fiction', 'Crime', 'Thriller', 'Mystery Thriller', 'Suspense', 'British Literature']"
9780425135778,A Fatal Thaw,Dana Stabenow,Berkley,English,"['Mystery', 'Fiction', 'Crime', 'Mystery Thriller', 'Thriller', 'Audiobook', 'Detective']"
9780553582024,A Feast for Crows,George R.R. Martin,Bantam Books,English,"['Fantasy', 'Fiction', 'Epic Fantasy', 'High Fantasy', 'Science Fiction Fantasy', 'Adult', 'Adventure']"
9781400030651,A Fine Balance,Rohinton Mistry,Vintage,English,"['Fiction', 'Historical Fiction', 'India', 'Indian Literature', 'Literary Fiction', 'Historical', 'Canada']"
9780812515282,A Fire Upon the Deep,Vernor Vinge,Tor Science Fiction,English,"['Science Fiction', 'Fiction', 'Space Opera', 'Science Fiction Fantasy', 'Fantasy', 'Hugo Awards', 'Space']"
9780060788193,A Fistful of Charms ,Kim Harrison,HarperTorch,English,"['Urban Fantasy', 'Fantasy', 'Paranormal', 'Vampires', 'Witches', 'Magic', 'Fiction']"
9781250803825,A Flicker in the Dark,Stacy Willingham,Minotaur Books,English,"['Thriller', 'Mystery', 'Mystery Thriller', 'Fiction', 'Audiobook', 'Suspense', 'Crime']"
9780373263844,A Fool and His Honey ,Charlaine Harris,Worldwide Library,English,"['Mystery', 'Fiction', 'Cozy Mystery', 'Crime', 'Mystery Thriller', 'Audiobook', 'Adult']"
9780385521727,A Fraction of the Whole,Steve Toltz,Spiegel & Grau,English,"['Fiction', 'Australia', 'Novels', 'Contemporary', 'Humor', 'Literature', 'Philosophy']"
9780553575262,A Free Man of Color ,Barbara Hambly,Bantam,English,"['Mystery', 'Historical Fiction', 'Fiction', 'Historical', 'Historical Mystery', 'Crime', 'Mystery Thriller']"
9780553588484,A Game of Thrones ,George R.R. Martin,Bantam,English,"['Fantasy', 'Fiction', 'Epic Fantasy', 'High Fantasy', 'Adult', 'Science Fiction Fantasy', 'Adventure']"
9780375409288,A Gate at the Stairs,Lorrie Moore,Knopf,English,"['Fiction', 'Novels', 'Contemporary', 'Literary Fiction', 'Audiobook', 'Coming Of Age', 'Adult']"
9780765376473,A Gathering of Shadows ,V.E. Schwab,Tor,English,"['Fantasy', 'Fiction', 'Young Adult', 'Magic', 'Adult', 'Audiobook', 'Romance']"
9780765376473,A Gathering of Shadows ,V.E. Schwab,Tor,English,"['Fantasy', 'Fiction', 'Young Adult', 'Magic', 'Adult', 'Audiobook', 'Romance']"
9780439471442,A Girl Named Disaster,Nancy Farmer,Orchard,English,"['Young Adult', 'Fiction', 'Historical Fiction', 'Africa', 'Adventure', 'Survival', 'Middle Grade']"
9781250237279,A Good Neighborhood,Therese Anne Fowler,St. Martin's Press,English,"['Fiction', 'Contemporary', 'Audiobook', 'Literary Fiction', 'Adult', 'Adult Fiction', 'Family']"
9780689875342,A Great and Terrible Beauty ,Libba Bray,Simon and Schuster,English,"['Fantasy', 'Young Adult', 'Historical Fiction', 'Fiction', 'Historical', 'Paranormal', 'Romance']"
9780553278026,A Great Deliverance ,Elizabeth  George,Bantam Books,English,"['Mystery', 'Fiction', 'Crime', 'Mystery Thriller', 'Thriller', 'Detective', 'British Literature']"
9780552552646,A Hat Full of Sky ,Terry Pratchett,Corgi,English,"['Fantasy', 'Fiction', 'Young Adult', 'Humor', 'Childrens', 'Witches', 'Magic']"
9780375725784,A Heartbreaking Work of Staggering Genius,Dave Eggers,Vintage,English,"['Fiction', 'Contemporary', 'Literature', 'Humor', 'Biography Memoir', 'Novels', 'American']"
9780674399747,A History of Private Life: From Pagan Rome to Byzantium,Philippe Ariès,Belknap Press/Harvard University Press,English,"['History', 'Nonfiction', 'Ancient History', 'Anthropology', 'Reference', 'Ancient', 'Sociology']"
9780140166545,A History of Reading,Alberto Manguel,Penguin Books,English,"['Nonfiction', 'History', 'Books About Books', 'Essays', 'Literature', 'Philosophy', 'Writing']"
9780679731375,A History of the World in 10½  Chapters,Julian Barnes,Vintage,English,"['Fiction', 'Short Stories', 'Historical Fiction', 'British Literature', 'Contemporary', 'Literature', '20th Century']"
9781250829795,A House with Good Bones,T. Kingfisher,Tor Nightfire,English,"['Horror', 'Fantasy', 'Fiction', 'Gothic', 'Mystery', 'Paranormal', 'Adult']"
9780312938994,A Is for Alibi ,Sue Grafton,St. Martin's Paperbacks,English,"['Mystery', 'Fiction', 'Crime', 'Mystery Thriller', 'Thriller', 'Audiobook', 'Detective']"
9780743474153,A Kingdom of Dreams ,Judith McNaught,Pocket Books,English,"['Historical Romance', 'Romance', 'Historical', 'Historical Fiction', 'Medieval', 'Fiction', 'Adult']"
9780743457262,A Knight in Shining Armor ,Jude Deveraux,Pocket Books,English,"['Romance', 'Time Travel', 'Historical Romance', 'Historical', 'Historical Fiction', 'Fantasy', 'Fiction']"
9780375702709,A Lesson Before Dying,Ernest J. Gaines,Vintage,English,"['Fiction', 'Historical Fiction', 'Classics', 'African American', 'School', 'Literature', 'Historical']"
9781484763803,A List of Cages,Robin Roe,Disney-Hyperion,English,"['Young Adult', 'Contemporary', 'Fiction', 'Mental Health', 'Realistic Fiction', 'Young Adult Contemporary', 'Abuse']"
9781484763803,A List of Cages,Robin Roe,Disney-Hyperion,English,"['Young Adult', 'Contemporary', 'Fiction', 'Mental Health', 'Realistic Fiction', 'Young Adult Contemporary', 'Abuse']"
9780440223016,A Long Fatal Love Chase,Louisa May Alcott,Dell,English,"['Classics', 'Fiction', 'Romance', 'Gothic', 'Historical Fiction', 'Literature', 'Mystery']"
9781594481932,A Long Way Down,Nick Hornby,Riverhead Books,English,"['Fiction', 'Contemporary', 'Humor', 'Novels', 'British Literature', 'Adult Fiction', 'Adult']"
9780374105235,A Long Way Gone: Memoirs of a Boy Soldier,Ishmael Beah,Sarah Crichton Books,English,"['Nonfiction', 'Memoir', 'Africa', 'Biography', 'War', 'History', 'Biography Memoir']"
9781250767080,A Magic Steeped in Poison ,Judy I. Lin,Feiwel and Friends,English,"['Fantasy', 'Young Adult', 'Fiction', 'Mythology', 'Young Adult Fantasy', 'Magic', 'Romance']"
9780307264237,A Mercy,Toni Morrison,Knopf,English,"['Fiction', 'Historical Fiction', 'African American', 'Classics', 'Historical', 'Literary Fiction', 'Literature']"
9780679733768,"A Midwife's Tale: The Life of Martha Ballard, Based on Her Diary, 1785-1812",Laurel Thatcher Ulrich,Vintage Books,English,"['History', 'Nonfiction', 'Biography', 'American History', 'Historical', 'Womens', 'Feminism']"
9781595143983,A Million Suns ,Beth Revis,Razorbill,English,"['Young Adult', 'Science Fiction', 'Dystopia', 'Romance', 'Fantasy', 'Fiction', 'Mystery']"
9780062279026,A Million Worlds with You ,Claudia Gray,HarperTeen,English,"['Young Adult', 'Science Fiction', 'Fantasy', 'Romance', 'Fiction', 'Time Travel', 'Audiobook']"
9781564782175,A Minor Apocalypse,Tadeusz Konwicki,Dalkey Archive Press,English,"['Polish Literature', 'Fiction', 'Poland', 'Classics', 'School', 'Literature', '20th Century']"
9780312983772,A Mist of Prophecies ,Steven Saylor,St. Martin's Paperbacks,English,"['Historical Fiction', 'Mystery', 'Fiction', 'Historical', 'Historical Mystery', 'Crime', 'Roman']"
9780753820292,A Morning for Flamingos ,James Lee Burke,Orion,English,"['Mystery', 'Fiction', 'Crime', 'Thriller', 'Detective', 'Mystery Thriller', 'Noir']"
9781101902769,A Mother's Reckoning: Living in the Aftermath of Tragedy,Sue Klebold,Crown,English,"['Nonfiction', 'Memoir', 'True Crime', 'Biography', 'Audiobook', 'Crime', 'Biography Memoir']"
9781101902769,A Mother's Reckoning: Living in the Aftermath of Tragedy,Sue Klebold,Crown,English,"['Nonfiction', 'Memoir', 'True Crime', 'Biography', 'Audiobook', 'Crime', 'Biography Memoir']"
9780674615762,A New History of Korea,Ki-Baik Lee,Harvard University Press,English,"['History', 'Nonfiction', 'Asia']"
9780674615762,A New History of Korea,Ki-Baik Lee,Harvard University Press,English,"['History', 'Nonfiction', 'Asia']"
9780152053109,A Northern Light,Jennifer Donnelly,HMH Books for Young Readers,English,"['Historical Fiction', 'Young Adult', 'Fiction', 'Mystery', 'Historical', 'Romance', 'Teen']"
9780385337939,A Painted House,John Grisham,Bantam,English,"['Fiction', 'Mystery', 'Historical Fiction', 'Thriller', 'Suspense', 'Novels', 'Historical']"
9780804119184,A Patchwork Planet,Anne Tyler,Ballantine Books,English,"['Fiction', 'Contemporary', 'Literary Fiction', 'Novels', 'American', 'Adult Fiction', 'Literature']"
9780140243642,"A People's Tragedy: The Russian Revolution, 1891 - 1924",Orlando Figes,Penguin Books,English,"['History', 'Nonfiction', 'Russia', 'Russian History', 'Politics', 'European History', 'War']"
9780061957895,A Perfect Blood ,Kim Harrison,HarperVoyager,English,"['Urban Fantasy', 'Fantasy', 'Paranormal', 'Vampires', 'Witches', 'Demons', 'Magic']"
9780743457927,A Perfect Spy,John le Carre,Scribner,English,"['Fiction', 'Espionage', 'Thriller', 'Mystery', 'Spy Thriller', 'Novels', 'Mystery Thriller']"
9780449225158,A Place Called Freedom,Ken Follett,Ballantine Books,English,"['Historical Fiction', 'Fiction', 'Historical', 'Thriller', 'Audiobook', 'Romance', 'Scotland']"
9780449225158,A Place Called Freedom,Ken Follett,Ballantine Books,English,"['Historical Fiction', 'Fiction', 'Historical', 'Thriller', 'Romance', 'Audiobook', 'Scotland']"
9781524763558,A Place for Us,Fatima Farheen Mirza,SJP for Hogarth,English,"['Fiction', 'Contemporary', 'Literary Fiction', 'Audiobook', 'Family', 'India', 'Adult']"
9780312426392,A Place of Greater Safety,Hilary Mantel,Picador,English,"['Historical Fiction', 'Fiction', 'France', 'Historical', 'French Revolution', 'Literary Fiction', 'Literature']"
9780553801309,A Place of Hiding ,Elizabeth  George,Bantam,English,"['Mystery', 'Fiction', 'Crime', 'Detective', 'Thriller', 'Mystery Thriller', 'British Literature']"
9780312977108,A Place Of Safety ,Caroline Graham,St. Martin's Paperbacks,English,"['Mystery', 'Fiction', 'Crime', 'British Literature', 'Cozy Mystery', 'Mystery Thriller', 'Detective']"
9780312977108,A Place Of Safety ,Caroline Graham,St. Martin's Paperbacks,English,"['Mystery', 'Fiction', 'Crime', 'British Literature', 'Cozy Mystery', 'Mystery Thriller', 'Detective']"
9780751516951,A Plague on Both Your Houses ,Susanna Gregory,"Little, Brown Book Group",English,"['Historical Fiction', 'Mystery', 'Fiction', 'Historical', 'Historical Mystery', 'Medieval', 'Crime']"
9780552135399,A Prayer for Owen Meany,John Irving,Black Swan,English,"['Fiction', 'Classics', 'Contemporary', 'Literature', 'Literary Fiction', 'Novels', 'Historical Fiction']"
9780752877136,A Question of Blood ,Ian Rankin,Orion,English,"['Crime', 'Mystery', 'Fiction', 'Scotland', 'Detective', 'Mystery Thriller', 'Thriller']"
9780380794577,A Rake's Vow ,Stephanie Laurens,Avon,English,"['Historical Romance', 'Romance', 'Historical', 'Regency', 'Historical Fiction', 'Regency Romance', 'Fiction']"
9780380794577,A Rake's Vow ,Stephanie Laurens,Avon,English,"['Historical Romance', 'Romance', 'Historical', 'Regency', 'Historical Fiction', 'Regency Romance', 'Fiction']"
9780446400886,A Rare Benedictine ,Ellis Peters,Grand Central Pub,English,"['Mystery', 'Historical Fiction', 'Fiction', 'Historical Mystery', 'Historical', 'Crime', 'Medieval']"
9780448494500,A Reaper at the Gates ,Sabaa Tahir,Razorbill,English,"['Fantasy', 'Young Adult', 'Young Adult Fantasy', 'Romance', 'Fiction', 'Audiobook', 'Magic']"
9780448494500,A Reaper at the Gates ,Sabaa Tahir,Razorbill,English,"['Fantasy', 'Young Adult', 'Young Adult Fantasy', 'Romance', 'Fiction', 'Audiobook', 'Magic']"
9781565125964,A Reliable Wife,Robert Goolrick,Algonquin Books,English,"['Fiction', 'Historical Fiction', 'Historical', 'Mystery', 'Romance', 'Book Club', 'Adult']"
9780553382372,A Secret Atlas ,Michael A. Stackpole,Spectra,English,"['Fantasy', 'Fiction', 'Epic Fantasy', 'Science Fiction Fantasy', 'High Fantasy', 'Adult', 'Science Fiction']"
9780767908184,A Short History of Nearly Everything,Bill Bryson,Crown,English,"['Nonfiction', 'Science', 'History', 'Audiobook', 'Humor', 'Physics', 'Popular Science']"
9780141020525,A Short History of Tractors in Ukrainian,Marina Lewycka,Penguin Books,English,"['Fiction', 'Contemporary', 'Humor', 'Ukraine', 'Novels', 'Family', 'Book Club']"
9780374527075,A Small Place,Jamaica Kincaid,"Farrar, Straus and Giroux",English,"['Nonfiction', 'Essays', 'Memoir', 'History', 'School', 'Travel', 'Classics']"
9780156031134,A Soldier of the Great War,Mark Helprin,Mariner Books,English,"['Fiction', 'Historical Fiction', 'War', 'Italy', 'World War I', 'Historical', 'Literature']"
9780810112025,A Soldier's Legacy,Heinrich Böll,Northwestern University Press,English,"['Fiction', 'German Literature', 'War', 'Germany', 'Novels', 'Historical Fiction', 'World War II']"
9780345915627,A Son of the Circus,John Irving,Ballantine Books,English,"['Fiction', 'India', 'Literary Fiction', 'Contemporary', 'Literature', 'Novels', 'American']"
9781957568461,A Soul of Ash and Blood ,Jennifer L. Armentrout,Blue Box Press,English,"['Fantasy', 'Romance', 'Fantasy Romance', 'Vampires', 'Fiction', 'Adult', 'Paranormal']"
9781957568461,A Soul of Ash and Blood ,Jennifer L. Armentrout,Blue Box Press,English,"['Fantasy', 'Romance', 'Fantasy Romance', 'Vampires', 'Fiction', 'Adult', 'Paranormal']"
9780553573428,A Storm of Swords ,George R.R. Martin,Bantam,English,"['Fantasy', 'Fiction', 'Epic Fantasy', 'Science Fiction Fantasy', 'High Fantasy', 'Adult', 'Audiobook']"
9780062398901,A Study in Charlotte ,Brittany Cavallaro,Katherine Tegen Books,English,"['Mystery', 'Young Adult', 'Contemporary', 'Fiction', 'Retellings', 'Mystery Thriller', 'Romance']"
9780063211506,A Study in Drowning,Ava Reid,HarperTeen,English,"['Fantasy', 'Young Adult', 'Romance', 'Gothic', 'Mystery', 'Fiction', 'Young Adult Fantasy']"
9780060786526,A Suitable Boy ,Vikram Seth,Harper Perennial Modern Classics,English,"['Fiction', 'India', 'Historical Fiction', 'Classics', 'Indian Literature', 'Romance', 'Historical']"
9780553384826,A Suitable Vengeance ,Elizabeth  George,Bantam,English,"['Mystery', 'Fiction', 'Crime', 'Mystery Thriller', 'Detective', 'Thriller', 'British Literature']"
9780316925280,A Supposedly Fun Thing I'll Never Do Again:  Essays and Arguments,David Foster Wallace,Back Bay Books,English,"['Nonfiction', 'Essays', 'Humor', 'Short Stories', 'Memoir', 'American', 'Philosophy']"
9781400096473,A Taste for Death ,P.D. James,Vintage,English,"['Mystery', 'Fiction', 'Crime', 'Mystery Thriller', 'Detective', 'British Literature', 'Thriller']"
9780061000041,A Thief of Time ,Tony Hillerman,HarperTorch,English,"['Mystery', 'Fiction', 'Mystery Thriller', 'Crime', 'Westerns', 'Detective', 'Thriller']"
9781400033836,A Thousand Acres,Jane Smiley,Anchor,English,"['Fiction', 'Literary Fiction', 'Contemporary', 'Novels', 'Literature', 'Family', 'Adult Fiction']"
9781594489501,A Thousand Splendid Suns,Khaled Hosseini,Riverhead Books,English,"['Fiction', 'Historical Fiction', 'Contemporary', 'Historical', 'Novels', 'Classics', 'War']"
9780671493172,A to Z,Sandra Boynton,Boynton Bookworks,English,"['Childrens', 'Picture Books', 'Animals', 'Fiction', 'Humor', 'Kids', 'Education']"
9780008250447,A Torch Against the Night ,Sabaa Tahir,Razorbill,English,"['Fantasy', 'Young Adult', 'Romance', 'Young Adult Fantasy', 'Fiction', 'Audiobook', 'High Fantasy']"
9780553582369,A Traitor to Memory ,Elizabeth  George,Bantam,English,"['Mystery', 'Fiction', 'Crime', 'Mystery Thriller', 'Thriller', 'Detective', 'British Literature']"
9780307592835,A Visit from the Goon Squad,Jennifer Egan,Knopf,English,"['Fiction', 'Contemporary', 'Music', 'Short Stories', 'Literary Fiction', 'Novels', 'Adult Fiction']"
9780152938222,A Visit to William Blake's Inn: Poems for Innocent and Experienced Travelers,Nancy Willard,Harcourt Brace Jovanovich,English,"['Poetry', 'Picture Books', 'Childrens', 'Fantasy', 'Juvenile', 'Young Adult', 'Middle Grade']"
9780307279460,A Walk in the Woods: Rediscovering America on the Appalachian Trail,Bill Bryson,Anchor,English,"['Nonfiction', 'Travel', 'Memoir', 'Humor', 'Nature', 'Adventure', 'Audiobook']"
9780307279460,A Walk in the Woods: Rediscovering America on the Appalachian Trail,Bill Bryson,Anchor,English,"['Nonfiction', 'Travel', 'Memoir', 'Humor', 'Nature', 'Adventure', 'Audiobook']"
9780307279460,A Walk in the Woods: Rediscovering America on the Appalachian Trail,Bill Bryson,Anchor,English,"['Nonfiction', 'Travel', 'Memoir', 'Humor', 'Nature', 'Adventure', 'Audiobook']"
9780446693806,A Walk to Remember,Nicholas Sparks,Grand Central Publishing,English,"['Romance', 'Fiction', 'Contemporary', 'Young Adult', 'Chick Lit', 'Adult', 'Contemporary Romance']"
9780739320914,A Widow for One Year,John Irving,Random House Audio,English,"['Fiction', 'Contemporary', 'Literature', 'Literary Fiction', 'Novels', 'American', 'Adult']"
9780393000726,"A Wild Patience Has Taken Me This Far: Poems, 1978-1981",Adrienne Rich,W.W. Norton,English,"['Poetry', 'Feminism', 'LGBT', 'Queer', 'Nonfiction', 'Womens', 'Classics']"
9780062699763,A Woman Is No Man,Etaf Rum,Harper,English,"['Fiction', 'Historical Fiction', 'Contemporary', 'Audiobook', 'Feminism', 'Literary Fiction', 'Adult']"
9780316545563,A World Lit Only by Fire: The Medieval Mind and the Renaissance: Portrait of an Age,William Manchester,"Little, Brown and Company",English,"['History', 'Nonfiction', 'Medieval', 'European History', 'Medieval History', 'Historical', 'World History']"
9780142300701,A Year Down Yonder ,Richard Peck,Dial Books,English,"['Historical Fiction', 'Young Adult', 'Fiction', 'Middle Grade', 'Childrens', 'Humor', 'Historical']"
9780679731146,A Year in Provence,Peter Mayle,Vintage,English,"['Travel', 'Nonfiction', 'Memoir', 'France', 'Biography', 'Food', 'Humor']"
9780060088743,A Year in the Life of William Shakespeare: 1599,James Shapiro,Harper Perennial,English,"['History', 'Nonfiction', 'Biography', 'Theatre', 'Literary Criticism', 'British Literature', 'Literature']"
9780545284103,Abandon ,Meg Cabot,Point,English,"['Young Adult', 'Fantasy', 'Mythology', 'Romance', 'Paranormal', 'Fiction', 'Paranormal Romance']"
9780140285673,About a Boy,Nick Hornby,Penguin Books,English,"['Fiction', 'Contemporary', 'Humor', 'Novels', 'British Literature', 'Comedy', 'Adult']"
9780446519960,Absolute Power,David Baldacci,Warner Books,English,"['Fiction', 'Thriller', 'Mystery', 'Suspense', 'Crime', 'Mystery Thriller', 'Audiobook']"
9781400076932,Absolutely American: Four Years at West Point,David Lipsky,Vintage,English,"['Nonfiction', 'Military Fiction', 'History', 'Memoir', 'Military History', 'Education', 'American History']"
9780312362157,Acheron ,Sherrilyn Kenyon,St. Martin's Press,English,"['Paranormal Romance', 'Paranormal', 'Romance', 'Fantasy', 'Vampires', 'Urban Fantasy', 'Mythology']"
9780061059834,Acorna's People ,Anne McCaffrey,HarperCollins Publishers,English,"['Fantasy', 'Science Fiction', 'Fiction', 'Science Fiction Fantasy', 'Space', 'Space Opera', 'Adult']"
9781573223324,Across the Nightingale Floor ,Lian Hearn,Riverhead Books,English,"['Fantasy', 'Fiction', 'Historical Fiction', 'Young Adult', 'Japan', 'Historical', 'Romance']"
9781595143976,Across the Universe ,Beth Revis,Razorbill,English,"['Young Adult', 'Science Fiction', 'Dystopia', 'Romance', 'Fantasy', 'Fiction', 'Mystery']"
9780062941282,"Act Your Age, Eve Brown ",Talia Hibbert,Avon,English,"['Romance', 'Contemporary', 'Fiction', 'Contemporary Romance', 'Adult', 'Audiobook', 'Chick Lit']"
9780446603782,Adulthood Rites ,Octavia E. Butler,Warner Aspect Books,English,"['Science Fiction', 'Fiction', 'Fantasy', 'Aliens', 'Science Fiction Fantasy', 'Speculative Fiction', 'Dystopia']"
9780553574074,Affair,Amanda Quick,Bantam Books,English,"['Romance', 'Historical Romance', 'Historical', 'Historical Fiction', 'Mystery', 'Fiction', 'Regency']"
9780671448127,Affair of Honor,Stephanie James,Silhouette Desire,English,"['Romance', 'Contemporary']"
9780698403871,Aflame ,Penelope Douglas,Penguin Publishing Group,English,"['Romance', 'New Adult', 'Contemporary', 'Contemporary Romance', 'Young Adult', 'College', 'Sports']"
9780312194338,After Man: A Zoology of the Future,Dougal Dixon,Griffin,English,"['Science', 'Nonfiction', 'Biology', 'Art', 'Evolution', 'Nature', 'Animals']"
9780061284427,Afterlife ,Claudia Gray,HarperTeen,English,"['Vampires', 'Young Adult', 'Paranormal', 'Fantasy', 'Romance', 'Ghosts', 'Paranormal Romance']"
9780679863724,Afternoon on the Amazon ,Mary Pope Osborne,"Random House, Inc.",English,"['Childrens', 'Fantasy', 'Fiction', 'Chapter Books', 'Adventure', 'Historical Fiction', 'Middle Grade']"
9781841197760,Agatha Raisin and the Walkers of Dembley ,M.C. Beaton,Minotaur,English,"['Mystery', 'Cozy Mystery', 'Fiction', 'Audiobook', 'Crime', 'British Literature', 'Humor']"
9780140275650,Age of Iron,J.M. Coetzee,Penguin Books,English,"['Fiction', 'Africa', 'South Africa', 'Literature', 'Novels', 'Literary Fiction', 'Nobel Prize']"
9780441009916,Agent of Change ,Sharon Lee,Ace,English,"['Science Fiction', 'Space Opera', 'Romance', 'Fiction', 'Fantasy', 'Adult', 'Space']"
9789707100114,Agua Quemada,Carlos Fuentes,Punto De Lectura,Spanish; Castilian,"['Short Stories', 'Fiction', 'Literature', 'Novels', 'Spanish Literature', 'Latin American', 'Literary Fiction']"
9780060838744,"Ahab's Wife, or The Star-Gazer",Sena Jeter Naslund,William Morrow Paperbacks,English,"['Fiction', 'Historical Fiction', 'Historical', 'Literature', 'Novels', 'Adult Fiction', 'Literary Fiction']"
9780896081291,Ain't I a Woman: Black Women and Feminism,bell hooks,South End Press,English,"['Feminism', 'Nonfiction', 'Race', 'History', 'Social Justice', 'Politics', 'Womens']"
9780312261214,Air,Geoff Ryman,St. Martin's Griffin,English,"['Science Fiction', 'Fiction', 'Speculative Fiction', 'Fantasy', 'Dystopia', 'Science Fiction Fantasy', 'Novels']"
9780099556312,Airframe,Michael Crichton,Arrow Books,English,"['Fiction', 'Thriller', 'Mystery', 'Science Fiction', 'Suspense', 'Mystery Thriller', 'Adventure']"
9781569714980,"Akira, Vol. 1",Katsuhiro Otomo,Dark Horse,English,"['Manga', 'Comics', 'Graphic Novels', 'Science Fiction', 'Fiction', 'Cyberpunk', 'Dystopia']"
9780689853234,Alanna: The First Adventure ,Tamora Pierce,Atheneum Books for Young Readers,English,"['Fantasy', 'Young Adult', 'Fiction', 'Magic', 'Adventure', 'Middle Grade', 'Young Adult Fantasy']"
9780375761423,Alaska,James A. Michener,Dial Press Trade Paperback,English,"['Historical Fiction', 'Fiction', 'Historical', 'Travel', 'Adventure', 'Novels', 'Audiobook']"
9780195069051,Albion's Seed: Four British Folkways in America ,David Hackett Fischer,Oxford University Press,English,"['History', 'Nonfiction', 'American History', 'Politics', 'American', 'Cultural', 'Sociology']"
9783442723430,Alias Grace,Margaret Atwood,Btb Bei Goldmann,German,"['Historical Fiction', 'Fiction', 'Mystery', 'Historical', 'Canada', 'Classics', 'Literary Fiction']"
9780345466396,All I Really Need to Know I Learned in Kindergarten,Robert Fulghum,Ballantine Books,English,"['Nonfiction', 'Humor', 'Self Help', 'Philosophy', 'Essays', 'Inspirational', 'Short Stories']"
9780394573540,All I Really Need To Know I Learned in Kindergarten,Robert Fulghum,Random House,English,"['Nonfiction', 'Humor', 'Self Help', 'Philosophy', 'Essays', 'Inspirational', 'Short Stories']"
9781301213641,All over You ,Emily Snow,Smashwords,English,"['Romance', 'New Adult', 'Contemporary', 'Contemporary Romance', 'Erotica', 'Novella', 'Music']"
9780062326249,All Played Out ,Cora Carmack,William Morrow Paperbacks,English,"['New Adult', 'Romance', 'Sports', 'Contemporary', 'College', 'Sports Romance', 'Contemporary Romance']"
9780684193953,All That Remains ,Patricia Cornwell,Scribner,English,"['Mystery', 'Crime', 'Fiction', 'Thriller', 'Mystery Thriller', 'Suspense', 'Murder Mystery']"
9780385755887,All the Bright Places,Jennifer Niven,Knopf,English,"['Young Adult', 'Romance', 'Contemporary', 'Fiction', 'Mental Health', 'Realistic Fiction', 'Mental Illness']"
9781250803856,All the Dangerous Things,Stacy Willingham,Minotaur Books,English,"['Thriller', 'Mystery', 'Mystery Thriller', 'Fiction', 'Audiobook', 'Suspense', 'Adult']"
9781476746586,All the Light We Cannot See,Anthony Doerr,Scribner,English,"['Historical Fiction', 'Fiction', 'Historical', 'War', 'World War II', 'Audiobook', 'Adult']"
9780679744399,All the Pretty Horses ,Cormac McCarthy,Vintage,English,"['Fiction', 'Westerns', 'Historical Fiction', 'Classics', 'Literature', 'Novels', 'Literary Fiction']"
9780345419354,All the Weyrs of Pern ,Anne McCaffrey,Del Rey,English,"['Fantasy', 'Science Fiction', 'Dragons', 'Fiction', 'Science Fiction Fantasy', 'Adult', 'Adventure']"
9780441014941,All Together Dead ,Charlaine Harris,Ace Books,English,"['Fantasy', 'Vampires', 'Paranormal', 'Urban Fantasy', 'Fiction', 'Romance', 'Mystery']"
9781501193323,All Your Perfects,Colleen Hoover,Atria Books,English,"['Romance', 'Contemporary', 'Fiction', 'Contemporary Romance', 'New Adult', 'Audiobook', 'Adult']"
9780064472777,All-American Girl ,Meg Cabot,HarperTrophy,English,"['Young Adult', 'Romance', 'Chick Lit', 'Fiction', 'Contemporary', 'Teen', 'Childrens']"
9780007524273,Allegiant ,Veronica Roth,HarperCollins Children's Book's,English,"['Young Adult', 'Dystopia', 'Fiction', 'Fantasy', 'Science Fiction', 'Romance', 'Adventure']"
9780140173192,Almanac of the Dead,Leslie Marmon Silko,Penguin Books,English,"['Fiction', 'Historical Fiction', 'Fantasy', 'Literature', 'Magical Realism', 'Novels', 'Classics']"
9780446692632,Along Came a Spider ,James Patterson,Grand Central Publishing,English,"['Mystery', 'Fiction', 'Thriller', 'Crime', 'Mystery Thriller', 'Suspense', 'Detective']"
9780670011940,Along for the Ride,Sarah Dessen,Viking Books for Young Readers,English,"['Young Adult', 'Romance', 'Contemporary', 'Fiction', 'Chick Lit', 'Realistic Fiction', 'Teen']"
9780345457691,Altered Carbon ,Richard K. Morgan,Del Rey / Ballantine Books,English,"['Science Fiction', 'Fiction', 'Cyberpunk', 'Mystery', 'Thriller', 'Noir', 'Crime']"
9781407177663,"Always and Forever, Lara Jean ",Jenny Han,Scholastic,English,"['Romance', 'Young Adult', 'Contemporary', 'Fiction', 'Audiobook', 'Young Adult Contemporary', 'Chick Lit']"
9780713998948,America ,Jon   Stewart,Allen Lane,English,"['Humor', 'Nonfiction', 'Politics', 'Comedy', 'History', 'Audiobook', 'American History']"
9780679735779,American Psycho,Bret Easton Ellis,Vintage Contemporaries / Random House,English,"['Fiction', 'Horror', 'Classics', 'Thriller', 'Crime', 'Contemporary', 'Novels']"
9780679764410,American Sphinx: The Character of Thomas Jefferson,Joseph J. Ellis,Vintage Books,English,"['History', 'Biography', 'Nonfiction', 'American History', 'Presidents', 'Politics', 'American Revolution']"
9781400064755,American Wife,Curtis Sittenfeld,Random House,English,"['Fiction', 'Historical Fiction', 'Politics', 'Chick Lit', 'Contemporary', 'Historical', 'Book Club']"
9781416924982,Among the Hidden ,Margaret Peterson Haddix,Aladdin Paperbacks,English,"['Young Adult', 'Dystopia', 'Science Fiction', 'Fiction', 'Middle Grade', 'Childrens', 'Fantasy']"
9780385494243,Amsterdam,Ian McEwan,Anchor Books/Knopf Doubleday Publishing Group,English,"['Fiction', 'Contemporary', 'Literary Fiction', 'British Literature', 'Literature', 'Novels', '20th Century']"
9781416990659,Amy & Roger's Epic Detour,Morgan Matson,Simon & Schuster Books for Young Readers,English,"['Young Adult', 'Contemporary', 'Romance', 'Fiction', 'Road Trip', 'Realistic Fiction', 'Young Adult Contemporary']"
9780525476887,An Abundance of Katherines,John Green,Dutton Books for Young Readers,English,"['Young Adult', 'Fiction', 'Contemporary', 'Romance', 'Realistic Fiction', 'Teen', 'Humor']"
9780525476887,An Abundance of Katherines,John Green,Dutton Books for Young Readers,English,"['Young Adult', 'Fiction', 'Contemporary', 'Romance', 'Realistic Fiction', 'Teen', 'Humor']"
9781616201340,An American Marriage,Tayari Jones,Algonquin Books,English,"['Fiction', 'Contemporary', 'Audiobook', 'Literary Fiction', 'Romance', 'Adult', 'Adult Fiction']"
9781250133731,An Anonymous Girl,Greer Hendricks,St. Martin's Press,English,"['Thriller', 'Mystery', 'Fiction', 'Mystery Thriller', 'Audiobook', 'Suspense', 'Psychological Thriller']"
9780571225361,An Artist of the Floating World,Kazuo Ishiguro,Faber and Faber,English,"['Fiction', 'Japan', 'Historical Fiction', 'Japanese Literature', 'Literature', 'Literary Fiction', 'Asia']"
9780752898476,An Echo in the Bone ,Diana Gabaldon,Orion,English,"['Historical Fiction', 'Romance', 'Fantasy', 'Fiction', 'Time Travel', 'Historical', 'Historical Romance']"
9780446405324,An Excellent Mystery ,Ellis Peters,Mysterious Press,English,"['Mystery', 'Historical Fiction', 'Fiction', 'Historical', 'Medieval', 'Historical Mystery', 'Crime']"
9780425217290,An Ice Cold Grave ,Charlaine Harris,Berkley,English,"['Mystery', 'Paranormal', 'Fantasy', 'Urban Fantasy', 'Fiction', 'Supernatural', 'Romance']"
9781573227957,An Instance of the Fingerpost,Iain Pears,Penguin Publishing Group,English,"['Historical Fiction', 'Mystery', 'Fiction', 'Historical', 'Crime', 'Mystery Thriller', 'Historical Mystery']"
9780446401012,An Owl Too Many ,Charlotte MacLeod,Warner Books (NY),English,"['Mystery', 'Cozy Mystery', 'Fiction', 'Humor', 'Audiobook', 'Crime', 'Mystery Thriller']"
9780060515195,Anansi Boys,Neil Gaiman,HarperCollins HarperTorch,English,"['Fantasy', 'Fiction', 'Urban Fantasy', 'Mythology', 'Audiobook', 'Science Fiction Fantasy', 'Humor']"
9780061474095,Anathem,Neal Stephenson,William Morrow,English,"['Science Fiction', 'Fiction', 'Fantasy', 'Philosophy', 'Science Fiction Fantasy', 'Speculative Fiction', 'Audiobook']"
9780349109701,Ancient Evenings,Norman Mailer,Abacus,English,"['Fiction', 'Historical Fiction', 'Historical', 'Fantasy', 'Egypt', 'Literature', 'Novels']"
9780553522310,And I Darken ,Kiersten White,Delacorte Press,English,"['Fantasy', 'Historical Fiction', 'Young Adult', 'Historical', 'Romance', 'Fiction', 'Retellings']"
9780312241353,"And the Band Played On: Politics, People, and the AIDS Epidemic",Randy Shilts,Stonewall Inn Editions,English,"['Nonfiction', 'History', 'Politics', 'Science', 'LGBT', 'Medicine', 'Queer']"
9781848568556,Angel of Vengeance,Trevor O. Munson,Titan Books,English,"['Vampires', 'Fantasy', 'Urban Fantasy', 'Paranormal', 'Mystery', 'Thriller', 'Adult']"
9780007205233,Angela's Ashes ,Frank McCourt,Harper Perennial,English,"['Nonfiction', 'Memoir', 'Biography', 'Classics', 'Ireland', 'Autobiography', 'Biography Memoir']"
9780062002327,Angelfire ,Courtney Allison Moulton,HarperCollins / Katherine Tegen Books,English,"['Young Adult', 'Angels', 'Fantasy', 'Paranormal', 'Romance', 'Paranormal Romance', 'Urban Fantasy']"
9780670060269,Angelina Ballerina,Katharine Holabird,Viking Books for Young Readers,English,"['Picture Books', 'Childrens', 'Fiction', 'Animals', 'Classics', 'Fantasy', 'Family']"
9781416524793,Angels & Demons ,Dan Brown,Pocket Books,English,"['Fiction', 'Mystery', 'Thriller', 'Mystery Thriller', 'Suspense', 'Adventure', 'Crime']"
9780679751342,Angels and Insects,A.S. Byatt,Vintage,English,"['Fiction', 'Historical Fiction', 'Short Stories', 'Historical', 'Literary Fiction', 'Literature', 'Contemporary']"
9780399153723,Angels Fall,Nora Roberts,Putnam,English,"['Romance', 'Romantic Suspense', 'Mystery', 'Fiction', 'Suspense', 'Contemporary', 'Contemporary Romance']"
9780446607278,Angels Flight ,Michael Connelly,Grand Central Publishing,English,"['Mystery', 'Fiction', 'Crime', 'Thriller', 'Detective', 'Mystery Thriller', 'Audiobook']"
9781559362313,Angels in America,Tony Kushner,Theatre Communications Group,English,"['Plays', 'Drama', 'Fiction', 'LGBT', 'Queer', 'Classics', 'Theatre']"
9781559362313,Angels in America,Tony Kushner,Theatre Communications Group,English,"['Plays', 'Drama', 'Fiction', 'LGBT', 'Queer', 'Classics', 'Theatre']"
9780060288143,"Angus, Thongs and Full-Frontal Snogging ",Louise Rennison,HarperTeen,English,"['Young Adult', 'Fiction', 'Humor', 'Romance', 'Contemporary', 'Chick Lit', 'Teen']"
9780375724374,Anil's Ghost,Michael Ondaatje,Vintage,English,"['Fiction', 'Historical Fiction', 'Canada', 'Literary Fiction', 'Asia', 'Literature', 'Contemporary']"
9780060921149,Animal Dreams,Barbara Kingsolver,Harper Perennial,English,"['Fiction', 'Contemporary', 'Literary Fiction', 'Novels', 'Adult Fiction', 'Literature', 'Adult']"
9780810918689,Animalia,Graeme Base,Abrams Books for Young Readers,English,"['Picture Books', 'Childrens', 'Animals', 'Fiction', 'Art', 'Fantasy', 'Poetry']"
9780156031448,Animals in Translation: Using the Mysteries of Autism to Decode Animal Behavior ,Temple Grandin,Harcourt,English,"['Nonfiction', 'Animals', 'Science', 'Psychology', 'Autistic Spectrum Disorder', 'Dogs', 'Nature']"
9780525423270,Anna and the French Kiss ,Stephanie Perkins,Dutton Juvenile,English,"['Romance', 'Young Adult', 'Contemporary', 'Fiction', 'Chick Lit', 'Realistic Fiction', 'Contemporary Romance']"
9780765328656,Anna Dressed in Blood ,Kendare Blake,Tor Teen,English,"['Young Adult', 'Horror', 'Paranormal', 'Fantasy', 'Ghosts', 'Romance', 'Supernatural']"
9780671662349,Anne Frank Remembered,Miep Gies,Simon & Schuster,English,"['Nonfiction', 'History', 'Biography', 'Holocaust', 'Memoir', 'World War II', 'Classics']"
9780374404147,Annie on My Mind,Nancy Garden,"Farrar, Straus and Giroux (BYR)",English,"['LGBT', 'Young Adult', 'Romance', 'Fiction', 'Queer', 'Lesbian', 'Contemporary']"
9782290049662,Anno Dracula ,Kim Newman,J'ai lu,French,"['Horror', 'Fantasy', 'Vampires', 'Fiction', 'Historical Fiction', 'Alternate History', 'Steampunk']"
9780399210310,Anno's Flea Market,Mitsumasa Anno,Philomel,English,"['Picture Books', 'Fiction', 'Childrens']"
9788420633183,Antología poética 1923-1977,Jorge Luis Borges,Alianza Editorial,Spanish; Castilian,"['Poetry', 'Classics', 'Fiction', 'Literature', 'Spanish Literature']"
9781982169633,Anxious People,Fredrik Backman,Atria Publishing,English,"['Fiction', 'Contemporary', 'Audiobook', 'Mystery', 'Humor', 'Adult', 'Literary Fiction']"
9781400031009,Any Human Heart,William  Boyd,Vintage,English,"['Fiction', 'Historical Fiction', 'Historical', 'Literary Fiction', 'Novels', 'Classics', 'British Literature']"
9781250254337,Any Way the Wind Blows ,Rainbow Rowell,Wednesday Books,English,"['Fantasy', 'Young Adult', 'LGBT', 'Queer', 'Fiction', 'Magic', 'Vampires']"
9780812989403,Anything Is Possible ,Elizabeth Strout,Random House,English,"['Fiction', 'Short Stories', 'Literary Fiction', 'Audiobook', 'Contemporary', 'Novels', 'Adult']"
9781937053161,Apollyon ,Jennifer L. Armentrout,Spencer Hill Press,English,"['Fantasy', 'Young Adult', 'Paranormal', 'Romance', 'Mythology', 'Paranormal Romance', 'Greek Mythology']"
9781936305704,Appetizers ,Ivan Rusilko,Omnific Publishing,English,"['Contemporary Romance', 'Romance', 'Erotica', 'Erotic Romance', 'Adult', 'Contemporary', 'Love Story']"
9780743475617,Apricots on the Nile: A Memoir with Recipes,Colette Rossant,Atria Books,English,"['Nonfiction', 'Food', 'Memoir', 'Egypt', 'Travel', 'Biography', 'Cookbooks']"
9780751525670,Apt Pupil,Stephen King,Warner,English,"['Horror', 'Fiction', 'Thriller', 'Short Stories', 'Audiobook', 'Novella', 'Mystery']"
9780571169344,Arcadia,Tom Stoppard,Faber & Faber,English,"['Plays', 'Drama', 'Fiction', 'Theatre', 'Classics', 'Historical Fiction', 'School']"
9780441004324,Archangel ,Sharon Shinn,Berkley Publishing Group,English,"['Fantasy', 'Romance', 'Science Fiction', 'Fiction', 'Angels', 'Science Fiction Fantasy', 'Adult']"
9780575095779,Archangel's Consort ,Nalini Singh,Gollancz,English,"['Paranormal', 'Urban Fantasy', 'Romance', 'Paranormal Romance', 'Angels', 'Fantasy', 'Vampires']"
9780425233368,Archangel's Kiss ,Nalini Singh,Berkley Sensation,English,"['Paranormal', 'Urban Fantasy', 'Romance', 'Paranormal Romance', 'Fantasy', 'Angels', 'Vampires']"
9781538727379,Archer's Voice,Mia Sheridan,Forever,English,"['Romance', 'Contemporary', 'New Adult', 'Contemporary Romance', 'Fiction', 'Adult', 'Disability']"
9781250773586,Ariadne,Jennifer Saint,Flatiron Books,English,"['Mythology', 'Fantasy', 'Greek Mythology', 'Fiction', 'Historical Fiction', 'Retellings', 'Historical']"
9780912333397,Around the World in 80 Days: Companion to the Pbs Series,Michael Palin,Bay Books,English,"['Travel', 'Nonfiction', 'Audiobook', 'Adventure', 'Humor', 'Memoir', 'Biography']"
9780886773779,Arrow's Flight ,Mercedes Lackey,DAW,English,"['Fantasy', 'Fiction', 'Young Adult', 'Science Fiction Fantasy', 'Magic', 'High Fantasy', 'Epic Fantasy']"
9780886773786,Arrows of the Queen ,Mercedes Lackey,DAW Books,English,"['Fantasy', 'Fiction', 'Young Adult', 'High Fantasy', 'Science Fiction Fantasy', 'Magic', 'Adventure']"
9780553448122,Artemis,Andy Weir,Crown,English,"['Science Fiction', 'Fiction', 'Audiobook', 'Space', 'Science Fiction Fantasy', 'Adult', 'Fantasy']"
9780765329585,Article 5 ,Kristen Simmons,Tor Teen,English,"['Dystopia', 'Young Adult', 'Romance', 'Science Fiction', 'Fiction', 'Post Apocalyptic', 'Fantasy']"
9780771098826,As Birds Bring Forth the Sun and Other Stories,Alistair MacLeod,New Canadian Library,English,"['Short Stories', 'Fiction', 'Canada', 'Canadian Literature', 'Literary Fiction', 'Stories', '20th Century']"
9780399585968,As Bright as Heaven,Susan Meissner,Berkley,English,"['Historical Fiction', 'Fiction', 'Historical', 'Audiobook', 'Adult Fiction', 'Family', 'Adult']"
9780312997113,As the Crow Flies,Jeffrey Archer,St. Martin's Paperbacks,English,"['Fiction', 'Historical Fiction', 'Thriller', 'Mystery', 'Drama', 'Historical', 'Novels']"
9780007579099,Asa ,Jay Crownover,Harper Collins,English,"['Romance', 'New Adult', 'Contemporary', 'Contemporary Romance', 'Adult', 'Audiobook', 'Fiction']"
9781982106980,"Ask Again, Yes",Mary Beth Keane,Scribner,English,"['Fiction', 'Contemporary', 'Audiobook', 'Literary Fiction', 'Adult', 'Adult Fiction', 'Family']"
9780002246088,Assassin's Quest ,Robin Hobb,Bantam,English,"['Fantasy', 'Fiction', 'Epic Fantasy', 'High Fantasy', 'Dragons', 'Adventure', 'Magic']"
9780393609394,Astrophysics for People in a Hurry,Neil deGrasse Tyson,W. W. Norton & Company,English,"['Science', 'Nonfiction', 'Audiobook', 'Physics', 'Space', 'Astronomy', 'History']"
9781589190627,At Home in Mitford ,Jan Karon,RiverOak Publishing,English,"['Fiction', 'Christian Fiction', 'Christian', 'Adult Fiction', 'Contemporary', 'Inspirational', 'Adult']"
9780345329455,At the Mountains of Madness and Other Tales of Terror,H.P. Lovecraft,Del Rey,English,"['Horror', 'Fiction', 'Fantasy', 'Short Stories', 'Classics', 'Science Fiction', 'Lovecraftian']"
9781250855572,Atalanta,Jennifer Saint,Flatiron Books,English,"['Mythology', 'Fantasy', 'Greek Mythology', 'Fiction', 'Historical Fiction', 'Retellings', 'Historical']"
9780385721790,Atonement,Ian McEwan,Anchor Books,English,"['Fiction', 'Historical Fiction', 'Classics', 'Romance', 'Historical', 'War', 'Literary Fiction']"
9781417642168,Attack of the Deranged Mutant Killer Monster Snow Goons ,Bill Watterson,Turtleback Books,English,"['Comics', 'Humor', 'Graphic Novels', 'Fiction', 'Comic Strips', 'Comic Book', 'Graphic Novels Comics']"
9781400061280,Augustus: The Life of Rome's First Emperor,Anthony Everitt,Random House,English,"['History', 'Biography', 'Nonfiction', 'Ancient History', 'Historical', 'Ancient', 'Roman']"
9780140297997,Austerlitz,W.G. Sebald,Penguin Books Ltd,English,"['Fiction', 'Historical Fiction', 'German Literature', 'Germany', 'Novels', 'Literature', 'Holocaust']"
9780060755867,Avalon High,Meg Cabot,HarperTeen,English,"['Young Adult', 'Fantasy', 'Romance', 'Fiction', 'Chick Lit', 'Mythology', 'Retellings']"
9780609809839,Avoiding Prison and Other Noble Vacation Goals: Adventures in Love and Danger,Wendy Dale,Three Rivers Press,English,"['Travel', 'Nonfiction', 'Memoir', 'Humor', 'Essays']"
9780345476029,Await Your Reply,Dan Chaon,Ballantine Books,English,"['Fiction', 'Mystery', 'Thriller', 'Contemporary', 'Literary Fiction', 'Mystery Thriller', 'Novels']"
9780312939007,B is for Burglar ,Sue Grafton,St. Martin's Paperbacks,English,"['Mystery', 'Fiction', 'Crime', 'Mystery Thriller', 'Audiobook', 'Detective', 'Thriller']"
9780063021426,Babel,R.F. Kuang,Harper Voyager,English,"['Fantasy', 'Historical Fiction', 'Fiction', 'Historical', 'Adult', 'Audiobook', 'Historical Fantasy']"
9780380795116,"Baby, I'm Yours",Susan Andersen,Avon,English,"['Romance', 'Contemporary Romance', 'Contemporary', 'Chick Lit', 'Humor', 'Romantic Suspense', 'Fiction']"
9780345477248,Back When We Were Grownups,Anne Tyler,Ballantine Books,English,"['Fiction', 'Contemporary', 'Literary Fiction', 'Novels', 'Adult Fiction', 'Family', 'Audiobook']"
9780385425070,Backlash: The Undeclared War Against American Women,Susan Faludi,Anchor,English,"['Feminism', 'Nonfiction', 'Politics', 'History', 'Sociology', 'Womens', 'Gender']"
9780330373586,Bad Blood: A Walk Along the Irish Border,Colm Tóibín,Picador,English,"['Nonfiction', 'Ireland', 'History', 'Travel', 'Irish Literature', 'Memoir', 'Politics']"
9781481420761,Bad for You ,Abbi Glines,Simon Schuster Books for Young Readers,English,"['Romance', 'New Adult', 'Contemporary', 'Contemporary Romance', 'Young Adult', 'College', 'Music']"
9780061240416,Bad Monkeys,Matt Ruff,Harper,English,"['Fiction', 'Science Fiction', 'Fantasy', 'Mystery', 'Thriller', 'Crime', 'Speculative Fiction']"
9780749909222,Bad Moon Rising ,Sherrilyn Kenyon,Piatkus Books,English,"['Paranormal Romance', 'Paranormal', 'Romance', 'Fantasy', 'Vampires', 'Urban Fantasy', 'Shapeshifters']"
9780684853505,Bag of Bones,Stephen King,Scribner,English,"['Horror', 'Fiction', 'Thriller', 'Mystery', 'Fantasy', 'Paranormal', 'Suspense']"
9780316010733,"Ballad of the Whiskey Robber: A True Story of Bank Heists, Ice Hockey, Transylvanian Pelt Smuggling, Moonlighting Detectives, and Broken Hearts",Julian Rubinstein,Back Bay Books,English,"['Nonfiction', 'True Crime', 'History', 'Biography', 'Crime', 'Humor', 'Sports']"
9780061210020,Baltimore Blues ,Laura Lippman,William Morrow,English,"['Mystery', 'Fiction', 'Crime', 'Audiobook', 'Mystery Thriller', 'Thriller', 'Detective']"
9780385722209,Balzac and the Little Chinese Seamstress,Dai Sijie,Anchor Books,English,"['Fiction', 'Historical Fiction', 'China', 'Historical', 'Books About Books', 'Novels', 'Asian Literature']"
9780385722209,Balzac and the Little Chinese Seamstress,Dai Sijie,Anchor Books,English,"['Fiction', 'Historical Fiction', 'China', 'Historical', 'Books About Books', 'Novels', 'Asian Literature']"
9781569313206,"Banana Fish, Vol. 1",Akimi Yoshida,VIZ Media LLC,English,"['Manga', 'Graphic Novels', 'Comics', 'LGBT', 'Queer', 'Mystery', 'Shojo']"
9780743464116,"Band of Brothers: E Company, 506th Regiment, 101st Airborne from Normandy to Hitler's Eagle's Nest",Stephen E. Ambrose,Simon & Schuster; Media Tie-In edition,English,"['History', 'Nonfiction', 'War', 'Military Fiction', 'World War II', 'Military History', 'Historical']"
9781400032907,Bangkok 8 ,John Burdett,Vintage Crime/Black Lizard,English,"['Mystery', 'Fiction', 'Crime', 'Thriller', 'Asia', 'Mystery Thriller', 'Detective']"
9780399127786,Banker,Dick Francis,G.P. Putnam's Sons,English,"['Mystery', 'Fiction', 'Thriller', 'Crime', 'Mystery Thriller', 'Horses', 'Suspense']"
9780060536350,Barbarians at the Gate: The Fall of RJR Nabisco,Bryan Burrough,HarperBus,English,"['Business', 'Nonfiction', 'Finance', 'History', 'Economics', 'Buisness', 'Biography']"
9780812585155,Bard: The Odyssey of the Irish,Morgan Llywelyn,Tor Books,English,"['Historical Fiction', 'Fantasy', 'Fiction', 'Ireland', 'Historical', 'Irish Literature', 'Mythology']"
9780743453004,Bare Bones ,Kathy Reichs,Pocket Star,English,"['Mystery', 'Crime', 'Fiction', 'Thriller', 'Mystery Thriller', 'Suspense', 'Murder Mystery']"
9780701162726,Barney's Version,Mordecai Richler,Chatto & Windus,English,"['Fiction', 'Canada', 'Contemporary', 'Humor', 'Canadian Literature', 'Novels', 'Literary Fiction']"
9780743468411,Barrayar ,Lois McMaster Bujold,Gardners Books,English,"['Science Fiction', 'Fiction', 'Space Opera', 'Hugo Awards', 'Audiobook', 'Fantasy', 'Romance']"
9780316779425,Barrel Fever: Stories and Essays,David Sedaris,Back Bay Books,English,"['Humor', 'Nonfiction', 'Essays', 'Short Stories', 'Memoir', 'Comedy', 'Audiobook']"
9780452287051,Bastard Out of Carolina,Dorothy Allison,Plume,English,"['Fiction', 'Classics', 'Southern', 'Coming Of Age', 'Literary Fiction', 'Novels', 'Queer']"
9780399549786,Batman: Nightwalker,Marie Lu,Random House Books for Young Readers,English,"['Young Adult', 'Fantasy', 'Superheroes', 'Fiction', 'Retellings', 'Science Fiction', 'Mystery']"
9781563893414,Batman: The Dark Knight Returns,Frank Miller,DC Comics,English,"['Comics', 'Graphic Novels', 'Batman', 'Fiction', 'Graphic Novels Comics', 'Comic Book', 'Dc Comics']"
9781563893414,Batman: The Dark Knight Returns,Frank Miller,DC Comics,English,"['Comics', 'Graphic Novels', 'Batman', 'Fiction', 'Graphic Novels Comics', 'Comic Book', 'Dc Comics']"
9781401207526,Batman: Year One,Frank Miller,DC Comics,English,"['Comics', 'Graphic Novels', 'Batman', 'Fiction', 'Dc Comics', 'Graphic Novels Comics', 'Comic Book']"
9780195168952,Battle Cry of Freedom,James M. McPherson,Oxford University Press,English,"['History', 'Nonfiction', 'Civil War', 'American History', 'War', 'American Civil War', 'Military History']"
9780373806768,Battle Prize,Stephanie James,Harlequin Books,English,"['Romance', 'Contemporary', 'Contemporary Romance']"
9781569317785,Battle Royale,Koushun Takami,"VIZ, LLC",English,"['Horror', 'Fiction', 'Dystopia', 'Science Fiction', 'Thriller', 'Young Adult', 'Japan']"
9780156029063,Baudolino,Umberto Eco,"Harcourt, Inc.",English,"['Fiction', 'Historical Fiction', 'Fantasy', 'Literature', 'Historical', 'Italian Literature', 'Medieval']"
9780062413710,Be Frank With Me,Julia Claiborne Johnson,Mariner Books,English,"['Fiction', 'Audiobook', 'Contemporary', 'Humor', 'Adult Fiction', 'Adult', 'Realistic Fiction']"
9798649157605,Be My Brayshaw ,Meagan Brandy,Independently Published,English,"['Romance', 'High School', 'New Adult', 'Contemporary', 'Young Adult', 'Contemporary Romance', 'Dark']"
9780553381535,Beach Music,Pat Conroy,Dial Press Trade Paperback,English,"['Fiction', 'Southern', 'Historical Fiction', 'Contemporary', 'Drama', 'Literature', 'Novels']"
9781984806734,Beach Read,Emily Henry,Berkley,English,"['Romance', 'Contemporary', 'Fiction', 'Contemporary Romance', 'Adult', 'Audiobook', 'Chick Lit']"
9780060594770,Beaches,Iris Rainer Dart,William Morrow Paperbacks,English,"['Fiction', 'Chick Lit', 'Romance', 'Drama', 'Womens Fiction', 'Contemporary', 'Adult Fiction']"
9780345313157,Bearing an Hourglass ,Piers Anthony,Del Rey/Ballantine Books,English,"['Fantasy', 'Fiction', 'Science Fiction', 'Science Fiction Fantasy', 'Urban Fantasy', 'Time Travel', 'Magic']"
9780060874162,Beastly ,Alex Flinn,HarperTeen,English,"['Fantasy', 'Young Adult', 'Romance', 'Fairy Tales', 'Retellings', 'Fiction', 'Paranormal']"
9781476730103,Beautiful Bastard ,Christina Lauren,Gallery Books,English,"['Romance', 'Contemporary', 'Contemporary Romance', 'Erotica', 'Adult', 'New Adult', 'Fiction']"
9781476791654,Beautiful Beloved ,Christina Lauren,Pocket Star,English,"['Romance', 'Contemporary Romance', 'Contemporary', 'Novella', 'Erotica', 'New Adult', 'Adult']"
9780316123525,Beautiful Chaos ,Kami Garcia,"Little, Brown and Company",English,"['Fantasy', 'Young Adult', 'Paranormal', 'Romance', 'Magic', 'Fiction', 'Supernatural']"
9780316042673,Beautiful Creatures ,Kami Garcia,"Little, Brown and Company",English,"['Fantasy', 'Young Adult', 'Paranormal', 'Romance', 'Fiction', 'Magic', 'Supernatural']"
9780316077057,Beautiful Darkness ,Kami Garcia,"Little, Brown and Company",English,"['Fantasy', 'Young Adult', 'Paranormal', 'Romance', 'Magic', 'Fiction', 'Supernatural']"
9781502541857,Beautiful Redemption ,Jamie McGuire,Jamie McGuire,English,"['Romance', 'New Adult', 'Contemporary', 'Contemporary Romance', 'Adult', 'Young Adult', 'Fiction']"
9780061928123,Beautiful Ruins,Jess Walter,Harper,English,"['Fiction', 'Historical Fiction', 'Italy', 'Romance', 'Audiobook', 'Contemporary', 'Book Club']"
9781476778013,Beautiful Secret ,Christina Lauren,Gallery Books,English,"['Romance', 'Contemporary Romance', 'Contemporary', 'New Adult', 'Adult', 'Audiobook', 'Humor']"
9781476731537,Beautiful Stranger ,Christina Lauren,Gallery Books,English,"['Romance', 'Contemporary Romance', 'Contemporary', 'Erotica', 'Adult', 'New Adult', 'Erotic Romance']"
9780374602604,"Beautiful World, Where Are You",Sally Rooney,"Farrar, Straus and Giroux",English,"['Fiction', 'Contemporary', 'Romance', 'Literary Fiction', 'Audiobook', 'Adult', 'Ireland']"
9781482348736,Beauty from Pain ,Georgia Cates,Georgia Cates,English,"['Romance', 'Erotica', 'Contemporary', 'Contemporary Romance', 'New Adult', 'Adult', 'Erotic Romance']"
9780763616052,Because of Winn-Dixie,Kate DiCamillo,Candlewick Press,English,"['Fiction', 'Childrens', 'Middle Grade', 'Realistic Fiction', 'Young Adult', 'Classics', 'Animals']"
9780385498807,Bee Season,Myla Goldberg,Knopf Doubleday Publishing Group,English,"['Fiction', 'Jewish', 'Contemporary', 'Adult Fiction', 'Coming Of Age', 'Book Club', 'Novels']"
9780385613460,Before I Die,Jenny Downham,David Fickling Books,English,"['Young Adult', 'Contemporary', 'Romance', 'Fiction', 'Realistic Fiction', 'Death', 'Teen']"
9780061726811,Before I Fall,Lauren Oliver,HarperCollins,English,"['Young Adult', 'Contemporary', 'Fiction', 'Romance', 'Fantasy', 'Paranormal', 'Realistic Fiction']"
9781455561780,Before the Fall,Noah Hawley,Grand Central Publishing,English,"['Fiction', 'Mystery', 'Thriller', 'Mystery Thriller', 'Audiobook', 'Suspense', 'Contemporary']"
9781400095810,Before the Frost ,Henning Mankell,Vintage Crime/Black Lizard,English,"['Mystery', 'Crime', 'Fiction', 'Thriller', 'Scandinavian Literature', 'Sweden', 'Nordic Noir']"
9780575077881,Before They Are Hanged ,Joe Abercrombie,Gollancz,English,"['Fantasy', 'Fiction', 'Epic Fantasy', 'High Fantasy', 'Audiobook', 'Dark Fantasy', 'Adventure']"
9780425284681,Before We Were Yours,Lisa Wingate,Ballantine Books,English,"['Historical Fiction', 'Fiction', 'Audiobook', 'Historical', 'Book Club', 'Adult', 'Adult Fiction']"
9780060733483,Beggars in Spain ,Nancy Kress,Harper Voyager,,"['Science Fiction', 'Fiction', 'Speculative Fiction', 'Science Fiction Fantasy', 'Dystopia', 'Fantasy', 'Audiobook']"
9780060733483,Beggars in Spain ,Nancy Kress,Harper Voyager,,"['Science Fiction', 'Fiction', 'Speculative Fiction', 'Science Fiction Fantasy', 'Dystopia', 'Fantasy', 'Audiobook']"
9780061139079,Beguilement ,Lois McMaster Bujold,Harper Voyager,English,"['Fantasy', 'Romance', 'Fiction', 'Fantasy Romance', 'Science Fiction Fantasy', 'Magic', 'Audiobook']"
9781250121004,Behind Closed Doors,B.A. Paris,St. Martin's Press,English,"['Thriller', 'Fiction', 'Mystery', 'Mystery Thriller', 'Suspense', 'Audiobook', 'Psychological Thriller']"
9781250111173,Behind Her Eyes,Sarah Pinborough,Flatiron Books,English,"['Thriller', 'Mystery', 'Fiction', 'Mystery Thriller', 'Audiobook', 'Suspense', 'Psychological Thriller']"
9780345403957,Belgarath the Sorcerer,David Eddings,Del Rey Books,English,"['Fantasy', 'Fiction', 'Epic Fantasy', 'Science Fiction Fantasy', 'High Fantasy', 'Young Adult', 'Magic']"
9780553562965,Bellwether,Connie Willis,Spectra,English,"['Science Fiction', 'Fiction', 'Humor', 'Romance', 'Audiobook', 'Fantasy', 'Science Fiction Fantasy']"
9780061240270,Belong to Me ,Marisa de los Santos,William Morrow,English,"['Fiction', 'Chick Lit', 'Romance', 'Contemporary', 'Adult', 'Adult Fiction', 'Audiobook']"
9781400033416,Beloved,Toni Morrison,Vintage,English,"['Fiction', 'Classics', 'Historical Fiction', 'Magical Realism', 'Literature', 'Historical', 'School']"
9781503943377,Beneath a Scarlet Sky,Mark T. Sullivan,Lake Union Publishing,English,"['Historical Fiction', 'Fiction', 'World War II', 'Historical', 'War', 'Italy', 'Audiobook']"
9780765393586,Beneath the Sugar Sky ,Seanan McGuire,tor.com,English,"['Fantasy', 'Young Adult', 'Fiction', 'Audiobook', 'Novella', 'LGBT', 'Queer']"
9780743533652,Benjamin Franklin: An American Life,Walter Isaacson,Simon & Schuster Audio,English,"['Biography', 'History', 'Nonfiction', 'American History', 'Biography Memoir', 'Politics', 'American Revolution']"
9780553156553,Best Friends ,Francine Pascal,Bantam,English,"['Young Adult', 'Childrens', 'Fiction', 'Middle Grade', 'Teen', 'Realistic Fiction', 'Contemporary']"
9780743294294,Best Friends Forever,Jennifer Weiner,Atria Books,English,"['Chick Lit', 'Fiction', 'Romance', 'Contemporary', 'Adult Fiction', 'Adult', 'Audiobook']"
9780425178577,Betrayal in Death ,J.D. Robb,Berkley Books,English,"['Mystery', 'Romance', 'Crime', 'Romantic Suspense', 'Fiction', 'Futuristic', 'Suspense']"
9780763627102,Betrayal on Orbis 2 ,P.J. Haarsma,Candlewick Press,English,"['Science Fiction', 'Young Adult', 'Fiction', 'Adventure', 'Fantasy', 'Middle Grade', 'Space']"
9780312360283,Betrayed ,P.C. Cast,St. Martin's Griffin,English,"['Young Adult', 'Vampires', 'Fantasy', 'Paranormal', 'Romance', 'Fiction', 'Supernatural']"
9780312426057,Beyond Black,Hilary Mantel,Picador,English,"['Fiction', 'Fantasy', 'Horror', 'Contemporary', 'Literary Fiction', 'Novels', 'Ghosts']"
9780345446671,Beyond the Blue Event Horizon ,Frederik Pohl,Ballantine Books,English,"['Science Fiction', 'Fiction', 'Space Opera', 'Science Fiction Fantasy', 'Fantasy', 'Aliens', 'Adventure']"
9780060525132,Big Boned ,Meg Cabot,William Morrow Paperbacks,English,"['Chick Lit', 'Mystery', 'Romance', 'Fiction', 'Contemporary', 'Adult', 'Humor']"
9781982153083,Big Swiss,Jen Beagin,Scribner,English,"['Fiction', 'Contemporary', 'LGBT', 'Romance', 'Literary Fiction', 'Queer', 'Audiobook']"
9780452280021,Billy Bathgate,E.L. Doctorow,Plume,English,"['Fiction', 'Historical Fiction', 'Crime', 'Literature', 'Literary Fiction', 'American', 'Novels']"
9781982173616,Billy Summers,Stephen King,Scribner,English,"['Fiction', 'Thriller', 'Horror', 'Mystery', 'Crime', 'Mystery Thriller', 'Audiobook']"
9780679776819,Birdsong,Sebastian Faulks,Vintage International,English,"['Historical Fiction', 'Fiction', 'War', 'Classics', 'Historical', 'Romance', 'World War I']"
9781596435698,Birthmarked ,Caragh M. O'Brien,Roaring Brook Press,English,"['Young Adult', 'Dystopia', 'Fantasy', 'Science Fiction', 'Fiction', 'Romance', 'Post Apocalyptic']"
9780061779725,Bite Me ,Christopher Moore,HarperCollins William Morrow,English,"['Humor', 'Fiction', 'Fantasy', 'Vampires', 'Comedy', 'Paranormal', 'Urban Fantasy']"
9780452286030,Bitten ,Kelley Armstrong,Plume Books,English,"['Urban Fantasy', 'Fantasy', 'Paranormal', 'Romance', 'Werewolves', 'Paranormal Romance', 'Fiction']"
9780140113051,Bitter Medicine ,Sara Paretsky,Penguin,English,"['Mystery', 'Fiction', 'Crime', 'Mystery Thriller', 'Thriller', 'Detective', 'Suspense']"
9780803734739,Bitterblue ,Kristin Cashore,Dial,English,"['Fantasy', 'Young Adult', 'Romance', 'Fiction', 'Young Adult Fantasy', 'High Fantasy', 'Magic']"
9780986138546,Black Balled,Andrea  Smith,Andrea Smith,English,"['M M Romance', 'Romance', 'Contemporary', 'LGBT', 'Gay', 'Contemporary Romance', 'M M Contemporary']"
9780451236715,Black Dawn ,Rachel Caine,Penguin New American Library,English,"['Vampires', 'Young Adult', 'Paranormal', 'Fantasy', 'Urban Fantasy', 'Romance', 'Supernatural']"
9780385494328,Black Dogs,Ian McEwan,Anchor,English,"['Fiction', 'Contemporary', 'British Literature', 'Literature', 'Literary Fiction', 'Historical Fiction', 'Novels']"
9781511798334,Black Keys ,Rose B. Mashal,,English,"['Romance', 'Contemporary Romance', 'Contemporary', 'Amazon', 'Fiction', 'Religion', 'Drama']"
9780735220171,"Black Leopard, Red Wolf ",Marlon James,Riverhead Books,English,"['Fantasy', 'Fiction', 'Mythology', 'Adult', 'LGBT', 'Africa', 'Science Fiction Fantasy']"
9780449225042,Black Lightning,John Saul,Random House Inc,English,"['Horror', 'Fiction', 'Mystery', 'Thriller', 'Suspense', 'Adult', 'Paranormal']"
9780061138034,Black Magic Sanction ,Kim Harrison,Eos,English,"['Urban Fantasy', 'Fantasy', 'Paranormal', 'Vampires', 'Witches', 'Magic', 'Demons']"
9781534437678,Black Sun ,Rebecca Roanhorse,Saga Press,English,"['Fantasy', 'Fiction', 'LGBT', 'Adult', 'Science Fiction', 'Queer', 'Audiobook']"
9780756403140,Black Sun Rising ,C.S. Friedman,DAW,English,"['Fantasy', 'Science Fiction', 'Fiction', 'Epic Fantasy', 'Dark Fantasy', 'High Fantasy', 'Science Fiction Fantasy']"
9780812974010,Black Swan Green,David Mitchell,Random House,English,"['Fiction', 'Coming Of Age', 'Contemporary', 'Literary Fiction', 'Young Adult', 'British Literature', 'Novels']"
9781592854684,Blackout Girl: Growing Up and Drying Out in America,Jennifer Storm,Hazelden Publishing,English,"['Memoir', 'Nonfiction', 'Mental Health', 'Biography', 'Mental Illness', 'Biography Memoir', 'Psychology']"
9780099446729,Blackwood Farm ,Anne Rice,Arrow books,English,"['Horror', 'Vampires', 'Fantasy', 'Fiction', 'Paranormal', 'Supernatural', 'Witches']"
9781891830433,Blankets,Craig Thompson,Top Shelf Productions,English,"['Graphic Novels', 'Comics', 'Fiction', 'Young Adult', 'Romance', 'Graphic Novels Comics', 'Coming Of Age']"
9780385511612,Bleachers,John Grisham,Doubleday,English,"['Fiction', 'Sports', 'Football', 'Mystery', 'Thriller', 'Contemporary', 'Novels']"
2940150877634,Bleeding Love ,Harper Sloan,Harper Sloan,English,"['Romance', 'Contemporary Romance', 'Contemporary', 'New Adult', 'Military Fiction', 'Erotica', 'Family']"
9780345468697,Blessings,Anna Quindlen,Fawcett,English,"['Fiction', 'Contemporary', 'Family', 'Adult Fiction', 'Book Club', 'Chick Lit', 'Adult']"
9780765312181,Blindsight ,Peter Watts,Tor Books,English,"['Science Fiction', 'Fiction', 'Horror', 'Vampires', 'Aliens', 'Fantasy', 'Space']"
9780380820887,Blindsighted ,Karin Slaughter,HarperTorch,English,"['Mystery', 'Thriller', 'Crime', 'Fiction', 'Mystery Thriller', 'Suspense', 'Audiobook']"
9782253152859,Blonde,Joyce Carol Oates,Le Livre de Poche,French,"['Fiction', 'Historical Fiction', 'Historical', 'Novels', 'Literary Fiction', 'American', 'Literature']"
9782253152859,Blonde,Joyce Carol Oates,Le Livre de Poche,French,"['Fiction', 'Historical Fiction', 'Historical', 'Novels', 'Literary Fiction', 'American', 'Literature']"
9780440226680,Blood and Chocolate,Annette Curtis Klause,Laurel Leaf,English,"['Young Adult', 'Fantasy', 'Romance', 'Paranormal', 'Werewolves', 'Urban Fantasy', 'Fiction']"
9780441014736,Blood Bound ,Patricia Briggs,Ace,English,"['Urban Fantasy', 'Fantasy', 'Paranormal', 'Vampires', 'Romance', 'Werewolves', 'Paranormal Romance']"
9780515143805,Blood Brothers ,Nora Roberts,Jove Books,English,"['Romance', 'Paranormal', 'Fantasy', 'Paranormal Romance', 'Fiction', 'Mystery', 'Contemporary Romance']"
9781641971584,Blood Heir ,Ilona Andrews,NYLA,English,"['Urban Fantasy', 'Fantasy', 'Paranormal', 'Magic', 'Romance', 'Vampires', 'Shapeshifters']"
9780425183755,Blood Lure ,Nevada Barr,Berkley,English,"['Mystery', 'Fiction', 'Mystery Thriller', 'Thriller', 'Crime', 'Suspense', 'Audiobook']"
9780425183755,Blood Lure ,Nevada Barr,Berkley,English,"['Mystery', 'Fiction', 'Mystery Thriller', 'Thriller', 'Crime', 'Suspense', 'Audiobook']"
9781596871069,Blood Music,Greg Bear,Ibooks,English,"['Science Fiction', 'Fiction', 'Horror', 'Cyberpunk', 'Science Fiction Fantasy', 'Speculative Fiction', 'Novels']"
9780812551471,Blood of the Fold ,Terry Goodkind,TOR,English,"['Fantasy', 'Fiction', 'Epic Fantasy', 'High Fantasy', 'Science Fiction Fantasy', 'Magic', 'Adventure']"
9781595141989,Blood Promise ,Richelle Mead,Razorbill,English,"['Young Adult', 'Fantasy', 'Vampires', 'Paranormal', 'Romance', 'Urban Fantasy', 'Paranormal Romance']"
9781442429987,Blood Red Road ,Moira Young,Margaret K. McElderry Books,English,"['Young Adult', 'Dystopia', 'Fantasy', 'Romance', 'Science Fiction', 'Post Apocalyptic', 'Adventure']"
9780451459879,Blood Rites ,Jim Butcher,Ace,English,"['Fantasy', 'Urban Fantasy', 'Fiction', 'Mystery', 'Paranormal', 'Magic', 'Vampires']"
9780440204206,Blood Shot ,Sara Paretsky,Dell,English,"['Mystery', 'Fiction', 'Crime', 'Mystery Thriller', 'Detective', 'Thriller', 'Noir']"
9780446690447,Blood Work ,Michael Connelly,Warner Books,English,"['Mystery', 'Fiction', 'Crime', 'Thriller', 'Mystery Thriller', 'Detective', 'Suspense']"
9780385339162,Bloodfever ,Karen Marie Moning,Delacorte Press,English,"['Fantasy', 'Urban Fantasy', 'Paranormal', 'Romance', 'Fae', 'Paranormal Romance', 'Adult']"
9780375814693,Bloodhound ,Tamora Pierce,Random House,English,"['Fantasy', 'Young Adult', 'Fiction', 'Magic', 'Mystery', 'Young Adult Fantasy', 'Adventure']"
9781595143174,Bloodlines ,Richelle Mead,Razorbill,English,"['Young Adult', 'Fantasy', 'Vampires', 'Paranormal', 'Romance', 'Urban Fantasy', 'Magic']"
9781534441637,Bloodmarked ,Tracy Deonn,Simon Schuster Books for Young Readers,English,"['Fantasy', 'Young Adult', 'Romance', 'Fiction', 'Young Adult Fantasy', 'Urban Fantasy', 'Retellings']"
9780515134469,Bloody Bones ,Laurell K. Hamilton,Berkley,English,"['Urban Fantasy', 'Vampires', 'Fantasy', 'Paranormal', 'Romance', 'Horror', 'Paranormal Romance']"
9780152050856,Bloody Jack ,L.A. Meyer,HMH Books for Young Readers,English,"['Historical Fiction', 'Young Adult', 'Adventure', 'Pirates', 'Fiction', 'Historical', 'Audiobook']"
9780316107105,Bloom County: Loose Tails,Berkeley Breathed,"Little, Brown and Company",English,"['Comics', 'Humor', 'Fiction', 'Comic Strips', 'Graphic Novels', 'Cartoon', 'Comedy']"
9781250276698,Bloomsbury Girls,Natalie Jenner,St. Martin's Press,English,"['Historical Fiction', 'Fiction', 'Books About Books', 'Historical', 'Audiobook', 'British Literature', 'Adult Fiction']"
9780786838929,Blue Bloods ,Melissa de la Cruz,Hyperion,English,"['Young Adult', 'Vampires', 'Fantasy', 'Paranormal', 'Romance', 'Supernatural', 'Fiction']"
9780785263708,Blue Like Jazz: Nonreligious Thoughts on Christian Spirituality,Donald Miller,Thomas Nelson Publishers (17 July 2003),English,"['Nonfiction', 'Christian', 'Religion', 'Christianity', 'Faith', 'Spirituality', 'Memoir']"
9780312532765,Blue Moon ,Alyson Noel,St. Martin's Griffin,English,"['Young Adult', 'Fantasy', 'Paranormal', 'Romance', 'Paranormal Romance', 'Supernatural', 'Fiction']"
9780515134452,Blue Moon ,Laurell K. Hamilton,Berkley,English,"['Urban Fantasy', 'Vampires', 'Fantasy', 'Paranormal', 'Romance', 'Paranormal Romance', 'Horror']"
9780060519599,Blue Noon ,Scott Westerfeld,HarperTeen,English,"['Young Adult', 'Fantasy', 'Paranormal', 'Fiction', 'Urban Fantasy', 'Science Fiction', 'Supernatural']"
9780060519599,Blue Noon ,Scott Westerfeld,HarperTeen,English,"['Young Adult', 'Fantasy', 'Paranormal', 'Fiction', 'Urban Fantasy', 'Science Fiction', 'Supernatural']"
9780449207666,Bluegate Fields ,Anne Perry,Fawcett Crest Book,English,"['Mystery', 'Historical Fiction', 'Historical Mystery', 'Historical', 'Fiction', 'Victorian', 'Mystery Thriller']"
9780743493918,Body of Evidence ,Patricia Cornwell,Pocket Books,English,"['Mystery', 'Crime', 'Fiction', 'Thriller', 'Mystery Thriller', 'Suspense', 'Murder Mystery']"
9781400079933,Bold Spirit: Helga Estby's Forgotten Walk Across Victorian America,Linda Lawrence Hunt,Anchor,English,"['Nonfiction', 'History', 'Biography', 'Travel', 'Adventure', 'Womens', 'Memoir']"
9780425202883,Bolt ,Dick Francis,G.P. Putnam's Sons,English,"['Mystery', 'Fiction', 'Thriller', 'Crime', 'Mystery Thriller', 'Suspense', 'Horses']"
9780425202883,Bolt ,Dick Francis,G.P. Putnam's Sons,English,"['Mystery', 'Fiction', 'Thriller', 'Crime', 'Mystery Thriller', 'Suspense', 'Horses']"
9781841496863,Bone Crossed ,Patricia Briggs,Orbit,English,"['Urban Fantasy', 'Fantasy', 'Paranormal', 'Vampires', 'Romance', 'Werewolves', 'Paranormal Romance']"
9781888963007,"Bone, Volume 4: The Dragonslayer ",Jeff Smith,Cartoon Books,English,"['Graphic Novels', 'Comics', 'Fantasy', 'Fiction', 'Young Adult', 'Humor', 'Adventure']"
9780963660947,Bone: Out From Boneville ,Jeff Smith,Cartoon Books,English,"['Graphic Novels', 'Comics', 'Fantasy', 'Fiction', 'Adventure', 'Young Adult', 'Humor']"
9780312873127,Bones of the Moon ,Jonathan Carroll,Orb Books,English,"['Fantasy', 'Fiction', 'Magical Realism', 'Horror', 'Urban Fantasy', 'Speculative Fiction', 'Contemporary']"
9780743294379,Bones to Ashes ,Kathy Reichs,Scribner Book Company,English,"['Mystery', 'Fiction', 'Crime', 'Thriller', 'Mystery Thriller', 'Suspense', 'Murder Mystery']"
9780393064643,Bonk: The Curious Coupling of Science and Sex,Mary Roach,W. W. Norton Company,English,"['Nonfiction', 'Science', 'Humor', 'Sexuality', 'Psychology', 'History', 'Biology']"
9781599900513,Book of a Thousand Days,Shannon Hale,Bloomsbury Children's Books,English,"['Fantasy', 'Young Adult', 'Romance', 'Fiction', 'Fairy Tales', 'Retellings', 'Historical Fiction']"
9781250812193,Book of Night ,Holly Black,Tor Books,English,"['Fantasy', 'Urban Fantasy', 'Fiction', 'Adult', 'Mystery', 'Paranormal', 'Magic']"
9780743410656,Booked to Die ,John Dunning,Pocket Star,English,"['Mystery', 'Fiction', 'Books About Books', 'Mystery Thriller', 'Crime', 'Thriller', 'Detective']"
9780425165584,Books of Blood: Volumes One to Three ,Clive Barker,Berkley Books,English,"['Horror', 'Short Stories', 'Fiction', 'Fantasy', 'Anthologies', 'Thriller', 'Supernatural']"
9780425165584,Books of Blood: Volumes One to Three ,Clive Barker,Berkley Books,English,"['Horror', 'Short Stories', 'Fiction', 'Fantasy', 'Anthologies', 'Thriller', 'Supernatural']"
9781734099713,Boot: A Sorta Novel of Vietnam,Charles L. Templeton,Sewell Publishing,English,"['Fiction', 'Historical Fiction', 'War', 'American History']"
9780786223275,Bootlegger's Daughter ,Margaret Maron,Thorndike Press,English,"['Mystery', 'Fiction', 'Mystery Thriller', 'Southern', 'Crime', 'Cozy Mystery', 'Thriller']"
9781879960565,Borderlands: The New Mestiza = La Frontera,Gloria E. Anzaldúa,Aunt Lute Books,English,"['Poetry', 'Nonfiction', 'Feminism', 'Theory', 'Race', 'Queer', 'Memoir']"
9780385315081,Borderliners,Peter Høeg,Delta,English,"['Fiction', 'Contemporary', 'Denmark', 'Mystery', 'Scandinavian Literature', 'Novels', 'Danish']"
9780671720933,Borders of Infinity ,Lois McMaster Bujold,Baen Books,English,"['Science Fiction', 'Fiction', 'Space Opera', 'Short Stories', 'Science Fiction Fantasy', 'Audiobook', 'Adventure']"
9780312624675,Born at Midnight ,C.C. Hunter,St. Martin's Griffin,English,"['Fantasy', 'Young Adult', 'Paranormal', 'Vampires', 'Romance', 'Werewolves', 'Supernatural']"
9780425215685,Born in Death ,J.D. Robb,Berkley Books,English,"['Mystery', 'Romance', 'Crime', 'Fiction', 'Romantic Suspense', 'Futuristic', 'Suspense']"
9781590865378,Born In Trilogy Collection ,Nora Roberts,Brilliance Audio,English,"['Romance', 'Fiction', 'Contemporary', 'Contemporary Romance', 'Ireland', 'Chick Lit', 'Paranormal']"
9780062076083,Bound by Flames ,Jeaniene Frost,Avon,English,"['Vampires', 'Paranormal', 'Romance', 'Paranormal Romance', 'Urban Fantasy', 'Fantasy', 'Adult']"
9780671016999,Boundary Waters ,William Kent Krueger,Pocket Star,English,"['Mystery', 'Fiction', 'Thriller', 'Audiobook', 'Crime', 'Mystery Thriller', 'Suspense']"
9780671016999,Boundary Waters ,William Kent Krueger,Pocket Star,English,"['Mystery', 'Fiction', 'Thriller', 'Audiobook', 'Crime', 'Mystery Thriller', 'Suspense']"
9780061996207,Boundless ,Cynthia Hand,HarperTeen,English,"['Young Adult', 'Fantasy', 'Angels', 'Paranormal', 'Romance', 'Paranormal Romance', 'Supernatural']"
9780061996207,Boundless ,Cynthia Hand,HarperTeen,English,"['Young Adult', 'Fantasy', 'Angels', 'Paranormal', 'Romance', 'Paranormal Romance', 'Supernatural']"
9781846686627,Boy A,Jonathan Trigell,Serpent's Tail,English,"['Fiction', 'Crime', 'Young Adult', 'Contemporary', 'Mystery', 'Literary Fiction', 'Novels']"
9780330418874,Boy Meets Girl ,Meg Cabot,Pan,English,"['Chick Lit', 'Romance', 'Fiction', 'Contemporary', 'Contemporary Romance', 'Adult', 'Humor']"
9780141311401,Boy: Tales of Childhood ,Roald Dahl,Puffin Books,English,"['Nonfiction', 'Biography', 'Memoir', 'Childrens', 'Autobiography', 'Classics', 'Biography Memoir']"
9781728206141,Boyfriend Material ,Alexis  Hall,Sourcebooks Casablanca,English,"['LGBT', 'Contemporary', 'Queer', 'Fiction', 'Audiobook', 'M M Romance', 'Adult']"
9781728206141,Boyfriend Material ,Alexis  Hall,Sourcebooks Casablanca,English,"['LGBT', 'Contemporary', 'Queer', 'Fiction', 'Audiobook', 'M M Romance', 'Adult']"
9780451157973,Brain,Robin Cook,SIGNET BOOKS,English,"['Fiction', 'Thriller', 'Medical', 'Mystery', 'Horror', 'Suspense', 'Science Fiction']"
9780553272833,Brazen Virtue ,Nora Roberts,Bantam,English,"['Romance', 'Romantic Suspense', 'Mystery', 'Fiction', 'Contemporary Romance', 'Contemporary', 'Suspense']"
9780380780495,Brazzaville Beach,William  Boyd,Perennial,English,"['Fiction', 'Africa', 'Contemporary', 'Literary Fiction', 'Literature', 'Novels', 'Historical Fiction']"
9780425199930,Break In ,Dick Francis,G.P. Putnam's Sons,English,"['Mystery', 'Fiction', 'Thriller', 'Mystery Thriller', 'Crime', 'Suspense', 'Horses']"
9780743233491,Break No Bones ,Kathy Reichs,Scribner Book Company,English,"['Mystery', 'Crime', 'Fiction', 'Thriller', 'Mystery Thriller', 'Suspense', 'Murder Mystery']"
9780425266861,Breakable ,Tammara Webber,Penguin Berkley,English,"['New Adult', 'Romance', 'Contemporary', 'Young Adult', 'Contemporary Romance', 'College', 'Fiction']"
9780316067928,Breaking Dawn ,Stephenie Meyer,"Little, Brown and Company",English,"['Fantasy', 'Young Adult', 'Romance', 'Vampires', 'Fiction', 'Paranormal', 'Paranormal Romance']"
9780345485595,Breathing Lessons,Anne Tyler,Ballantine Books,English,"['Fiction', 'Literary Fiction', 'Contemporary', 'Novels', 'Adult Fiction', 'Literature', 'American']"
9780765342300,Briar Rose,Jane Yolen,Tor for Teen,English,"['Young Adult', 'Historical Fiction', 'Fantasy', 'Fiction', 'Fairy Tales', 'Holocaust', 'Historical']"
9780743243315,Brick Lane,Monica Ali,Scribner,English,"['Fiction', 'India', 'Contemporary', 'Literary Fiction', 'Bangladesh', 'Novels', 'British Literature']"
9789504915249,Brida,Paulo Coelho,Planeta,Portuguese,"['Fiction', 'Fantasy', 'Philosophy', 'Romance', 'Novels', 'Spirituality', 'Magical Realism']"
9780345321381,Bridge of Birds ,Barry Hughart,Del Rey,English,"['Fantasy', 'Fiction', 'Historical Fiction', 'China', 'Humor', 'Historical', 'Mystery']"
9780140298475,Bridget Jones: The Edge of Reason ,Helen Fielding,Penguin Books,English,"['Chick Lit', 'Fiction', 'Romance', 'Humor', 'Contemporary', 'Comedy', 'British Literature']"
9780140280098,Bridget Jones's Diary ,Helen Fielding,Penguin Books,English,"['Fiction', 'Chick Lit', 'Romance', 'Humor', 'Contemporary', 'Comedy', 'Adult']"
9780316925419,Brief Interviews with Hideous Men,David Foster Wallace,"Little, Brown and Company",English,"['Fiction', 'Short Stories', 'American', 'Literature', 'Contemporary', 'Literary Fiction', 'Essays']"
9781606840382,Brightly Woven,Alexandra Bracken,Egmont USA,English,"['Fantasy', 'Young Adult', 'Romance', 'Magic', 'Adventure', 'High Fantasy', 'Young Adult Fantasy']"
9780312854072,Brightness Falls from the Air,James Tiptree Jr.,Orb Books,English,"['Science Fiction', 'Fiction', 'Space Opera', 'Classics', 'Science Fiction Fantasy', 'Mystery', 'Speculative Fiction']"
9780743249997,Bringing Down the House: The Inside Story of Six M.I.T. Students Who Took Vegas for Millions,Ben Mezrich,Atria,English,"['Nonfiction', 'Biography', 'True Crime', 'Memoir', 'Crime', 'History', 'Biography Memoir']"
9780375826726,Brisingr ,Christopher Paolini,Alfred A. Knopf,English,"['Fantasy', 'Young Adult', 'Fiction', 'Dragons', 'Adventure', 'Magic', 'High Fantasy']"
9780375826726,Brisingr ,Christopher Paolini,Alfred A. Knopf,English,"['Fantasy', 'Young Adult', 'Fiction', 'Dragons', 'Adventure', 'Magic', 'High Fantasy']"
9780743271325,Brokeback Mountain,Annie Proulx,Scribner,English,"['Fiction', 'Short Stories', 'LGBT', 'Romance', 'Queer', 'Gay', 'Westerns']"
9781250077035,Broken,Jenny  Lawson,Henry Holt and Co.,English,"['Nonfiction', 'Humor', 'Memoir', 'Audiobook', 'Mental Health', 'Biography', 'Essays']"
9781682305034,Broken Prince ,Erin Watt,EverAfter Romance,English,"['Romance', 'New Adult', 'Contemporary', 'Young Adult', 'High School', 'Contemporary Romance', 'Fiction']"
9781982137236,Brontë’s Mistress,Finola Austin,Atria Books,English,"['Historical Fiction', 'Fiction', 'Romance', 'Historical', 'British Literature', 'Victorian', '19th Century']"
9781439138311,Brooklyn,Colm Tóibín,Scribner,English,"['Fiction', 'Historical Fiction', 'Ireland', 'Romance', 'Historical', 'Irish Literature', 'Audiobook']"
9780446404532,Brother Cadfael's Penance ,Ellis Peters,Mysterious Press,English,"['Mystery', 'Historical Fiction', 'Fiction', 'Medieval', 'Historical', 'Historical Mystery', 'Crime']"
9781416555445,Brothers in Arms ,Lois McMaster Bujold,Baen,English,"['Science Fiction', 'Fiction', 'Space Opera', 'Science Fiction Fantasy', 'Fantasy', 'Audiobook', 'Adventure']"
9780140299960,Budding Prospects: A Pastoral,T. Coraghessan Boyle,Penguin Publishing Group,English,"['Fiction', 'Humor', 'Literature', 'The United States Of America', 'Novels', 'Contemporary', 'American Fiction']"
9780385344418,Burned ,Karen Marie Moning,Delacorte Press,English,"['Urban Fantasy', 'Fantasy', 'Paranormal', 'Romance', 'Paranormal Romance', 'Fae', 'Adult']"
9781905654949,Burned ,P.C. Cast,Atom,English,"['Young Adult', 'Vampires', 'Fantasy', 'Paranormal', 'Romance', 'Fiction', 'Supernatural']"
9780060539825,Burning Chrome ,William Gibson,Harper Voyager,English,"['Science Fiction', 'Cyberpunk', 'Fiction', 'Short Stories', 'Science Fiction Fantasy', 'Dystopia', 'Fantasy']"
9780515134476,Burnt Offerings ,Laurell K. Hamilton,Berkley,English,"['Urban Fantasy', 'Vampires', 'Fantasy', 'Paranormal', 'Romance', 'Paranormal Romance', 'Horror']"
9780671449049,But Not the Hippopotamus,Sandra Boynton,Boynton Bookworks,English,"['Picture Books', 'Childrens', 'Fiction', 'Animals', 'Humor', 'Kids', 'Storytime']"
9780553582765,By the Light of the Moon,Dean Koontz,Bantam Books,English,"['Horror', 'Fiction', 'Thriller', 'Suspense', 'Mystery', 'Fantasy', 'Science Fiction']"
9780062455864,By Your Side,Kasie West,HarperTeen,English,"['Romance', 'Young Adult', 'Contemporary', 'Audiobook', 'Young Adult Contemporary', 'Fiction', 'Contemporary Romance']"
9780393028133,C.S. Lewis: A Biography,A.N. Wilson,W W Norton & Co Inc,English,"['Biography', 'Nonfiction', 'Religion', 'Christianity', 'Biography Memoir', 'History', 'British Literature']"
9780140178241,Cadillac Desert: The American West and Its Disappearing Water,Marc Reisner,Penguin,English,"['Nonfiction', 'History', 'Environment', 'Science', 'Politics', 'Nature', 'American History']"
9780385743600,Calamity ,Brandon Sanderson,Delacorte Press,English,"['Fantasy', 'Young Adult', 'Science Fiction', 'Fiction', 'Dystopia', 'Urban Fantasy', 'Superheroes']"
9780836220889,Calvin and Hobbes ,Bill Watterson,Andrews McMeel Publishing,English,"['Comics', 'Humor', 'Graphic Novels', 'Fiction', 'Childrens', 'Comedy', 'Graphic Novels Comics']"
9780590424103,Cam Jansen and the Mystery of the Babe Ruth Baseball ,David A. Adler,"Scholastic Canada, Limited",English,"['Mystery', 'Childrens', 'Fiction', 'Chapter Books', 'Sports', 'Juvenile', 'Baseball']"
9780452287112,Captain Alatriste ,Arturo Perez-Reverte,Plume,English,"['Historical Fiction', 'Fiction', 'Adventure', 'Historical', 'Spain', 'Spanish Literature', 'Mystery']"
9781599903422,Captivate ,Carrie Jones,Bloomsbury,English,"['Young Adult', 'Fantasy', 'Paranormal', 'Romance', 'Fairies', 'Fae', 'Paranormal Romance']"
9780373285006,Captivated ,Nora Roberts,Silhouette,English,"['Romance', 'Paranormal', 'Contemporary Romance', 'Paranormal Romance', 'Fantasy', 'Fiction', 'Contemporary']"
9780373810369,Captive of Fate ,Lindsay McKenna,Silhouette,English,"['Category Romance', 'Romance']"
9781250095251,Caraval ,Stephanie Garber,Flatiron Books,English,"['Fantasy', 'Young Adult', 'Romance', 'Fiction', 'Young Adult Fantasy', 'Mystery', 'Magic']"
9780812974928,Caribbean,James A. Michener,Dial Press Trade Paperback,English,"['Historical Fiction', 'Fiction', 'Historical', 'Travel', 'Classics', 'Novels', 'Adult Fiction']"
9780553295979,Carnal Innocence,Nora Roberts,Bantam,English,"['Romance', 'Romantic Suspense', 'Mystery', 'Contemporary Romance', 'Contemporary', 'Suspense', 'Fiction']"
9780515130386,Carolina Moon,Nora Roberts,Jove,English,"['Romance', 'Romantic Suspense', 'Mystery', 'Fiction', 'Contemporary Romance', 'Contemporary', 'Suspense']"
9780061051586,Carpe Jugulum ,Terry Pratchett,Harper,English,"['Fantasy', 'Fiction', 'Humor', 'Vampires', 'Comedy', 'Science Fiction Fantasy', 'Witches']"
9780593158685,Carrie Soto Is Back,Taylor Jenkins Reid,Ballantine Books,English,"['Fiction', 'Historical Fiction', 'Audiobook', 'Contemporary', 'Romance', 'Sports', 'Adult']"
9780062027870,Carrier of the Mark ,Leigh Fallon,HarperTeen,English,"['Young Adult', 'Fantasy', 'Paranormal', 'Romance', 'Magic', 'Mythology', 'Urban Fantasy']"
9780786886326,Carter Beats the Devil,Glen David Gold,Hyperion,English,"['Fiction', 'Historical Fiction', 'Mystery', 'Historical', 'Magic', 'Fantasy', 'Novels']"
9780062348630,Carve the Mark ,Veronica Roth,Katherine Tegen Books,English,"['Fantasy', 'Young Adult', 'Science Fiction', 'Romance', 'Fiction', 'Dystopia', 'Audiobook']"
9780316010702,Case Histories ,Kate Atkinson,Back Bay Books,English,"['Mystery', 'Fiction', 'Crime', 'Mystery Thriller', 'Thriller', 'British Literature', 'Detective']"
9780374519049,Cassandra,Christa Wolf,"Farrar, Straus and Giroux",English,"['Mythology', 'Fiction', 'Historical Fiction', 'Classics', 'Greek Mythology', 'German Literature', 'Retellings']"
9780373802548,Cast in Shadow ,Michelle Sagara,Luna,English,"['Fantasy', 'Urban Fantasy', 'Magic', 'Dragons', 'Paranormal', 'Fiction', 'Mystery']"
9780593230251,Caste: The Origins of Our Discontents,Isabel Wilkerson,Random House,English,"['Nonfiction', 'History', 'Race', 'Audiobook', 'Social Justice', 'Sociology', 'Anti Racist']"
9780064473453,Castle in the Air ,Diana Wynne Jones,Greenwillow Books,English,"['Fantasy', 'Young Adult', 'Fiction', 'Magic', 'Middle Grade', 'Childrens', 'Adventure']"
9780345335708,Castle of Wizardry ,David Eddings,Del Rey,English,"['Fantasy', 'Fiction', 'Epic Fantasy', 'High Fantasy', 'Science Fiction Fantasy', 'Young Adult', 'Adventure']"
9780753819661,Cat Chaser,Elmore Leonard,Phoenix Paperbacks,English,"['Fiction', 'Crime', 'Mystery', 'Thriller', 'Noir', 'Mystery Thriller', 'Novels']"
9780316454131,"Catch and Kill: Lies, Spies, and a Conspiracy to Protect Predators",Ronan Farrow,"Little, Brown and Company",English,"['Nonfiction', 'True Crime', 'Audiobook', 'Politics', 'Crime', 'Feminism', 'Journalism']"
9780439023498,Catching Fire ,Suzanne Collins,Scholastic Press,English,"['Young Adult', 'Dystopia', 'Fiction', 'Fantasy', 'Science Fiction', 'Romance', 'Teen']"
9780553584707,Catering to Nobody ,Diane Mott Davidson,Bantam,English,"['Mystery', 'Cozy Mystery', 'Fiction', 'Mystery Thriller', 'Audiobook', 'Food', 'Culinary']"
9780060739423,"Catherine, Called Birdy",Karen Cushman,HarperTrophy,English,"['Historical Fiction', 'Young Adult', 'Fiction', 'Historical', 'Middle Grade', 'Childrens', 'Medieval']"
9780312982119,Catilina's Riddle ,Steven Saylor,Minotaur Books,English,"['Historical Fiction', 'Mystery', 'Fiction', 'Historical', 'Historical Mystery', 'Crime', 'Roman']"
9780385491020,Cat's Eye,Margaret Atwood,Anchor,English,"['Fiction', 'Contemporary', 'Canada', 'Literary Fiction', 'Classics', 'Novels', 'Feminism']"
9780439551892,Catwings ,Ursula K. Le Guin,Orchard Books,English,"['Fantasy', 'Childrens', 'Fiction', 'Animals', 'Cats', 'Middle Grade', 'Chapter Books']"
9780425213384,Cause of Death ,Patricia Cornwell,Berkley,English,"['Mystery', 'Crime', 'Fiction', 'Thriller', 'Mystery Thriller', 'Suspense', 'Murder Mystery']"
9780749955915,Celebrity in Death ,J.D. Robb,Piatkus Books,English,"['Mystery', 'Romance', 'Crime', 'Fiction', 'Romantic Suspense', 'Futuristic', 'Suspense']"
9781416524519,Cell,Stephen King,Pocket Star Books,English,"['Horror', 'Fiction', 'Zombies', 'Thriller', 'Science Fiction', 'Post Apocalyptic', 'Fantasy']"
9781250250469,Cemetery Boys ,Aiden Thomas,Swoon Reads,English,"['Fantasy', 'LGBT', 'Young Adult', 'Queer', 'Fiction', 'Paranormal', 'Contemporary']"
9781250250469,Cemetery Boys ,Aiden Thomas,Swoon Reads,English,"['Fantasy', 'LGBT', 'Young Adult', 'Queer', 'Fiction', 'Paranormal', 'Contemporary']"
9780743294256,Certain Girls ,Jennifer Weiner,Atria Books,English,"['Chick Lit', 'Fiction', 'Romance', 'Adult Fiction', 'Adult', 'Contemporary', 'Audiobook']"
9780515136814,Cerulean Sins ,Laurell K. Hamilton,Berkley,English,"['Urban Fantasy', 'Vampires', 'Paranormal', 'Fantasy', 'Romance', 'Paranormal Romance', 'Fiction']"
9780515136814,Cerulean Sins ,Laurell K. Hamilton,Berkley,English,"['Urban Fantasy', 'Vampires', 'Paranormal', 'Fantasy', 'Romance', 'Paranormal Romance', 'Fiction']"
9781481431873,Chain of Gold ,Cassandra Clare,Margaret K. McElderry Books,English,"['Fantasy', 'Young Adult', 'Romance', 'Historical Fiction', 'Young Adult Fantasy', 'Paranormal', 'Urban Fantasy']"
9781406358100,Chain of Iron ,Cassandra Clare,Walker Books,English,"['Fantasy', 'Young Adult', 'Romance', 'Historical Fiction', 'Young Adult Fantasy', 'Urban Fantasy', 'Paranormal']"
9781406358117,Chain of Thorns ,Cassandra Clare,Walker Books,English,"['Fantasy', 'Young Adult', 'Romance', 'Historical Fiction', 'Paranormal', 'Young Adult Fantasy', 'Urban Fantasy']"
9780765344311,Chainfire ,Terry Goodkind,Tor Fantasy,English,"['Fantasy', 'Fiction', 'Epic Fantasy', 'Science Fiction Fantasy', 'High Fantasy', 'Magic', 'Adventure']"
9780593317334,Chain-Gang All-Stars,Nana Kwame Adjei-Brenyah,Pantheon,English,"['Fiction', 'Science Fiction', 'Dystopia', 'LGBT', 'Fantasy', 'Audiobook', 'Queer']"
9781416905851,Chains ,Laurie Halse Anderson,Atheneum,English,"['Historical Fiction', 'Young Adult', 'Fiction', 'Historical', 'Middle Grade', 'School', 'African American']"
9780425157473,Chance ,Robert B. Parker,G.P. Putnam's Sons,English,"['Mystery', 'Fiction', 'Detective', 'Crime', 'Thriller', 'Mystery Thriller', 'Suspense']"
9780743496742,Change of Heart,Jodi Picoult,Atria Books,English,"['Fiction', 'Contemporary', 'Chick Lit', 'Adult Fiction', 'Adult', 'Drama', 'Realistic Fiction']"
9780316074148,Changeless ,Gail Carriger,Hatchette Book Group,English,"['Steampunk', 'Fantasy', 'Paranormal', 'Romance', 'Vampires', 'Urban Fantasy', 'Fiction']"
9781403983787,"Charles I: A Life of Religion, War and Treason: A Life of Religion, War and Treason",Christopher Hibbert,St. Martin's Griffin,English,"['History', 'Biography', 'Nonfiction', '17th Century', 'British Literature', 'Historical', 'Religion']"
9780807218983,Charlie Bone and the Time Twister ,Jenny Nimmo,,English,"['Fantasy', 'Young Adult', 'Middle Grade', 'Fiction', 'Childrens', 'Magic', 'Adventure']"
9780802141248,Charlie Wilson's War: The Extraordinary Story of How the Wildest Man in Congress and a Rogue CIA Agent Changed the History of our Times,George Crile,Grove Press,English,"['History', 'Nonfiction', 'Politics', 'War', 'Biography', 'Military Fiction', 'American History']"
9780375704550,Charlotte Gray,Sebastian Faulks,Vintage,English,"['Historical Fiction', 'Fiction', 'War', 'France', 'Historical', 'World War II', 'Romance']"
9780875791210,Charly,Jack Weyland,Deseret Book,English,"['Lds Fiction', 'Fiction', 'Lds', 'Romance', 'Religion', 'Young Adult', 'Christian Fiction']"
9780380725571,Charms for the Easy Life,Kaye Gibbons,Harper Perennial,English,"['Fiction', 'Historical Fiction', 'Southern', 'Adult Fiction', 'Book Club', 'Novels', 'Literature']"
9780743290111,Chasing Harry Winston,Lauren Weisberger,Simon & Schuster,English,"['Chick Lit', 'Fiction', 'Romance', 'Contemporary', 'Adult', 'Adult Fiction', 'Contemporary Romance']"
9780330397827,Chasing Redbird,Sharon Creech,Pan MacMillan,English,"['Young Adult', 'Fiction', 'Middle Grade', 'Childrens', 'Realistic Fiction', 'Contemporary', 'Coming Of Age']"
9780446611626,Chasing the Dime ,Michael Connelly,Warner Books,English,"['Mystery', 'Fiction', 'Crime', 'Thriller', 'Suspense', 'Detective', 'Mystery Thriller']"
9780439372947,Chasing Vermeer ,Blue Balliett,Scholastic Press,English,"['Mystery', 'Middle Grade', 'Fiction', 'Young Adult', 'Childrens', 'Art', 'Adventure']"
9780802135582,Che Guevara: A Revolutionary Life,Jon Lee Anderson,Grove Press (NYC),English,"['Biography', 'History', 'Nonfiction', 'Politics', 'Biography Memoir', 'War', 'Philosophy']"
9780593619919,Check & Mate,Ali Hazelwood,G.P. Putnam's Sons Books for Young Readers,English,"['Romance', 'Young Adult', 'Contemporary', 'Fiction', 'Contemporary Romance', 'Audiobook', 'New Adult']"
9780689835681,Chicka Chicka Boom Boom,Bill Martin Jr.,Beach Lane Books,English,"['Picture Books', 'Childrens', 'Fiction', 'Poetry', 'Classics', 'Storytime', 'Kids']"
9781558744639,"Chicken Soup for the Teenage Soul: 101 Stories of Life, Love and Learning",Jack Canfield,Hci,English,"['Nonfiction', 'Short Stories', 'Self Help', 'Inspirational', 'Teen', 'Childrens', 'Essays']"
9780671876821,Chicks in Chainmail ,Esther M. Friesner,Baen,English,"['Fantasy', 'Short Stories', 'Humor', 'Anthologies', 'Fiction', 'Science Fiction', 'Urban Fantasy']"
9781250170972,Children of Blood and Bone ,Tomi Adeyemi,Henry Holt Company,English,"['Fantasy', 'Young Adult', 'Fiction', 'Young Adult Fantasy', 'Magic', 'Audiobook', 'Romance']"
9780765304742,Children of the Mind ,Orson Scott Card,Tor Books,English,"['Science Fiction', 'Fiction', 'Fantasy', 'Science Fiction Fantasy', 'Young Adult', 'Space', 'Audiobook']"
9780312860981,China Mountain Zhang,Maureen F. McHugh,Orb Books,English,"['Science Fiction', 'Fiction', 'LGBT', 'Dystopia', 'Queer', 'Speculative Fiction', 'Science Fiction Fantasy']"
9780141000183,Chocolat ,Joanne Harris,Penguin Books,English,"['Fiction', 'Romance', 'Magical Realism', 'France', 'Fantasy', 'Contemporary', 'Historical Fiction']"
9780141000183,Chocolat ,Joanne Harris,Penguin Books,English,"['Fiction', 'Romance', 'Magical Realism', 'France', 'Fantasy', 'Contemporary', 'Historical Fiction']"
9780385720922,Choke,Chuck Palahniuk,Anchor Books,English,"['Fiction', 'Contemporary', 'Humor', 'Novels', 'Literature', 'Adult', 'American']"
9780312360306,Chosen ,P.C. Cast,St. Martin's Griffin,English,"['Young Adult', 'Vampires', 'Fantasy', 'Paranormal', 'Romance', 'Fiction', 'Supernatural']"
9782253147695,Christine,Stephen King,LGF,French,"['Horror', 'Fiction', 'Thriller', 'Fantasy', 'Supernatural', 'Paranormal', 'Mystery']"
9782253147695,Christine,Stephen King,LGF,French,"['Horror', 'Fiction', 'Thriller', 'Fantasy', 'Supernatural', 'Paranormal', 'Mystery']"
9780688147327,Chrysanthemum,Kevin Henkes,Mulberry Books,English,"['Picture Books', 'Childrens', 'Fiction', 'Animals', 'Fantasy', 'School', 'Family']"
9780316556347,Circe,Madeline Miller,"Little, Brown and Company",English,"['Fantasy', 'Fiction', 'Mythology', 'Historical Fiction', 'Greek Mythology', 'Retellings', 'Audiobook']"
9780099498599,Circle of Friends,Maeve Binchy,Arrow,English,"['Fiction', 'Romance', 'Chick Lit', 'Ireland', 'Historical Fiction', 'Irish Literature', 'Contemporary']"
9780425201398,Circus of the Damned ,Laurell K. Hamilton,Berkley,English,"['Urban Fantasy', 'Vampires', 'Fantasy', 'Paranormal', 'Romance', 'Horror', 'Paranormal Romance']"
9780394755267,Cities of Salt ,Abdul Rahman Munif,Vintage,English,"['Fiction', 'Historical Fiction', 'Novels', 'Literature', 'Classics', 'Politics', 'Historical']"
9780679726104,Citizens: A Chronicle of the French Revolution,Simon Schama,"Random House, Inc. (NYC)",English,"['History', 'Nonfiction', 'France', 'French Revolution', 'European History', 'Politics', 'World History']"
9781416914297,City of Ashes ,Cassandra Clare,Margaret K. McElderry Books,English,"['Fantasy', 'Young Adult', 'Romance', 'Paranormal', 'Urban Fantasy', 'Fiction', 'Vampires']"
9780446699532,City of Bones ,Michael Connelly,Grand Central Publishing,English,"['Mystery', 'Fiction', 'Crime', 'Thriller', 'Detective', 'Mystery Thriller', 'Audiobook']"
9781416914280,City of Bones ,Cassandra Clare,Margaret K. McElderry Books,English,"['Fantasy', 'Young Adult', 'Romance', 'Paranormal', 'Urban Fantasy', 'Fiction', 'Vampires']"
9781442403543,City of Fallen Angels ,Cassandra Clare,Margaret K. McElderry Books,English,"['Fantasy', 'Young Adult', 'Romance', 'Paranormal', 'Urban Fantasy', 'Vampires', 'Fiction']"
9781594634734,City of Girls,Elizabeth Gilbert,Riverhead,English,"['Historical Fiction', 'Fiction', 'Audiobook', 'Historical', 'Romance', 'Adult', 'Contemporary']"
9780140097313,City of Glass ,Paul Auster,Penguin Books,English,"['Fiction', 'Mystery', 'American', 'Literature', 'Novels', 'Contemporary', 'Classics']"
9781416914303,City of Glass ,Cassandra Clare,Margaret K. McElderry Books,English,"['Fantasy', 'Young Adult', 'Romance', 'Paranormal', 'Urban Fantasy', 'Fiction', 'Vampires']"
9781481426305,City of Heavenly Fire ,Cassandra Clare,Margaret K. McElderry Books,English,"['Fantasy', 'Young Adult', 'Romance', 'Paranormal', 'Urban Fantasy', 'Vampires', 'Fiction']"
9781442416864,City of Lost Souls ,Cassandra Clare,Margaret K. McElderry Books,English,"['Fantasy', 'Young Adult', 'Romance', 'Paranormal', 'Urban Fantasy', 'Vampires', 'Fiction']"
9781442416864,City of Lost Souls ,Cassandra Clare,Margaret K. McElderry Books,English,"['Fantasy', 'Young Adult', 'Romance', 'Paranormal', 'Urban Fantasy', 'Vampires', 'Fiction']"
9780886773328,City of Sorcery ,Marion Zimmer Bradley,DAW,English,"['Fantasy', 'Science Fiction', 'Fiction', 'Science Fiction Fantasy', 'Speculative Fiction', 'Adventure', 'Novels']"
9780670018703,City of Thieves,David Benioff,Viking / Penguin,English,"['Historical Fiction', 'Fiction', 'War', 'Historical', 'Russia', 'World War II', 'Audiobook']"
9780679890676,Civil War on Sunday ,Mary Pope Osborne,Random House for Young Readers,English,"['Childrens', 'Fantasy', 'Historical Fiction', 'Fiction', 'Chapter Books', 'Adventure', 'Middle Grade']"
9780345545831,Claim Me ,J. Kenner,Bantam,English,"['Romance', 'BDSM', 'Contemporary Romance', 'Erotic Romance', 'Contemporary', 'Erotica', 'Adult']"
9780425122129,Clear and Present Danger ,Tom Clancy,Berkley,English,"['Fiction', 'Thriller', 'Espionage', 'Military Fiction', 'Suspense', 'Action', 'Mystery']"
9780689832130,"Click, Clack, Moo: Cows That Type",Doreen Cronin,Simon & Schuster Books for Young Readers,English,"['Picture Books', 'Childrens', 'Animals', 'Fiction', 'Humor', 'Fantasy', 'Storytime']"
9781416975861,Clockwork Angel ,Cassandra Clare,Margaret K. McElderry Books,English,"['Fantasy', 'Young Adult', 'Romance', 'Paranormal', 'Steampunk', 'Historical Fiction', 'Fiction']"
9781416975885,Clockwork Prince ,Cassandra Clare,Margaret K. McElderry Books,English,"['Fantasy', 'Young Adult', 'Romance', 'Paranormal', 'Steampunk', 'Historical Fiction', 'Urban Fantasy']"
9781406321340,Clockwork Princess ,Cassandra Clare,Walker Books Ltd,English,"['Fantasy', 'Young Adult', 'Romance', 'Paranormal', 'Historical Fiction', 'Steampunk', 'Urban Fantasy']"
9780375507250,Cloud Atlas,David Mitchell,Random House,English,"['Fiction', 'Science Fiction', 'Fantasy', 'Historical Fiction', 'Dystopia', 'Contemporary', 'Literary Fiction']"
9781982168438,Cloud Cuckoo Land,Anthony Doerr,Scribner,English,"['Fiction', 'Historical Fiction', 'Fantasy', 'Science Fiction', 'Literary Fiction', 'Audiobook', 'Historical']"
9780571209439,Cloudstreet,Tim Winton,Faber and Faber,English,"['Fiction', 'Historical Fiction', 'Classics', 'Nobel Prize', 'Historical', 'Literary Fiction', 'Literature']"
9780743234412,Cloudstreet,Tim Winton,Scribner,English,"['Fiction', 'Australia', 'Historical Fiction', 'Classics', 'Literature', 'Literary Fiction', 'Historical']"
9781728268231,Clytemnestra,Costanza Casati,Sourcebooks Landmark,English,"['Mythology', 'Fantasy', 'Historical Fiction', 'Greek Mythology', 'Fiction', 'Retellings', 'Historical']"
9781728268231,Clytemnestra,Costanza Casati,Sourcebooks Landmark,English,"['Mythology', 'Fantasy', 'Historical Fiction', 'Greek Mythology', 'Fiction', 'Retellings', 'Historical']"
9780590396561,Cold Fire ,Tamora Pierce,Scholastic Paperbacks,English,"['Fantasy', 'Young Adult', 'Fiction', 'Magic', 'Young Adult Fantasy', 'High Fantasy', 'Teen']"
9780802142849,Cold Mountain,Charles Frazier,Grove Press,English,"['Historical Fiction', 'Fiction', 'Historical', 'Romance', 'Civil War', 'War', 'Classics']"
9780802142849,Cold Mountain,Charles Frazier,Grove Press,English,"['Historical Fiction', 'Fiction', 'Historical', 'Romance', 'Civil War', 'War', 'Classics']"
9780143036555,Collapse: How Societies Choose to Fail or Succeed,Jared Diamond,Penguin Books Ltd. (London),English,"['History', 'Nonfiction', 'Science', 'Anthropology', 'Sociology', 'Politics', 'Environment']"
9780140286809,Collected Fictions,Jorge Luis Borges,Penguin Classics,English,"['Fiction', 'Short Stories', 'Classics', 'Literature', 'Fantasy', 'Magical Realism', 'Philosophy']"
9780060914943,"Collected Poems, 1947-1980",Allen Ginsberg,Harper Perennial,English,"['Poetry', 'Classics', 'American', 'Fiction', 'Literature', '20th Century', 'Queer']"
9780060932688,Collected Stories,Gabriel García Márquez,Harper Perennial Modern Classics,English,"['Short Stories', 'Fiction', 'Magical Realism', 'Classics', 'Literature', 'Latin American', 'Literary Fiction']"
9780940450370,Collected Works: Wise Blood / A Good Man Is Hard to Find / The Violent Bear It Away / Everything That Rises Must Converge / Essays and Letters,Flannery O'Connor,Library of America,English,"['Fiction', 'Short Stories', 'Classics', 'Literature', 'Essays', 'Southern Gothic', 'Southern']"
9780446546935,Columbine,Dave Cullen,Twelve,English,"['Nonfiction', 'True Crime', 'History', 'Crime', 'Audiobook', 'Psychology', 'Journalism']"
9781250123077,Come Sundown,Nora Roberts,St. Martin's Press,English,"['Romance', 'Romantic Suspense', 'Mystery', 'Fiction', 'Suspense', 'Contemporary', 'Contemporary Romance']"
9780451467966,Come to Me Quietly ,A.L. Jackson,NAL Trade,English,"['New Adult', 'Romance', 'Contemporary', 'Contemporary Romance', 'College', 'Fiction', 'Chick Lit']"
9780765399311,Come Tumbling Down ,Seanan McGuire,Tordotcom,English,"['Fantasy', 'Young Adult', 'Audiobook', 'Novella', 'Fiction', 'LGBT', 'Horror']"
9781493530687,Coming Home,Priscilla Glenn,CreateSpace,English,"['Romance', 'New Adult', 'Contemporary Romance', 'Contemporary', 'Adult', 'Chick Lit', 'Drama']"
9780062491794,Commonwealth,Ann Patchett,Harper,English,"['Fiction', 'Literary Fiction', 'Audiobook', 'Historical Fiction', 'Contemporary', 'Family', 'Adult Fiction']"
9780062846716,Concrete Rose ,Angie Thomas,Balzer + Bray,English,"['Young Adult', 'Fiction', 'Contemporary', 'Audiobook', 'Realistic Fiction', 'Historical Fiction', 'Coming Of Age']"
9780679758334,Confederates in the Attic: Dispatches from the Unfinished Civil War,Tony Horwitz,Vintage,English,"['History', 'Nonfiction', 'Civil War', 'Travel', 'American History', 'War', 'American Civil War']"
9781501176838,Confess,Colleen Hoover,Atria Books,English,"['Romance', 'New Adult', 'Contemporary', 'Fiction', 'Contemporary Romance', 'Young Adult', 'Audiobook']"
9780440241416,Confessions of a Shopaholic ,Sophie Kinsella,Dell,English,"['Chick Lit', 'Fiction', 'Romance', 'Contemporary', 'Humor', 'Adult', 'Contemporary Romance']"
9780060987527,Confessions of an Ugly Stepsister,Gregory Maguire,William Morrow Paperbacks,English,"['Fantasy', 'Fiction', 'Fairy Tales', 'Historical Fiction', 'Retellings', 'Adult', 'Historical']"
9780988941908,Connected ,Kim Karr,,English,"['Romance', 'New Adult', 'Contemporary', 'Contemporary Romance', 'Music', 'Erotica', 'Adult']"
9780060747459,Conrad's Fate ,Diana Wynne Jones,Greenwillow Books,English,"['Fantasy', 'Young Adult', 'Fiction', 'Childrens', 'Middle Grade', 'Magic', 'Adventure']"
9781857231380,Consider Phlebas ,Iain M. Banks,Orbit,English,"['Science Fiction', 'Fiction', 'Space Opera', 'Science Fiction Fantasy', 'Space', 'Fantasy', 'Cultural']"
9780316156110,Consider the Lobster and Other Essays,David Foster Wallace,"Little, Brown and Company",English,"['Nonfiction', 'Essays', 'Philosophy', 'Humor', 'Short Stories', 'Literature', 'American']"
9781942834045,Consolation ,Corinne Michaels,BAAE Inc.,English,"['Romance', 'Military Fiction', 'Contemporary Romance', 'Contemporary', 'New Adult', 'Audiobook', 'Military Romance']"
9781494920692,Consumed ,Emily Snow,Emily Snow Books,English,"['Romance', 'New Adult', 'Contemporary Romance', 'Contemporary', 'Music', 'Erotica', 'Adult']"
9782266079990,Contact,Carl Sagan,Pocket,French,"['Science Fiction', 'Fiction', 'Classics', 'Science Fiction Fantasy', 'Space', 'Novels', 'Fantasy']"
9780312286255,Contest,Matthew Reilly,Thomas Dunne Books,English,"['Thriller', 'Fiction', 'Action', 'Science Fiction', 'Adventure', 'Fantasy', 'Suspense']"
9780061139376,Coraline,Neil Gaiman,William Morrow Paperbacks,English,"['Fantasy', 'Horror', 'Fiction', 'Young Adult', 'Middle Grade', 'Childrens', 'Paranormal']"
9780679763970,Corelli's Mandolin,Louis de Bernières,Vintage,English,"['Fiction', 'Historical Fiction', 'Romance', 'Classics', 'War', 'Greece', 'Historical']"
9781590170069,Corrigan ,Caroline Blackwood,NYRB Classics,English,"['Fiction', 'British Literature', 'Classics', '20th Century', 'Literary Fiction', 'Contemporary', 'Novels']"
9780877957690,Count Zero,William Gibson,Arbor House Publishing Company (NY),English,"['Science Fiction', 'Cyberpunk', 'Fiction', 'Science Fiction Fantasy', 'Dystopia', 'Novels', 'Fantasy']"
9780451228215,Covet ,J.R. Ward,Signet,English,"['Paranormal', 'Paranormal Romance', 'Romance', 'Angels', 'Fantasy', 'Urban Fantasy', 'Demons']"
9780751500219,Cows of Our Planet,Gary Larson,Warner Books,English,"['Comics', 'Humor', 'Graphic Novels', 'Comic Strips', 'Fiction', 'Cartoon', 'Comedy']"
9780061099328,Coyote Waits ,Tony Hillerman,HarperPaperbacks,English,"['Mystery', 'Fiction', 'Crime', 'Mystery Thriller', 'Westerns', 'Detective', 'Native Americans']"
9781423337454,Creation in Death ,J.D. Robb,Brilliance Audio,English,"['Mystery', 'Romance', 'Crime', 'Romantic Suspense', 'Fiction', 'Futuristic', 'Suspense']"
9781660089055,Credence,Penelope Douglas,Independently published,English,"['Romance', 'Contemporary', 'Reverse Harem', 'New Adult', 'Dark', 'Contemporary Romance', 'Adult']"
9780452253803,Creepshow,Stephen King,Berkley,English,"['Horror', 'Graphic Novels', 'Comics', 'Fiction', 'Short Stories', 'Fantasy', 'Graphic Novels Comics']"
9781416989431,Crescendo ,Becca Fitzpatrick,Simon & Schuster,English,"['Young Adult', 'Fantasy', 'Romance', 'Angels', 'Paranormal', 'Paranormal Romance', 'Fiction']"
9780312642976,Cress ,Marissa Meyer,Feiwel & Friends,English,"['Fantasy', 'Young Adult', 'Science Fiction', 'Romance', 'Retellings', 'Dystopia', 'Fiction']"
9780440203438,Crimson Joy ,Robert B. Parker,Dell,English,"['Mystery', 'Fiction', 'Crime', 'Detective', 'Thriller', 'Mystery Thriller', 'Suspense']"
9780743453028,Cross Bones ,Kathy Reichs,Pocket Star,,"['Mystery', 'Fiction', 'Crime', 'Thriller', 'Mystery Thriller', 'Suspense', 'Murder Mystery']"
9781423100058,Cross My Heart and Hope to Spy ,Ally Carter,Hyperion Book CH,English,"['Young Adult', 'Mystery', 'Romance', 'Contemporary', 'Fiction', 'Espionage', 'Adventure']"
9780142421710,Crossed ,Ally Condie,Penguin Books,English,"['Young Adult', 'Dystopia', 'Romance', 'Science Fiction', 'Fiction', 'Fantasy', 'Teen']"
9780375759314,Crossing to Safety,Wallace Stegner,Modern Library,English,"['Fiction', 'Classics', 'Literary Fiction', 'Novels', 'Historical Fiction', 'Literature', 'Book Club']"
9781937085766,Crossroads ,Mary Ting,World Castle,English,"['Fantasy', 'Young Adult', 'Angels', 'Paranormal', 'Romance', 'Paranormal Romance', 'Demons']"
9780312864590,Crossroads of Twilight ,Robert Jordan,Tor Fantasy,English,"['Fantasy', 'Fiction', 'Epic Fantasy', 'High Fantasy', 'Science Fiction Fantasy', 'Audiobook', 'Epic']"
9780380718344,Cruel & Unusual ,Patricia Cornwell,Avon,Dutch; Flemish,"['Mystery', 'Crime', 'Fiction', 'Thriller', 'Mystery Thriller', 'Suspense', 'Murder Mystery']"
9780062224736,Cruel Beauty,Rosamund Hodge,Balzer + Bray,English,"['Fantasy', 'Young Adult', 'Romance', 'Retellings', 'Fairy Tales', 'Mythology', 'Young Adult Fantasy']"
9780440118701,Cry for the Strangers,John Saul,Dell,English,"['Horror', 'Fiction', 'Thriller', 'Mystery', 'Suspense', 'Supernatural', 'Mystery Thriller']"
9780345396938,Cry to Heaven,Anne Rice,Ballantine Books,English,"['Fiction', 'Historical Fiction', 'Historical', 'Horror', 'Fantasy', 'Romance', 'LGBT']"
9780441016150,Cry Wolf ,Patricia Briggs,Ace,English,"['Urban Fantasy', 'Fantasy', 'Paranormal', 'Romance', 'Paranormal Romance', 'Werewolves', 'Shapeshifters']"
9780525657743,Crying in H Mart,Michelle Zauner,Knopf,English,"['Nonfiction', 'Memoir', 'Audiobook', 'Biography', 'Food', 'Biography Memoir', 'Adult']"
9780345327864,Crystal Singer ,Anne McCaffrey,Del Rey Books,English,"['Science Fiction', 'Fantasy', 'Fiction', 'Science Fiction Fantasy', 'Space Opera', 'Romance', 'Adventure']"
9781595148223,Crystal Storm ,Morgan Rhodes,Razorbill,English,"['Fantasy', 'Young Adult', 'Romance', 'Magic', 'High Fantasy', 'Young Adult Fantasy', 'Fiction']"
9780679750543,Culture and Imperialism,Edward W. Said,Vintage,English,"['Nonfiction', 'History', 'Politics', 'Philosophy', 'Theory', 'Sociology', 'Cultural']"
9780445408647,Curses! ,Aaron Elkins,Mysterious Pr,English,"['Mystery', 'Fiction', 'Anthropology', 'Cozy Mystery', 'Archaeology', 'Crime', 'Mystery Thriller']"
9780445408647,Curses! ,Aaron Elkins,Mysterious Pr,English,"['Mystery', 'Fiction', 'Anthropology', 'Cozy Mystery', 'Archaeology', 'Crime', 'Mystery Thriller']"
9780375414497,Cutting for Stone,Abraham   Verghese,Alfred A. Knopf,English,"['Fiction', 'Historical Fiction', 'Africa', 'Book Club', 'Medicine', 'Ethiopia', 'Medical']"
9780451822192,Cycle of the Werewolf,Stephen King,Signet Books,English,"['Horror', 'Fiction', 'Fantasy', 'Werewolves', 'Thriller', 'Supernatural', 'Paranormal']"
9780671704643,Cyclops ,Clive Cussler,Pocket Books,English,"['Adventure', 'Fiction', 'Thriller', 'Action', 'Mystery', 'Suspense', 'Mystery Thriller']"
9780446671279,Cyteen ,C.J. Cherryh,Aspect,English,"['Science Fiction', 'Fiction', 'Hugo Awards', 'Science Fiction Fantasy', 'Space Opera', 'Audiobook', 'Speculative Fiction']"
9780618683079,Dairy Queen ,Catherine Gilbert Murdock,Houghton Mifflin,English,"['Young Adult', 'Contemporary', 'Sports', 'Romance', 'Realistic Fiction', 'Fiction', 'Teen']"
9781250843937,Daisy Darker,Alice Feeney,Flatiron Books,English,"['Mystery', 'Thriller', 'Mystery Thriller', 'Fiction', 'Audiobook', 'Suspense', 'Adult']"
9781524798628,Daisy Jones & The Six,Taylor Jenkins Reid,Ballantine Books,English,"['Fiction', 'Historical Fiction', 'Audiobook', 'Contemporary', 'Music', 'Adult', 'Historical']"
9780615796154,Damaged ,H.M. Ward,Laree Bailey Press,English,"['Romance', 'New Adult', 'Contemporary', 'Contemporary Romance', 'College', 'Abuse', 'Adult']"
9780446617093,Dance of Death ,Douglas Preston,Warner Books,English,"['Thriller', 'Mystery', 'Fiction', 'Horror', 'Suspense', 'Mystery Thriller', 'Crime']"
9780446617093,Dance of Death ,Douglas Preston,Warner Books,English,"['Thriller', 'Mystery', 'Fiction', 'Horror', 'Suspense', 'Mystery Thriller', 'Crime']"
9780749932770,Dance Upon the Air ,Nora Roberts,Piatkus,English,"['Romance', 'Paranormal', 'Fantasy', 'Fiction', 'Contemporary Romance', 'Paranormal Romance', 'Contemporary']"
9781897370315,Dance With Deception ,Tracy   Goodwin,LBF Books,English,"['Historical Romance', 'Romance', 'Historical', 'Regency', 'Historical Fiction', 'Amazon', 'Drama']"
9780571144792,Dancing at Lughnasa,Brian Friel,Faber Faber,English,"['Plays', 'Drama', 'Irish Literature', 'Fiction', 'Theatre', 'Ireland', 'Classics']"
9780684831053,Dancing at the Rascal Fair,Ivan Doig,Scribner,English,"['Fiction', 'Historical Fiction', 'Westerns', 'Literature', 'Historical', 'Literary Fiction', 'Audiobook']"
9780553293173,Dangerous,Amanda Quick,Bantam Books,English,"['Historical Romance', 'Romance', 'Historical', 'Mystery', 'Historical Fiction', 'Regency', 'Fiction']"
9780515142907,Daring to Dream ,Nora Roberts,Jove,English,"['Romance', 'Contemporary Romance', 'Fiction', 'Contemporary', 'Chick Lit', 'Adult', 'Audiobook']"
9780425285954,Dark Age ,Pierce Brown,Del Rey,English,"['Science Fiction', 'Fantasy', 'Fiction', 'Dystopia', 'Audiobook', 'Adult', 'Young Adult']"
9780312590970,Dark Flame ,Alyson Noel,St. Martin's Griffin,English,"['Young Adult', 'Fantasy', 'Paranormal', 'Romance', 'Fiction', 'Supernatural', 'Paranormal Romance']"
9780553560718,Dark Force Rising ,Timothy Zahn,Random House Worlds,English,"['Star Wars', 'Science Fiction', 'Fiction', 'Fantasy', 'Space Opera', 'Science Fiction Fantasy', 'Audiobook']"
9780575075368,Dark Lord of Derkholm ,Diana Wynne Jones,Gollancz,English,"['Fantasy', 'Young Adult', 'Fiction', 'Humor', 'Magic', 'Dragons', 'Adventure']"
9780451216953,Dark Lover ,J.R. Ward,Penguin Group (USA),English,"['Paranormal', 'Vampires', 'Paranormal Romance', 'Fantasy', 'Urban Fantasy', 'Adult', 'Fiction']"
9781101904220,Dark Matter,Blake Crouch,Ballantine Books,English,"['Science Fiction', 'Fiction', 'Thriller', 'Mystery', 'Audiobook', 'Mystery Thriller', 'Adult']"
9781476777948,Dark Wild Night ,Christina Lauren,Gallery Books,English,"['Romance', 'New Adult', 'Contemporary', 'Contemporary Romance', 'Erotica', 'Audiobook', 'Adult']"
9781849013765,Darker After Midnight ,Lara Adrian,Robinson Publishing,English,"['Paranormal Romance', 'Paranormal', 'Vampires', 'Romance', 'Fantasy', 'Urban Fantasy', 'Adult']"
9780061659256,Darkest Mercy ,Melissa Marr,Harper,English,"['Fantasy', 'Young Adult', 'Paranormal', 'Romance', 'Urban Fantasy', 'Fairies', 'Fae']"
9780385339155,Darkfever ,Karen Marie Moning,Delacorte Press,English,"['Fantasy', 'Urban Fantasy', 'Paranormal', 'Romance', 'Fae', 'Paranormal Romance', 'Adult']"
9780553505849,"Darkness, Take My Hand ",Dennis Lehane,Bantam,English,"['Mystery', 'Fiction', 'Crime', 'Thriller', 'Mystery Thriller', 'Detective', 'Noir']"
9780345459817,Darwin's Radio ,Greg Bear,Ballantine Books,English,"['Science Fiction', 'Fiction', 'Thriller', 'Science Fiction Fantasy', 'Evolution', 'Speculative Fiction', 'Audiobook']"
9780061120251,Daughter of Fortune,Isabel Allende,Harper Perennial,English,"['Historical Fiction', 'Fiction', 'Historical', 'Romance', 'Magical Realism', 'Novels', 'Literature']"
9780316134026,Daughter of Smoke & Bone ,Laini Taylor,"Little, Brown Books for Young Readers",English,"['Fantasy', 'Young Adult', 'Romance', 'Paranormal', 'Urban Fantasy', 'Angels', 'Fiction']"
9780451461483,Daughter of the Blood ,Anne Bishop,Ace,English,"['Fantasy', 'Romance', 'Magic', 'Fiction', 'Dark Fantasy', 'High Fantasy', 'Paranormal']"
9780063031302,Daughter of the Moon Goddess ,Sue Lynn Tan,Harper Voyager,English,"['Fantasy', 'Romance', 'Mythology', 'Young Adult', 'Fiction', 'Retellings', 'Audiobook']"
9781250095961,Daughter of the Pirate King ,Tricia Levenseller,Feiwel and Friends,English,"['Fantasy', 'Young Adult', 'Romance', 'Pirates', 'Young Adult Fantasy', 'Adventure', 'Fiction']"
9780740706004,Dave Barry's Book of Bad Songs,Dave Barry,Andrews McMeel Publishing,English,"['Humor', 'Nonfiction', 'Music', 'Essays', 'Comedy', 'Adult', 'Pop Culture']"
9780449911839,Davita's Harp,Chaim Potok,Random House Publishing Group,English,"['Fiction', 'Jewish', 'Historical Fiction', 'Judaism', 'Literature', 'Classics', 'Religion']"
9780446603775,Dawn ,Octavia E. Butler,Warner Books,English,"['Science Fiction', 'Fiction', 'Fantasy', 'Science Fiction Fantasy', 'Aliens', 'Post Apocalyptic', 'Dystopia']"
9780735216723,Deacon King Kong,James   McBride,Riverhead Books,English,"['Fiction', 'Historical Fiction', 'Audiobook', 'Literary Fiction', 'Mystery', 'African American', 'Historical']"
9780441017157,Dead and Gone ,Charlaine Harris,Ace Books,English,"['Fantasy', 'Vampires', 'Paranormal', 'Urban Fantasy', 'Romance', 'Fiction', 'Mystery']"
9780441013333,Dead as a Doornail ,Charlaine Harris,Ace Books,English,"['Fantasy', 'Vampires', 'Paranormal', 'Urban Fantasy', 'Romance', 'Fiction', 'Mystery']"
9780451460912,Dead Beat ,Jim Butcher,Ace,English,"['Fantasy', 'Urban Fantasy', 'Fiction', 'Mystery', 'Paranormal', 'Magic', 'Audiobook']"
9780425256756,Dead Heat ,Patricia Briggs,Ace,English,"['Urban Fantasy', 'Fantasy', 'Paranormal', 'Romance', 'Werewolves', 'Paranormal Romance', 'Shapeshifters']"
9780441018642,Dead in the Family ,Charlaine Harris,Ace Books,English,"['Fantasy', 'Vampires', 'Paranormal', 'Urban Fantasy', 'Romance', 'Fiction', 'Mystery']"
9780425137499,Dead in the Water ,Dana Stabenow,Berkley,English,"['Mystery', 'Fiction', 'Crime', 'Mystery Thriller', 'Thriller', 'Suspense', 'Audiobook']"
9780679751311,Dead Man Walking: The Eyewitness Account Of The Death Penalty That Sparked a National Debate,Helen Prejean,Knopf Doubleday Publishing Group,English,"['Nonfiction', 'True Crime', 'Memoir', 'Biography', 'Crime', 'Politics', 'Religion']"
9780446405164,Dead Man's Ransom ,Ellis Peters,Mysterious Press,English,"['Mystery', 'Historical Fiction', 'Fiction', 'Historical', 'Crime', 'Historical Mystery', 'Medieval']"
9780446405164,Dead Man's Ransom ,Ellis Peters,Mysterious Press,English,"['Mystery', 'Historical Fiction', 'Fiction', 'Historical', 'Crime', 'Historical Mystery', 'Medieval']"
9780684857541,Dead Man's Walk ,Larry McMurtry,Simon & Schuster,English,"['Westerns', 'Fiction', 'Historical Fiction', 'Adventure', 'Historical', 'Audiobook', 'Novels']"
9780786209859,Dead Over Heels ,Charlaine Harris,Thorndike Press,English,"['Mystery', 'Fiction', 'Cozy Mystery', 'Crime', 'Romance', 'Audiobook', 'Adult']"
9781860491818,Dead Over Heels ,Charlaine Harris,Virago,English,"['Fiction', 'Historical Fiction', 'Classics', 'Australia', 'Novels', 'Literary Fiction', 'Literature']"
9780553282986,Dead Poets Society,N.H. Kleinbaum,Starfire,English,"['Classics', 'Fiction', 'Young Adult', 'Contemporary', 'Poetry', 'Novels', 'Drama']"
9780967134505,Dead Poets Society,N.H. Kleinbaum,Harvest Moon Publishing,English,"['Classics', 'Fiction', 'Young Adult', 'Contemporary', 'Poetry', 'Novels', 'Drama']"
9780441012183,Dead to the World ,Charlaine Harris,Ace Books,English,"['Fantasy', 'Vampires', 'Paranormal', 'Urban Fantasy', 'Romance', 'Fiction', 'Mystery']"
9780441008537,Dead Until Dark ,Charlaine Harris,Ace Books,English,"['Fantasy', 'Vampires', 'Paranormal', 'Romance', 'Urban Fantasy', 'Fiction', 'Mystery']"
9780440017806,Deadeye Dick,Kurt Vonnegut Jr.,Delacorte,English,"['Fiction', 'Classics', 'Humor', 'Literature', 'Science Fiction', 'Novels', 'American']"
9780765310026,Deadhouse Gates ,Steven Erikson,Tor Books,English,"['Fantasy', 'Epic Fantasy', 'Fiction', 'High Fantasy', 'Epic', 'Dark Fantasy', 'Science Fiction Fantasy']"
9780440213321,Deadlock ,Sara Paretsky,Dell,English,"['Mystery', 'Fiction', 'Crime', 'Mystery Thriller', 'Detective', 'Thriller', 'Suspense']"
9780575096578,Deadlocked ,Charlaine Harris,Gollancz,English,"['Fantasy', 'Vampires', 'Paranormal', 'Urban Fantasy', 'Fiction', 'Romance', 'Mystery']"
9780671028367,Deadly Decisions ,Kathy Reichs,Pocket Star,English,"['Mystery', 'Crime', 'Fiction', 'Thriller', 'Mystery Thriller', 'Suspense', 'Detective']"
9780152045661,Dealing with Dragons ,Patricia C. Wrede,HMH Books for Young Readers,English,"['Fantasy', 'Young Adult', 'Dragons', 'Fiction', 'Middle Grade', 'Childrens', 'Magic']"
9781984854780,Dear Edward,Ann Napolitano,The Dial Press,English,"['Fiction', 'Contemporary', 'Audiobook', 'Literary Fiction', 'Coming Of Age', 'Adult', 'Adult Fiction']"
9780446528054,Dear John,Nicholas Sparks,Warner Books (NY),English,"['Romance', 'Fiction', 'Chick Lit', 'Contemporary', 'Adult', 'Contemporary Romance', 'Adult Fiction']"
9780312625207,Death and the Girl Next Door ,Darynda Jones,St. Martin's Press,English,"['Young Adult', 'Paranormal', 'Fantasy', 'Romance', 'Angels', 'Urban Fantasy', 'Paranormal Romance']"
9780060740689,Death at La Fenice ,Donna Leon,Harper Perennial,English,"['Mystery', 'Fiction', 'Italy', 'Crime', 'Mystery Thriller', 'Detective', 'Thriller']"
9780671011376,Death du Jour ,Kathy Reichs,Pocket Star,English,"['Mystery', 'Crime', 'Fiction', 'Thriller', 'Mystery Thriller', 'Suspense', 'Murder Mystery']"
9781933397696,Death In Disguise ,Caroline Graham,Felony & Mayhem,English,"['Mystery', 'Fiction', 'Crime', 'British Literature', 'Mystery Thriller', 'Cozy Mystery', 'Detective']"
9780345446664,Death in Holy Orders ,P.D. James,Ballantine Books,English,"['Mystery', 'Fiction', 'Crime', 'Detective', 'Mystery Thriller', 'British Literature', 'Thriller']"
9780449210956,Death in the Devil's Acre ,Anne Perry,BallantineBooks,English,"['Mystery', 'Historical Fiction', 'Historical Mystery', 'Fiction', 'Historical', 'Victorian', 'Mystery Thriller']"
9780451459404,Death Masks ,Jim Butcher,Ace,English,"['Fantasy', 'Urban Fantasy', 'Fiction', 'Mystery', 'Paranormal', 'Magic', 'Audiobook']"
9781933397269,Death Of A Hollow Man ,Caroline Graham,Felony & Mayhem,English,"['Mystery', 'Fiction', 'Crime', 'Mystery Thriller', 'British Literature', 'Cozy Mystery', 'Detective']"
9781569472545,Death of an Englishman ,Magdalen Nabb,Soho Crime,English,"['Mystery', 'Italy', 'Fiction', 'Crime', 'Mystery Thriller', 'Christmas', 'Detective']"
9781852864989,Death: The High Cost of Living,Neil Gaiman,Titan Books,English,"['Graphic Novels', 'Comics', 'Fantasy', 'Fiction', 'Graphic Novels Comics', 'Comic Book', 'Urban Fantasy']"
9781852864989,Death: The High Cost of Living,Neil Gaiman,Titan Books,English,"['Graphic Novels', 'Comics', 'Fantasy', 'Fiction', 'Graphic Novels Comics', 'Comic Book', 'Urban Fantasy']"
9781563893339,Death: The Time of Your Life,Neil Gaiman,Vertigo,English,"['Graphic Novels', 'Comics', 'Fantasy', 'Fiction', 'Graphic Novels Comics', 'Comic Book', 'Urban Fantasy']"
9781563893339,Death: The Time of Your Life,Neil Gaiman,Vertigo,English,"['Graphic Novels', 'Comics', 'Fantasy', 'Fiction', 'Graphic Novels Comics', 'Comic Book', 'Urban Fantasy']"
9780425147580,Debt of Honor ,Tom Clancy,Berkley Books,English,"['Fiction', 'Thriller', 'Military Fiction', 'Espionage', 'Action', 'Suspense', 'Adventure']"
9780553565065,Deception,Amanda Quick,Bantam Books,English,"['Romance', 'Historical Romance', 'Historical', 'Historical Fiction', 'Fiction', 'Regency', 'Mystery']"
9780553575095,Deception on His Mind ,Elizabeth  George,Bantam Books,English,"['Mystery', 'Fiction', 'Crime', 'Mystery Thriller', 'Thriller', 'Detective', 'British Literature']"
9780553575095,Deception on His Mind ,Elizabeth  George,Bantam Books,English,"['Mystery', 'Fiction', 'Crime', 'Mystery Thriller', 'Thriller', 'Detective', 'British Literature']"
9780671027384,Deception Point,Dan Brown,Pocket Books,English,"['Fiction', 'Thriller', 'Mystery', 'Suspense', 'Mystery Thriller', 'Adventure', 'Science Fiction']"
9780060921088,Declarations of Independence: Cross-Examining American Ideology,Howard Zinn,Perennial,English,"['History', 'Politics', 'Nonfiction', 'American History', 'Political Science', 'Philosophy', 'American']"
9780671503734,Deep Six ,Clive Cussler,Simon & Schuster,English,"['Fiction', 'Adventure', 'Thriller', 'Action', 'Mystery', 'Suspense', 'Mystery Thriller']"
9780425178959,Deep South ,Nevada Barr,Berkley,English,"['Mystery', 'Fiction', 'Mystery Thriller', 'Crime', 'Suspense', 'Thriller', 'Audiobook']"
9780671524203,Deep Waters,Jayne Ann Krentz,Pocket Star Books,English,"['Romance', 'Contemporary', 'Romantic Suspense', 'Contemporary Romance', 'Mystery', 'Suspense', 'Fiction']"
9780441000692,Deerskin,Robin McKinley,Ace,English,"['Fantasy', 'Fairy Tales', 'Fiction', 'Young Adult', 'Romance', 'Retellings', 'Science Fiction Fantasy']"
9780385344227,Defending Jacob,William Landay,Delacorte Press,English,"['Fiction', 'Mystery', 'Thriller', 'Crime', 'Mystery Thriller', 'Suspense', 'Audiobook']"
9781595143921,Defiance ,Lili St. Crow,Razorbill,English,"['Young Adult', 'Vampires', 'Paranormal', 'Fantasy', 'Urban Fantasy', 'Werewolves', 'Romance']"
9780441014910,Definitely Dead ,Charlaine Harris,Ace Books,English,"['Fantasy', 'Vampires', 'Paranormal', 'Urban Fantasy', 'Romance', 'Fiction', 'Mystery']"
9780061726835,Delirium ,Lauren Oliver,HarperCollins,English,"['Young Adult', 'Dystopia', 'Romance', 'Fantasy', 'Science Fiction', 'Fiction', 'Teen']"
9780345363312,Demon Lord of Karanda ,David Eddings,Del Rey,English,"['Fantasy', 'Fiction', 'Epic Fantasy', 'High Fantasy', 'Science Fiction Fantasy', 'Young Adult', 'Adventure']"
9781423121312,Demonglass ,Rachel Hawkins,Disney,English,"['Young Adult', 'Fantasy', 'Paranormal', 'Romance', 'Magic', 'Vampires', 'Witches']"
9781501122859,Denial ,Lisa Renee Jones,Gallery Books,English,"['Romance', 'Romantic Suspense', 'Suspense', 'Contemporary Romance', 'Contemporary', 'Mystery', 'Erotica']"
9780553561531,Desire,Amanda Quick,Bantam Books,English,"['Romance', 'Historical Romance', 'Historical', 'Medieval', 'Historical Fiction', 'Fiction', 'Medieval Romance']"
9780061779848,Desires of the Dead ,Kimberly Derting,HarperCollins Children's Books,English,"['Young Adult', 'Paranormal', 'Mystery', 'Romance', 'Fantasy', 'Supernatural', 'Fiction']"
9780670868360,Desperation,Stephen King,Viking Penguin,English,"['Horror', 'Fiction', 'Thriller', 'Fantasy', 'Suspense', 'Supernatural', 'Paranormal']"
9781905654871,Destined ,P.C. Cast,Atom,English,"['Young Adult', 'Vampires', 'Fantasy', 'Paranormal', 'Romance', 'Supernatural', 'Fiction']"
9780061583216,Destined for an Early Grave ,Jeaniene Frost,Avon,English,"['Vampires', 'Paranormal', 'Urban Fantasy', 'Paranormal Romance', 'Fantasy', 'Adult', 'Fiction']"
9780593133378,"Detransition, Baby",Torrey Peters,One World,English,"['Fiction', 'LGBT', 'Queer', 'Contemporary', 'Literary Fiction', 'Transgender', 'Audiobook']"
9780446679190,Devices and Desires ,P.D. James,Warner Books,English,"['Mystery', 'Fiction', 'Crime', 'Detective', 'Mystery Thriller', 'British Literature', 'Audiobook']"
9780446407410,Dewey: The Small-Town Library Cat Who Touched the World,Vicki Myron,Grand Central Publishing,English,"['Nonfiction', 'Animals', 'Memoir', 'Cats', 'Biography', 'Adult', 'Biography Memoir']"
9780593336731,Dial A for Aunties ,Jesse Q. Sutanto,Berkley,English,"['Romance', 'Fiction', 'Contemporary', 'Mystery', 'Audiobook', 'Adult', 'Humor']"
9781854793843,Diana : Her True Story - In Her Own Words,Andrew Morton,Michael Omara,English,"['Biography', 'Nonfiction', 'History', 'Memoir', 'Audiobook', 'Biography Memoir', 'Autobiography']"
9780060001506,Diary of a Worm,Doreen Cronin,HarperCollins,English,"['Picture Books', 'Childrens', 'Fiction', 'Humor', 'Animals', 'Fantasy', 'Nature']"
9780520231122,Dictee,Theresa Hak Kyung Cha,University of California Press,English,"['Poetry', 'Fiction', 'Art', 'Contemporary', 'School', 'Literature', 'Feminism']"
9780062004017,Die for Me ,Amy Plum,HarperTeen,English,"['Young Adult', 'Paranormal', 'Fantasy', 'Romance', 'Paranormal Romance', 'Zombies', 'Supernatural']"
9783764500016,Die Schwingen des Horus,Wilbur Smith,Blanvalet,German,"['Historical Fiction', 'Fiction', 'Adventure', 'Egypt', 'Historical', 'Thriller', 'Mystery']"
9780515142242,Die Trying ,Lee Child,Jove,English,"['Thriller', 'Fiction', 'Mystery', 'Crime', 'Action', 'Mystery Thriller', 'Suspense']"
9780751514629,Different Seasons,Stephen King,Warner Books,English,"['Horror', 'Fiction', 'Short Stories', 'Thriller', 'Mystery', 'Fantasy', 'Classics']"
9780553590159,Dime Store Magic ,Kelley Armstrong,Bantam,English,"['Urban Fantasy', 'Fantasy', 'Paranormal', 'Romance', 'Witches', 'Paranormal Romance', 'Magic']"
9780449911594,Dinner at the Homesick Restaurant,Anne Tyler,Ballantine Books,English,"['Fiction', 'Contemporary', 'Literary Fiction', 'Novels', 'American', 'Literature', 'Classics']"
9780679824114,Dinosaurs Before Dark ,Mary Pope Osborne,Random House,English,"['Fantasy', 'Childrens', 'Fiction', 'Chapter Books', 'Adventure', 'Historical Fiction', 'Middle Grade']"
9780743436120,Diplomatic Immunity ,Bujold Lois Mcmaster,Baen Publishing Enterprises,English,"['Science Fiction', 'Space Opera', 'Fiction', 'Mystery', 'Science Fiction Fantasy', 'Fantasy', 'Audiobook']"
9781732624702,Dirty Headlines,L.J. Shen,LJ Shen,English,"['Romance', 'Contemporary Romance', 'Contemporary', 'New Adult', 'Adult', 'Erotica', 'Audiobook']"
9780440221791,Dirty White Boys,Stephen Hunter,Dell,English,"['Fiction', 'Thriller', 'Crime', 'Mystery', 'Action', 'Suspense', 'Mystery Thriller']"
9780670887316,Disgrace,J.M. Coetzee,Viking,English,"['Fiction', 'Africa', 'South Africa', 'Classics', 'Literature', 'Novels', 'Contemporary']"
9781570820878,Disney's The Lion King,Don Ferguson,Mouse Works,English,"['Childrens', 'Picture Books', 'Fiction', 'Animals', 'Fantasy', 'Classics', 'Adventure']"
9780330411967,Dissolution ,C.J. Sansom,Pan,English,"['Historical Fiction', 'Mystery', 'Fiction', 'Historical', 'Crime', 'Historical Mystery', 'Mystery Thriller']"
9780062024039,Divergent ,Veronica Roth,Katherine Tegen Books,English,"['Young Adult', 'Dystopia', 'Fantasy', 'Fiction', 'Science Fiction', 'Romance', 'Adventure']"
9781250857439,Divine Rivals ,Rebecca   Ross,Wednesday Books,English,"['Fantasy', 'Romance', 'Young Adult', 'Fiction', 'Historical Fiction', 'Fantasy Romance', 'Audiobook']"
9780060759957,Divine Secrets of the Ya-Ya Sisterhood,Rebecca Wells,Harper Perennial,English,"['Fiction', 'Chick Lit', 'Contemporary', 'Adult Fiction', 'Southern', 'Historical Fiction', 'Adult']"
9780984967544,Divorce Hotel,B.R. Snow,B.R. Snow,English,"['Humor', 'Fiction', 'Horror']"
9780374418106,Doctor De Soto,William Steig,"Farrar, Straus and Giroux",English,"['Picture Books', 'Childrens', 'Fiction', 'Animals', 'Fantasy', 'Humor', 'Classics']"
9780140149043,Dogeaters,Jessica Hagedorn,Penguin Books,English,"['Fiction', 'Historical Fiction', 'Novels', 'School', 'Literature', 'Asia', 'Contemporary']"
9781101138175,Dolores Claiborne,Stephen King,Signet Book,English,"['Horror', 'Fiction', 'Thriller', 'Mystery', 'Crime', 'Suspense', 'Audiobook']"
9781735322315,Don't Close Your Eyes,Lynessa James,Lynessa Layne Literature,English,"['Romance', 'Reverse Harem', 'Fiction', 'Contemporary', 'Crime', 'Suspense', 'Contemporary Romance']"
9781423116387,Don't Judge a Girl by Her Cover ,Ally Carter,Disney ● Hyperion Books,English,"['Young Adult', 'Mystery', 'Romance', 'Contemporary', 'Fiction', 'Espionage', 'Adventure']"
9781844280131,Don't Let the Pigeon Drive the Bus!,Mo Willems,Walker Books Ltd,English,"['Picture Books', 'Childrens', 'Humor', 'Fiction', 'Animals', 'Storytime', 'Fantasy']"
9780553562736,Doomsday Book ,Connie Willis,Bantam Spectra,English,"['Science Fiction', 'Time Travel', 'Historical Fiction', 'Fiction', 'Fantasy', 'Historical', 'Science Fiction Fantasy']"
9780553250336,Double Love ,Francine Pascal,Bantam Books,English,"['Young Adult', 'Childrens', 'Fiction', 'Chick Lit', 'Romance', 'Middle Grade', 'High School']"
9780451419712,Down London Road ,Samantha Young,NAL,English,"['Romance', 'Contemporary Romance', 'New Adult', 'Contemporary', 'Adult', 'Erotica', 'Chick Lit']"
9780441009169,Dragon Bones ,Patricia Briggs,Ace Fantasy,English,"['Fantasy', 'Dragons', 'Magic', 'Fiction', 'High Fantasy', 'Paranormal', 'Science Fiction Fantasy']"
9780439456951,Dragon Rider,Cornelia Funke,The Chicken House,English,"['Fantasy', 'Dragons', 'Young Adult', 'Fiction', 'Middle Grade', 'Childrens', 'Adventure']"
9780008173067,Dragon Teeth,Michael Crichton,HarperCollins Publishers,English,"['Historical Fiction', 'Fiction', 'Westerns', 'Adventure', 'Audiobook', 'Historical', 'Thriller']"
9780553286397,Dragon Wing ,Margaret Weis,Spectra,English,"['Fantasy', 'Fiction', 'Dragons', 'Epic Fantasy', 'High Fantasy', 'Science Fiction Fantasy', 'Magic']"
9780880386524,Dragonlance Chronicles ,Margaret Weis,Wizards of the Coast,English,"['Fantasy', 'Dragonlance', 'Fiction', 'Epic Fantasy', 'High Fantasy', 'Science Fiction Fantasy', 'Dragons']"
9781250000231,Dragon's Oath ,P.C. Cast,St. Martin's Griffin,English,"['Vampires', 'Young Adult', 'Fantasy', 'Paranormal', 'Romance', 'Fiction', 'Supernatural']"
9780786915743,Dragons of Autumn Twilight  ,Margaret Weis,Wizards of the Coast,English,"['Fantasy', 'Dragonlance', 'Fiction', 'Dragons', 'High Fantasy', 'Epic Fantasy', 'Science Fiction Fantasy']"
9780786915743,Dragons of Autumn Twilight  ,Margaret Weis,Wizards of the Coast,English,"['Fantasy', 'Dragonlance', 'Fiction', 'Dragons', 'High Fantasy', 'Epic Fantasy', 'Science Fiction Fantasy']"
9780786930708,Dragons of Spring Dawning ,Margaret Weis,Wizards of the Coast,English,"['Fantasy', 'Dragonlance', 'Fiction', 'Dragons', 'High Fantasy', 'Epic Fantasy', 'Science Fiction Fantasy']"
9780786916092,Dragons of Winter Night ,Margaret Weis,Wizards of the Coast,English,"['Fantasy', 'Dragonlance', 'Fiction', 'Dragons', 'High Fantasy', 'Science Fiction Fantasy', 'Epic Fantasy']"
9780893662134,Dragonsdawn ,Anne McCaffrey,Ultramarine Pub Co,English,"['Fantasy', 'Science Fiction', 'Dragons', 'Fiction', 'Science Fiction Fantasy', 'Young Adult', 'Adult']"
9780517287774,Dragonseye ,Anne McCaffrey,Random House Value Publishing,English,"['Fantasy', 'Science Fiction', 'Dragons', 'Fiction', 'Science Fiction Fantasy', 'Adult', 'Young Adult']"
9780671019754,Dream Man,Linda Howard,Pocket Books,English,"['Romance', 'Romantic Suspense', 'Suspense', 'Contemporary', 'Contemporary Romance', 'Paranormal', 'Mystery']"
9780385341653,Dreamfever ,Karen Marie Moning,Delacorte Press,English,"['Fantasy', 'Urban Fantasy', 'Paranormal', 'Romance', 'Fae', 'Paranormal Romance', 'Adult']"
9780062012012,Dreamless ,Josephine Angelini,HarperTeen,English,"['Fantasy', 'Young Adult', 'Mythology', 'Romance', 'Paranormal', 'Greek Mythology', 'Urban Fantasy']"
9781439136805,Dreams of a Dark Warrior ,Kresley Cole,Pocket,English,"['Paranormal Romance', 'Paranormal', 'Romance', 'Fantasy', 'Vampires', 'Urban Fantasy', 'Adult']"
9780316134071,Dreams of Gods & Monsters ,Laini Taylor,"Little, Brown & Company",English,"['Fantasy', 'Young Adult', 'Romance', 'Angels', 'Paranormal', 'Urban Fantasy', 'Fiction']"
9781586215026,Dress Your Family in Corduroy and Denim,David Sedaris,Grand Central Publishing,English,"['Humor', 'Nonfiction', 'Memoir', 'Essays', 'Short Stories', 'Comedy', 'Audiobook']"
9780451234865,Drink Deep ,Chloe Neill,New American Library,English,"['Urban Fantasy', 'Vampires', 'Paranormal', 'Fantasy', 'Romance', 'Paranormal Romance', 'Magic']"
9780385335980,Drums of Autumn ,Diana Gabaldon,Dell,English,"['Historical Fiction', 'Romance', 'Fantasy', 'Fiction', 'Time Travel', 'Historical', 'Historical Romance']"
9781416552512,Duma Key,Stephen King,Scribner Book Company,English,"['Horror', 'Fiction', 'Thriller', 'Fantasy', 'Mystery', 'Supernatural', 'Audiobook']"
9781551664798,Duncan's Bride ,Linda Howard,Mira,English,"['Romance', 'Contemporary Romance', 'Contemporary', 'Westerns', 'Western Romance', 'Historical Romance', 'Historical']"
9780812968149,Durable Goods ,Elizabeth Berg,Ballantine Books,English,"['Fiction', 'Young Adult', 'Coming Of Age', 'Chick Lit', 'Contemporary', 'Adult Fiction', 'Novels']"
9780753170717,Dying for Chocolate ,Diane Mott Davidson,Isis Large Print,English,"['Mystery', 'Fiction', 'Cozy Mystery', 'Mystery Thriller', 'Food', 'Culinary', 'Audiobook']"
9780312939038,E is for Evidence ,Sue Grafton,St. Martin's Paperbacks,English,"['Mystery', 'Fiction', 'Crime', 'Mystery Thriller', 'Detective', 'Audiobook', 'Suspense']"
9781594866371,Earth in the Balance: Ecology and the Human Spirit,Al Gore,Rodale Books,English,"['Nonfiction', 'Science', 'Environment', 'Politics', 'Ecology', 'Sustainability', 'Climate Change']"
9780152052218,East ,Edith Pattou,HMH Books for Young Readers,English,"['Fantasy', 'Young Adult', 'Romance', 'Fairy Tales', 'Retellings', 'Fiction', 'Adventure']"
9780099533016,"East, West",Salman Rushdie,Vintage Books,English,"['Fiction', 'Short Stories', 'India', 'Magical Realism', 'Literary Fiction', 'Literature', 'Indian Literature']"
9780425266748,Easy ,Tammara Webber,Penguin Berkley,English,"['Romance', 'New Adult', 'Contemporary', 'Young Adult', 'Contemporary Romance', 'College', 'Fiction']"
9781633500044,Easy Love ,Kristen Proby,Ampersand Publishing,English,"['Romance', 'Contemporary Romance', 'Contemporary', 'Adult', 'Audiobook', 'Chick Lit', 'New Adult']"
9780743484183,Easy Prey ,John Sandford,Simon & Schuster,English,"['Mystery', 'Fiction', 'Thriller', 'Crime', 'Mystery Thriller', 'Suspense', 'Detective']"
9780143038412,"Eat, Pray, Love",Elizabeth Gilbert,Riverhead Books,English,"['Nonfiction', 'Memoir', 'Travel', 'Biography', 'Romance', 'Chick Lit', 'Spirituality']"
9781592402038,"Eats, Shoots & Leaves: The Zero Tolerance Approach to Punctuation",Lynne Truss,The Penguin Group,English,"['Nonfiction', 'Writing', 'Language', 'Reference', 'Humor', 'Linguistics', 'Education']"
9780996397018,Echo ,E.K. Blair,E.K. Blair LLC,English,"['Dark', 'Romance', 'Erotica', 'BDSM', 'Abuse', 'Contemporary', 'Suspense']"
9781908105264,"Echo McCool, Outlaw Through Time",Roger K. Driscoll,Roger Keith Driscoll,English,"['Time Travel', 'Fantasy', 'Magic', 'Middle Grade', 'Young Adult', 'Science Fiction', 'Fiction']"
9780316734950,Echo Park ,Michael Connelly,"Little, Brown & Company",English,"['Mystery', 'Fiction', 'Crime', 'Thriller', 'Detective', 'Mystery Thriller', 'Audiobook']"
9780440122098,Echoes,Maeve Binchy,Dell,English,"['Fiction', 'Ireland', 'Chick Lit', 'Romance', 'Historical Fiction', 'Irish Literature', 'Contemporary']"
9781250123114,Echoes in Death ,J.D. Robb,St. Martin's Press,English,"['Mystery', 'Romance', 'Fiction', 'Crime', 'Romantic Suspense', 'Futuristic', 'Suspense']"
9780316160209,Eclipse ,Stephenie Meyer,"Little, Brown and Company",English,"['Fantasy', 'Young Adult', 'Romance', 'Vampires', 'Fiction', 'Paranormal', 'Paranormal Romance']"
9780446556828,Ecstasy Unveiled ,Larissa Ione,Hachette Book Group,English,"['Paranormal Romance', 'Paranormal', 'Romance', 'Demons', 'Fantasy', 'Angels', 'Vampires']"
9780446556828,Ecstasy Unveiled ,Larissa Ione,Hachette Book Group,English,"['Paranormal Romance', 'Paranormal', 'Romance', 'Demons', 'Fantasy', 'Angels', 'Vampires']"
9780894801402,Edna O'Brien Reader,Edna O'Brien,Workman Publishing,English,"['Humor', 'Nonfiction', 'Fashion', 'Comedy', 'Self Help', 'Pop Culture', 'History']"
9781682309810,Egomaniac,Vi Keeland,EverAfter Romance,English,"['Romance', 'Contemporary', 'Contemporary Romance', 'New Adult', 'Humor', 'Adult', 'Audiobook']"
9780062838209,Eight Perfect Murders,Peter  Swanson,William Morrow,English,"['Mystery', 'Thriller', 'Mystery Thriller', 'Fiction', 'Audiobook', 'Crime', 'Adult']"
9781250045652,Eighth Grave After Dark ,Darynda Jones,St. Martin's Press,English,"['Paranormal', 'Urban Fantasy', 'Fantasy', 'Romance', 'Paranormal Romance', 'Mystery', 'Demons']"
9780743264730,Einstein: His Life and Universe,Walter Isaacson,Simon & Schuster,English,"['Biography', 'Nonfiction', 'Science', 'History', 'Physics', 'Biography Memoir', 'Audiobook']"
9780765350374,Elantris ,Brandon Sanderson,Tor Fantasy,English,"['Fantasy', 'Fiction', 'High Fantasy', 'Epic Fantasy', 'Adult', 'Audiobook', 'Magic']"
9780375840401,Eldest ,Christopher Paolini,Knopf Books for Young Readers,English,"['Fantasy', 'Young Adult', 'Fiction', 'Dragons', 'Adventure', 'Magic', 'High Fantasy']"
9780345434876,Eleanor of Aquitaine: A Life,Alison Weir,Ballantine Books,English,"['History', 'Biography', 'Nonfiction', 'Medieval', 'Historical', 'France', 'British Literature']"
9780735220683,Eleanor Oliphant Is Completely Fine,Gail Honeyman,Pamela Dorman Books / Viking,English,"['Fiction', 'Contemporary', 'Audiobook', 'Mental Health', 'Adult', 'Romance', 'Adult Fiction']"
9781728231761,Electric Idol ,Katee Robert,Sourcebooks Casablanca,English,"['Romance', 'Fantasy', 'Mythology', 'Retellings', 'Adult', 'Fiction', 'Greek Mythology']"
9780375705755,Elementals: Stories of Fire and Ice,A.S. Byatt,Vintage,English,"['Short Stories', 'Fiction', 'Fantasy', 'Magical Realism', 'Literary Fiction', 'Fairy Tales', 'British Literature']"
9780060589288,Eleven Minutes,Paulo Coelho,HarperOne,English,"['Fiction', 'Romance', 'Novels', 'Contemporary', 'Philosophy', 'Literature', 'Adult']"
9781400068326,Eligible: A Modern Retelling of Pride & Prejudice,Curtis Sittenfeld,Random House Publishing Group,English,"['Fiction', 'Romance', 'Chick Lit', 'Contemporary', 'Retellings', 'Audiobook', 'Adult']"
9780062290137,Eliza and Her Monsters,Francesca Zappia,Greenwillow Books,English,"['Contemporary', 'Young Adult', 'Romance', 'Mental Health', 'Fiction', 'Young Adult Contemporary', 'Realistic Fiction']"
9780590920681,Ella Enchanted ,Gail Carson Levine,Scholastic Books,English,"['Fantasy', 'Young Adult', 'Fiction', 'Romance', 'Middle Grade', 'Childrens', 'Fairy Tales']"
9780967370163,Ella Minnow Pea,Mark Dunn,MacAdam/Cage Publishing,English,"['Fiction', 'Fantasy', 'Humor', 'Young Adult', 'Dystopia', 'Contemporary', 'Adult']"
9780312243692,Elleander Morning: A Novel,Jerry Yulsman,St Martins Pr,English,"['Science Fiction', 'Fiction', 'Time Travel', 'Alternate History', 'Fantasy', 'Historical Fiction', 'Classics']"
9780375703058,Ellen Foster,Kaye Gibbons,Vintage Books,English,"['Fiction', 'Coming Of Age', 'Southern', 'Young Adult', 'Contemporary', 'Adult Fiction', 'Literary Fiction']"
9780394757575,Ellen Foster,Kaye Gibbons,Vintage,English,"['Fiction', 'Coming Of Age', 'Southern', 'Young Adult', 'Contemporary', 'Adult Fiction', 'Literary Fiction']"
9781560769361,Elminster: The Making of a Mage ,Ed Greenwood,TSR,English,"['Fantasy', 'Forgotten Realms', 'Fiction', 'Dungeons and Dragons', 'High Fantasy', 'Science Fiction Fantasy', 'Magic']"
9780425091036,Elvis and Me: The True Story of the Love Between Priscilla Presley and the King of Rock N' Roll,Priscilla Beaulieu Presley,Berkley Books,English,"['Nonfiction', 'Biography', 'Memoir', 'Music', 'Audiobook', 'Autobiography', 'Biography Memoir']"
9780593500132,Emily Wilde's Encyclopaedia of Faeries ,Heather Fawcett,Del Rey,English,"['Fantasy', 'Romance', 'Fiction', 'Historical Fiction', 'Adult', 'Fae', 'Historical']"
9780679882909,Emperor Mage ,Tamora Pierce,Random House,English,"['Fantasy', 'Young Adult', 'Fiction', 'Magic', 'Young Adult Fantasy', 'Adventure', 'High Fantasy']"
9780141035260,Empire,Niall Ferguson,Penguin Books,English,"['History', 'Nonfiction', 'Politics', 'Economics', 'British Literature', 'World History', 'European History']"
9780375726408,Empire Falls,Richard Russo,Vintage Books,English,"['Fiction', 'Contemporary', 'Literary Fiction', 'Literature', 'Novels', 'Adult Fiction', 'Book Club']"
9780345496874,Empire of Ivory ,Naomi Novik,Del Rey,English,"['Fantasy', 'Dragons', 'Historical Fiction', 'Fiction', 'Alternate History', 'Historical', 'Historical Fantasy']"
9780385545686,Empire of Pain: The Secret History of the Sackler Dynasty,Patrick Radden Keefe,Doubleday,English,"['Nonfiction', 'History', 'Audiobook', 'Biography', 'True Crime', 'Business', 'Science']"
9780743265232,Empire of the Sun,J.G. Ballard,PANTHER Granada Publishing,English,"['Fiction', 'Historical Fiction', 'War', 'China', 'Classics', 'Historical', 'World War II']"
9780373079612,Enchanted ,Nora Roberts,Silhouette Books,English,"['Romance', 'Paranormal', 'Fantasy', 'Paranormal Romance', 'Contemporary Romance', 'Fiction', 'Contemporary']"
9780345300782,Enchanters' End Game ,David Eddings,Del Rey,English,"['Fantasy', 'Fiction', 'Epic Fantasy', 'High Fantasy', 'Young Adult', 'Science Fiction Fantasy', 'Adventure']"
9780312650087,Enclave ,Ann Aguirre,Feiwel & Friends,English,"['Young Adult', 'Dystopia', 'Zombies', 'Science Fiction', 'Post Apocalyptic', 'Fantasy', 'Romance']"
9780812550702,Ender’s Game ,Orson Scott Card,Tor,English,"['Science Fiction', 'Fiction', 'Young Adult', 'Fantasy', 'Classics', 'Science Fiction Fantasy', 'Dystopia']"
9780765342409,Ender's Shadow ,Orson Scott Card,Starscape,English,"['Science Fiction', 'Fiction', 'Young Adult', 'Fantasy', 'Science Fiction Fantasy', 'Audiobook', 'Space']"
9780099481249,Enduring Love,Ian McEwan,Vintage Books,English,"['Fiction', 'Contemporary', 'Literary Fiction', 'Literature', 'British Literature', 'Novels', 'Romance']"
9782070417643,"England, England",Julian Barnes,Gallimard,French,"['Fiction', 'British Literature', 'Literary Fiction', 'Literature', 'Contemporary', 'Novels', '20th Century']"
9780743271271,English Creek,Ivan Doig,Scribner,English,"['Fiction', 'Historical Fiction', 'Westerns', 'Coming Of Age', 'Historical', 'Literature', 'Novels']"
9780804115483,Enigma,Robert   Harris,Ballantine Books,English,"['Historical Fiction', 'Fiction', 'Thriller', 'Historical', 'Mystery', 'War', 'Espionage']"
9780062001030,Entwined,Heather Dixon Wallwork,Greenwillow Books,English,"['Fantasy', 'Young Adult', 'Romance', 'Retellings', 'Fairy Tales', 'Magic', 'Fiction']"
9780961392116,Envisioning Information,Edward R. Tufte,Graphics Press,English,"['Design', 'Nonfiction', 'Science', 'Reference', 'Art', 'Business', 'Art Design']"
9780670063116,Eona: The Last Dragoneye ,Alison Goodman,VIKING,English,"['Fantasy', 'Young Adult', 'Dragons', 'Romance', 'Magic', 'Fiction', 'High Fantasy']"
9781626204645,Epilogue ,C.J. Roberts,"Neurotica Books, LLC",English,"['Dark', 'Romance', 'BDSM', 'Erotica', 'Adult', 'Contemporary', 'Contemporary Romance']"
9780060855901,Equal Rites ,Terry Pratchett,Harper Perennial,English,"['Fantasy', 'Fiction', 'Humor', 'Comedy', 'Magic', 'Science Fiction Fantasy', 'Witches']"
9780375826696,Eragon ,Christopher Paolini,Alfred A. Knopf,English,"['Fantasy', 'Young Adult', 'Fiction', 'Dragons', 'Adventure', 'Magic', 'High Fantasy']"
9780439120425,Esperanza Rising,Pam Muñoz Ryan,"Scholastic, Inc.",English,"['Historical Fiction', 'Middle Grade', 'Young Adult', 'Fiction', 'Childrens', 'Historical', 'Realistic Fiction']"
9780451474490,Etched in Bone ,Anne Bishop,Roc,English,"['Fantasy', 'Urban Fantasy', 'Paranormal', 'Vampires', 'Romance', 'Shapeshifters', 'Adult']"
9781423351702,Eternity in Death ,J.D. Robb,Brilliance Audio,English,"['Mystery', 'Romance', 'Crime', 'Romantic Suspense', 'Futuristic', 'Fiction', 'Suspense']"
9780671656041,Ethan of Athos ,Lois McMaster Bujold,Baen,English,"['Science Fiction', 'Fiction', 'Space Opera', 'Science Fiction Fantasy', 'Adventure', 'Fantasy', 'Audiobook']"
9780156007818,Eucalyptus,Murray Bail,Harvest Books,English,"['Fiction', 'Australia', 'Romance', 'Contemporary', 'Literature', 'Literary Fiction', 'Historical Fiction']"
9780143036593,Europe Central,William T. Vollmann,Penguin,English,"['Fiction', 'Historical Fiction', 'Novels', 'Literature', 'War', 'Germany', 'American']"
9780553280586,Eva Luna,Isabel Allende,Bantam,English,"['Fiction', 'Magical Realism', 'Historical Fiction', 'Classics', 'Romance', 'Spanish Literature', 'Latin American']"
9780375725760,Eventide ,Kent Haruf,Vintage,English,"['Fiction', 'Literary Fiction', 'Contemporary', 'Literature', 'Novels', 'Adult Fiction', 'Relationships']"
9780061957918,Ever After ,Kim Harrison,Harper Voyager,English,"['Urban Fantasy', 'Fantasy', 'Paranormal', 'Vampires', 'Demons', 'Witches', 'Magic']"
9780312532758,Evermore ,Alyson Noel,St. Martin's Griffin,English,"['Young Adult', 'Fantasy', 'Paranormal', 'Romance', 'Paranormal Romance', 'Fiction', 'Supernatural']"
9780312532758,Evermore ,Alyson Noel,St. Martin's Griffin,English,"['Young Adult', 'Fantasy', 'Paranormal', 'Romance', 'Paranormal Romance', 'Fiction', 'Supernatural']"
9780062071132,Everneath ,Brodi Ashton,Balzer + Bray,English,"['Young Adult', 'Fantasy', 'Paranormal', 'Mythology', 'Romance', 'Paranormal Romance', 'Supernatural']"
9780765385505,Every Heart a Doorway ,Seanan McGuire,Tor.com,English,"['Fantasy', 'Young Adult', 'Fiction', 'Mystery', 'LGBT', 'Audiobook', 'Novella']"
9781476717807,Every Note Played,Lisa Genova,Scout Press,English,"['Fiction', 'Contemporary', 'Audiobook', 'Music', 'Medical', 'Adult', 'Adult Fiction']"
9780593438534,Every Summer After,Carley Fortune,Berkley,English,"['Romance', 'Fiction', 'Contemporary', 'Audiobook', 'Contemporary Romance', 'Adult', 'Chick Lit']"
9780060572990,Every Which Way But Dead ,Kim Harrison,HarperTorch,English,"['Urban Fantasy', 'Fantasy', 'Paranormal', 'Vampires', 'Witches', 'Magic', 'Fiction']"
9780060572990,Every Which Way But Dead ,Kim Harrison,HarperTorch,English,"['Urban Fantasy', 'Fantasy', 'Paranormal', 'Vampires', 'Witches', 'Magic', 'Fiction']"
9780735221963,Everything Here Is Beautiful,Mira T. Lee,Pamela Dorman Books,English,"['Fiction', 'Contemporary', 'Mental Health', 'Literary Fiction', 'Mental Illness', 'Adult', 'Family']"
9780060529703,Everything is Illuminated,Jonathan Safran Foer,Harper Perennial,English,"['Fiction', 'Historical Fiction', 'Contemporary', 'Novels', 'Literature', 'Magical Realism', 'Literary Fiction']"
9781501123429,Everything You Want Me to Be,Mindy Mejia,Atria/Emily Bestler Books,English,"['Mystery', 'Fiction', 'Thriller', 'Mystery Thriller', 'Suspense', 'Crime', 'Young Adult']"
9781416524359,Everything's Eventual,Stephen King,Pocket,English,"['Horror', 'Short Stories', 'Fiction', 'Fantasy', 'Thriller', 'Anthologies', 'Collections']"
9780553447439,Evicted: Poverty and Profit in the American City,Matthew Desmond,Crown Publishers,English,"['Nonfiction', 'Sociology', 'Politics', 'Social Justice', 'History', 'Economics', 'Audiobook']"
9780374527228,Ex Libris: Confessions of a Common Reader,Anne Fadiman,Farrar Straus Giroux,English,"['Nonfiction', 'Books About Books', 'Essays', 'Memoir', 'Biography', 'Writing', 'Humor']"
9781857233940,Excession ,Iain M. Banks,Orbit,English,"['Science Fiction', 'Fiction', 'Space Opera', 'Cultural', 'Fantasy', 'Science Fiction Fantasy', 'Speculative Fiction']"
9780756401139,Exile's Honor ,Mercedes Lackey,DAW,English,"['Fantasy', 'Fiction', 'Science Fiction Fantasy', 'High Fantasy', 'Magic', 'Epic Fantasy', 'Adult']"
9780886777340,Exile's Song ,Marion Zimmer Bradley,DAW,English,"['Fantasy', 'Science Fiction', 'Fiction', 'Science Fiction Fantasy', 'Romance', 'Paranormal', 'Sci Fi Fantasy']"
9780735212176,Exit West,Mohsin Hamid,Riverhead,English,"['Fiction', 'Magical Realism', 'Fantasy', 'Contemporary', 'Literary Fiction', 'Audiobook', 'Romance']"
9780704370852,Extinction,Thomas Bernhard,Quartet,English,"['Fiction', 'German Literature', 'Classics', 'Literature', 'Novels', 'Literary Fiction', '20th Century']"
9781416951179,Extras ,Scott Westerfeld,Simon Pulse,English,"['Young Adult', 'Dystopia', 'Science Fiction', 'Fiction', 'Fantasy', 'Romance', 'Teen']"
9780618711659,Extremely Loud & Incredibly Close,Jonathan Safran Foer,Mariner Books Classics,English,"['Fiction', 'Historical Fiction', 'Contemporary', 'Novels', 'Literary Fiction', 'Adult', 'Adult Fiction']"
9781590385814,Fablehaven ,Brandon Mull,Shadow Mountain,English,"['Fantasy', 'Young Adult', 'Middle Grade', 'Fiction', 'Childrens', 'Adventure', 'Magic']"
9781563899423,"Fables, Vol. 1: Legends in Exile",Bill Willingham,Vertigo,English,"['Graphic Novels', 'Comics', 'Fantasy', 'Fiction', 'Graphic Novels Comics', 'Fairy Tales', 'Mystery']"
9781400031573,Faceless Killers ,Henning Mankell,Vintage Crime/Black Lizard,English,"['Mystery', 'Crime', 'Fiction', 'Thriller', 'Sweden', 'Mystery Thriller', 'Scandinavian Literature']"
9781416953586,Fade ,Lisa McMann,Simon & Schuster Books for Young Readers,English,"['Young Adult', 'Fantasy', 'Paranormal', 'Romance', 'Fiction', 'Mystery', 'Supernatural']"
9780451228666,Fade Out ,Rachel Caine,Signet,English,"['Vampires', 'Young Adult', 'Paranormal', 'Fantasy', 'Urban Fantasy', 'Romance', 'Supernatural']"
9780006171126,Fair Friday ,Peter Turnbull,Fontana,English,['Fiction']
9781841497969,Fair Game ,Patricia Briggs,Orbit,English,"['Urban Fantasy', 'Fantasy', 'Paranormal', 'Romance', 'Werewolves', 'Paranormal Romance', 'Shapeshifters']"
9781668002179,Fairy Tale,Stephen King,Scribner,English,"['Fantasy', 'Fiction', 'Horror', 'Audiobook', 'Thriller', 'Adventure', 'Adult']"
9780670021871,Faithful Place ,Tana French,Viking,English,"['Mystery', 'Fiction', 'Crime', 'Mystery Thriller', 'Ireland', 'Thriller', 'Audiobook']"
9780451469403,Fall from India Place ,Samantha Young,NAL,English,"['Romance', 'New Adult', 'Contemporary Romance', 'Contemporary', 'Adult', 'Erotica', 'Fiction']"
9781250750198,Fall of Ruin and Wrath ,Jennifer L. Armentrout,Bramble,English,"['Fantasy', 'Romance', 'Fantasy Romance', 'Adult', 'Fiction', 'Magic', 'New Adult']"
9780743466523,Fall on Your Knees,Ann-Marie MacDonald,Pocket,English,"['Fiction', 'Historical Fiction', 'Canada', 'Historical', 'Literary Fiction', 'Novels', 'Canadian Literature']"
9780385738934,Fallen ,Lauren Kate,Delacorte Press,English,"['Young Adult', 'Fantasy', 'Romance', 'Paranormal', 'Angels', 'Paranormal Romance', 'Fiction']"
9780375990670,Fallen in Love ,Lauren Kate,Delacorte Press,English,"['Fantasy', 'Young Adult', 'Romance', 'Angels', 'Paranormal', 'Paranormal Romance', 'Supernatural']"
9780452283206,Falling Angels,Tracy Chevalier,Plume Books,English,"['Historical Fiction', 'Fiction', 'Historical', 'British Literature', 'Adult Fiction', 'Novels', 'Audiobook']"
9781886778535,Falling Free ,Lois McMaster Bujold,Nesfa,English,"['Science Fiction', 'Fiction', 'Space Opera', 'Audiobook', 'Science Fiction Fantasy', 'Fantasy', 'Space']"
2940016356938,Falling into You ,Jasinda Wilder,Jasinda Wilder,English,"['Romance', 'New Adult', 'Contemporary', 'Contemporary Romance', 'Young Adult', 'College', 'Fiction']"
9780767903578,Falling Leaves,Adeline Yen Mah,Broadway Books,English,"['Nonfiction', 'Memoir', 'China', 'Biography', 'History', 'Autobiography', 'Biography Memoir']"
9780060513092,Falling Up,Shel Silverstein,Harpercollins Childrens Books,English,"['Poetry', 'Childrens', 'Fiction', 'Humor', 'Classics', 'Young Adult', 'Picture Books']"
9780375703423,Family Matters,Rohinton Mistry,Vintage Books,English,"['Fiction', 'India', 'Indian Literature', 'Canada', 'Asia', 'Contemporary', 'Literature']"
9780704326101,Fantasia: An Algerian Cavalcade,Assia Djebar,Quartet Books Ltd,English,"['Algeria', 'Fiction', 'Africa', 'France', 'Historical Fiction', 'Literature', 'African Literature']"
9780439321600,Fantastic Beasts and Where to Find Them,J.K. Rowling,Arthur A. Levine Books,English,"['Fantasy', 'Fiction', 'Young Adult', 'Magic', 'Childrens', 'Middle Grade', 'Audiobook']"
9781338109061,Fantastic Beasts and Where to Find Them: The Original Screenplay ,J.K. Rowling,Arthur A. Levine Books,English,"['Fantasy', 'Fiction', 'Young Adult', 'Magic', 'Plays', 'Adventure', 'Historical Fiction']"
9780765314215,Farthing ,Jo Walton,Tor Books,English,"['Mystery', 'Alternate History', 'Fiction', 'Historical Fiction', 'Science Fiction', 'Fantasy', 'Historical']"
9780060838584,Fast Food Nation: The Dark Side of the All-American Meal,Eric Schlosser,Harper Perennial,English,"['Nonfiction', 'Food', 'Health', 'Sociology', 'Politics', 'History', 'Science']"
9781416510567,Fatal Voyage ,Kathy Reichs,Pocket Star,English,"['Mystery', 'Crime', 'Fiction', 'Thriller', 'Mystery Thriller', 'Suspense', 'Murder Mystery']"
9780312664855,Fated ,Alyson Noel,St. Martin's Griffin,English,"['Fantasy', 'Young Adult', 'Paranormal', 'Romance', 'Magic', 'Supernatural', 'Paranormal Romance']"
9780061006623,Fatherland,Robert   Harris,Harper Paperbacks,English,"['Fiction', 'Historical Fiction', 'Thriller', 'Alternate History', 'Mystery', 'Crime', 'Science Fiction']"
9780785217145,Fawkes,Nadine Brandes,Thomas Nelson,English,"['Fantasy', 'Historical Fiction', 'Young Adult', 'Historical', 'Fiction', 'Christian Fiction', 'Retellings']"
9780061449154,Fear ,Michael  Grant,Katherine Tegen Books,English,"['Young Adult', 'Dystopia', 'Science Fiction', 'Fantasy', 'Fiction', 'Horror', 'Paranormal']"
9780312349516,Fearless Fourteen ,Janet Evanovich,St. Martin's Press,English,"['Mystery', 'Fiction', 'Humor', 'Chick Lit', 'Romance', 'Crime', 'Mystery Thriller']"
9780763622596,Feed,M.T. Anderson,Candlewick Press,English,"['Young Adult', 'Science Fiction', 'Dystopia', 'Fiction', 'Teen', 'Fantasy', 'Audiobook']"
9780316081054,Feed ,Mira Grant,Orbit,English,"['Horror', 'Zombies', 'Science Fiction', 'Fiction', 'Dystopia', 'Post Apocalyptic', 'Young Adult']"
9780552153256,Feet of Clay ,Terry Pratchett,Corgi,English,"['Fantasy', 'Fiction', 'Humor', 'Comedy', 'Science Fiction Fantasy', 'Mystery', 'Audiobook']"
9780452264014,Fences ,August Wilson,Plume,English,"['Plays', 'Drama', 'Classics', 'School', 'Fiction', 'Read For School', 'Historical Fiction']"
9780425267066,Fever ,Maya Banks,Berkley,English,"['Romance', 'Erotica', 'BDSM', 'Contemporary Romance', 'Contemporary', 'Erotic Romance', 'Adult']"
9781442409071,Fever ,Lauren DeStefano,Simon & Schuster Children's Publishing,English,"['Young Adult', 'Dystopia', 'Romance', 'Science Fiction', 'Fantasy', 'Fiction', 'Post Apocalyptic']"
9780689848919,Fever 1793,Laurie Halse Anderson,Aladdin,English,"['Historical Fiction', 'Young Adult', 'Fiction', 'Historical', 'Middle Grade', 'Childrens', 'School']"
9780385344425,Feverborn ,Karen Marie Moning,Delacorte Press,English,"['Fantasy', 'Urban Fantasy', 'Paranormal', 'Romance', 'Fae', 'Paranormal Romance', 'Adult']"
9780553383058,Fevre Dream,George R.R. Martin,Bantam,English,"['Fantasy', 'Horror', 'Vampires', 'Fiction', 'Historical Fiction', 'Historical', 'Paranormal']"
9780671578206,Field of Dishonor ,David Weber,Baen,English,"['Science Fiction', 'Space Opera', 'Fiction', 'Military Fiction', 'Military Science Fiction', 'Science Fiction Fantasy', 'Space']"
9781250014405,Fifth Grave Past the Light ,Darynda Jones,St. Martin's Press,English,"['Urban Fantasy', 'Paranormal', 'Romance', 'Fantasy', 'Paranormal Romance', 'Mystery', 'Ghosts']"
9781612130583,Fifty Shades Darker ,E.L. James,The Writer's Coffee Shop Publishing House,English,"['Romance', 'Fiction', 'Erotica', 'BDSM', 'Adult', 'Contemporary', 'Contemporary Romance']"
9780345803504,Fifty Shades Freed ,E.L. James,Vintage Books,English,"['Romance', 'Erotica', 'Fiction', 'BDSM', 'Adult', 'Contemporary', 'Contemporary Romance']"
9781612130293,Fifty Shades of Grey ,E.L. James,Vintage,English,"['Romance', 'Fiction', 'Erotica', 'Adult', 'BDSM', 'Contemporary', 'Contemporary Romance']"
9780345803573,Fifty Shades Trilogy ,E.L. James,Vintage,English,"['Romance', 'Fiction', 'Erotica', 'BDSM', 'Adult', 'Contemporary', 'Erotic Romance']"
9780393327342,Fight Club,Chuck Palahniuk,W.W. Norton & Company (NYC),English,"['Fiction', 'Classics', 'Thriller', 'Novels', 'Mystery', 'Literature', 'Adult']"
9781728272221,Final Offer ,Lauren Asher,Bloom Books,English,"['Romance', 'Contemporary', 'Contemporary Romance', 'Fiction', 'Adult', 'New Adult', 'Love']"
9781250157669,Finale ,Stephanie Garber,Flatiron Books,English,"['Fantasy', 'Young Adult', 'Romance', 'Young Adult Fantasy', 'Magic', 'Fiction', 'Audiobook']"
9781442426672,Finale ,Becca Fitzpatrick,Simon & Schuster,English,"['Fantasy', 'Young Adult', 'Romance', 'Angels', 'Paranormal', 'Paranormal Romance', 'Fiction']"
9780525954576,Find Her ,Lisa Gardner,Dutton,English,"['Mystery', 'Thriller', 'Fiction', 'Suspense', 'Mystery Thriller', 'Crime', 'Audiobook']"
9780140073959,Finding the Center: Two Narratives,V.S. Naipaul,"Penguin Books Canada, Limited",English,"['Travel', 'Memoir', 'Nonfiction', 'Essays', 'Literature', 'Nobel Prize', 'Africa']"
9780515142891,Finding the Dream ,Nora Roberts,Jove,English,"['Romance', 'Contemporary Romance', 'Fiction', 'Contemporary', 'Chick Lit', 'Adult', 'Audiobook']"
9780312383282,Finger Lickin' Fifteen ,Janet Evanovich,St. Martin's Press,English,"['Mystery', 'Fiction', 'Humor', 'Chick Lit', 'Romance', 'Crime', 'Mystery Thriller']"
9781250241702,Finlay Donovan Is Killing It ,Elle Cosimano,Minotaur Books,English,"['Mystery', 'Fiction', 'Mystery Thriller', 'Audiobook', 'Thriller', 'Contemporary', 'Adult']"
9780803734616,Fire ,Kristin Cashore,Dial Books,English,"['Fantasy', 'Young Adult', 'Romance', 'Fiction', 'Young Adult Fantasy', 'Adventure', 'Magic']"
9781250158062,Fire and Fury: Inside the Trump White House,Michael  Wolff,Henry Holt and Co.,English,"['Nonfiction', 'Politics', 'History', 'Biography', 'Audiobook', 'American History', 'The United States Of America']"
9780778325345,Fire Study ,Maria V. Snyder,Mira,English,"['Fantasy', 'Young Adult', 'Magic', 'Romance', 'Fiction', 'High Fantasy', 'Adventure']"
9780425256763,Fire Touched ,Patricia Briggs,Ace,English,"['Urban Fantasy', 'Fantasy', 'Paranormal', 'Romance', 'Werewolves', 'Vampires', 'Shapeshifters']"
9780553260458,Fire Watch,Connie Willis,Bantam Spectra,English,"['Science Fiction', 'Short Stories', 'Fiction', 'Time Travel', 'Fantasy', 'Historical Fiction', 'Science Fiction Fantasy']"
9780312364083,Firefly Lane ,Kristin Hannah,St. Martin's Press,English,"['Fiction', 'Chick Lit', 'Romance', 'Contemporary', 'Historical Fiction', 'Audiobook', 'Adult']"
9780099498667,Firefly Summer,Maeve Binchy,Arrow,English,"['Fiction', 'Chick Lit', 'Ireland', 'Romance', 'Historical Fiction', 'Irish Literature', 'Contemporary']"
9780061935084,Firelight ,Sophie Jordan,HarperTeen,English,"['Fantasy', 'Young Adult', 'Dragons', 'Romance', 'Paranormal', 'Paranormal Romance', 'Urban Fantasy']"
9780380725823,Firestorm ,Nevada Barr,AVON Books,English,"['Mystery', 'Fiction', 'Mystery Thriller', 'Thriller', 'Crime', 'Adventure', 'Suspense']"
9780670038718,First Among Sequels ,Jasper Fforde,The Viking Press,English,"['Fantasy', 'Fiction', 'Mystery', 'Humor', 'Science Fiction', 'Books About Books', 'Alternate History']"
9780312662752,First Grave on the Right ,Darynda Jones,St. Martin's Press,English,"['Paranormal', 'Urban Fantasy', 'Fantasy', 'Romance', 'Mystery', 'Paranormal Romance', 'Ghosts']"
9781857236552,First King of Shannara ,Terry Brooks,Orbit,English,"['Fantasy', 'Fiction', 'Epic Fantasy', 'Science Fiction Fantasy', 'High Fantasy', 'Adventure', 'Magic']"
9780380808076,First Lady ,Susan Elizabeth Phillips,Avon,English,"['Romance', 'Contemporary Romance', 'Contemporary', 'Chick Lit', 'Fiction', 'Humor', 'Adult']"
9780679889175,First Test ,Tamora Pierce,Random House Children's Books,English,"['Fantasy', 'Young Adult', 'Fiction', 'Young Adult Fantasy', 'Magic', 'Adventure', 'Middle Grade']"
9780060856267,First They Killed My Father: A Daughter of Cambodia Remembers,Loung Ung,Harper Perennial,English,"['Nonfiction', 'History', 'Memoir', 'Biography', 'Asia', 'War', 'Biography Memoir']"
9780373211579,Firstlife ,Gena Showalter,Harlequin Teen,English,"['Fantasy', 'Young Adult', 'Dystopia', 'Romance', 'Science Fiction', 'Paranormal', 'Fiction']"
9781590386675,Fishers of Men ,Gerald N. Lund,Shadow Mountain,English,"['Historical Fiction', 'Religion', 'Lds', 'Lds Fiction', 'Fiction', 'Church', 'Historical']"
9780899197692,Five Little Monkeys Jumping on the Bed,Eileen Christelow,Clarion Books,English,"['Picture Books', 'Childrens', 'Animals', 'Counting', 'Fiction', 'Storytime', 'Mathematics']"
9780060958022,Five Quarters of the Orange,Joanne Harris,Harper Perennial,English,"['Fiction', 'Historical Fiction', 'France', 'Historical', 'Food', 'World War II', 'War']"
9780553384154,Flags of Our Fathers,James D. Bradley,Bantam,English,"['History', 'Nonfiction', 'Military Fiction', 'War', 'World War II', 'Biography', 'Military History']"
9780399171635,Flame in the Mist ,Renee Ahdieh,G.P. Putnam's Sons Books for Young Readers,English,"['Fantasy', 'Young Adult', 'Romance', 'Retellings', 'Young Adult Fantasy', 'Historical Fiction', 'Fiction']"
9780425194492,Flashback ,Nevada Barr,Berkley,English,"['Mystery', 'Fiction', 'Mystery Thriller', 'Suspense', 'Crime', 'Historical Fiction', 'Audiobook']"
9780002712453,Flashman And The Dragon,George MacDonald Fraser,Collins and Harvill Press,English,"['Historical Fiction', 'Fiction', 'Humor', 'Historical', 'Adventure', 'China', 'Comedy']"
9780679731368,Flaubert's Parrot,Julian Barnes,Vintage,English,"['Fiction', 'Literature', 'Literary Fiction', 'British Literature', 'Novels', 'Contemporary', 'Historical Fiction']"
9780446696166,Fledgling,Octavia E. Butler,Grand Central Publishing,English,"['Fantasy', 'Horror', 'Fiction', 'Vampires', 'Science Fiction', 'Paranormal', 'Audiobook']"
9780375825446,Flipped,Wendelin Van Draanen,Knopf,English,"['Young Adult', 'Romance', 'Fiction', 'Contemporary', 'Realistic Fiction', 'Middle Grade', 'Childrens']"
9780975925591,Flow Down Like Silver,Ki Longfellow,Eio Books,English,"['Historical Fiction', 'Fiction', 'Egypt', 'Historical', 'Philosophy', 'Literature', 'Africa']"
9780975925591,Flow Down Like Silver,Ki Longfellow,Eio Books,English,"['Historical Fiction', 'Fiction', 'Egypt', 'Historical', 'Philosophy', 'Literature', 'Africa']"
9780380761326,Flowers from the Storm,Laura Kinsale,Avon,English,"['Historical Romance', 'Romance', 'Historical', 'Historical Fiction', 'Regency', 'Fiction', 'Disability']"
9780340567999,Flowers in the Rain and Other Stories,Rosamunde Pilcher,Coronet Books,English,"['Fiction', 'Short Stories', 'Romance', 'Chick Lit', 'British Literature', 'Scotland', 'Womens Fiction']"
9780743203982,Flu: The Story Of the Great Influenza Pandemic of 1918 and the Search for the Virus That Caused It,Gina Kolata,Atria,English,"['History', 'Nonfiction', 'Science', 'Medical', 'Medicine', 'Health', 'Disease']"
9780345338549,Follow the River,James Alexander Thom,Ballantine Books,English,"['Historical Fiction', 'Fiction', 'Historical', 'Adventure', 'Survival', 'American History', 'Westerns']"
9780060590314,Fool,Christopher Moore,HarperCollins William Morrow,English,"['Humor', 'Fiction', 'Fantasy', 'Comedy', 'Historical Fiction', 'Audiobook', 'Historical']"
9780451458124,Fool Moon ,Jim Butcher,Roc,English,"['Fantasy', 'Urban Fantasy', 'Mystery', 'Fiction', 'Paranormal', 'Magic', 'Audiobook']"
9780060788384,For a Few Demons More ,Kim Harrison,Harper Voyager,English,"['Urban Fantasy', 'Fantasy', 'Paranormal', 'Vampires', 'Witches', 'Magic', 'Fiction']"
9781401303273,For One More Day,Mitch Albom,Hyperion,English,"['Fiction', 'Inspirational', 'Contemporary', 'Adult', 'Adult Fiction', 'Fantasy', 'Novels']"
9780385296601,For Reading Out Loud,Margaret Mary Kimmel,Delacorte Books for Young Readers,English,['Nonfiction']
9781587249778,For the Love of Lilah ,Nora Roberts,Wheeler Publishing,English,"['Romance', 'Contemporary Romance', 'Contemporary', 'Fiction', 'Harlequin', 'Mystery', 'Chick Lit']"
9780340831366,For the Sake of Elena ,Elizabeth  George,Bantam,English,"['Mystery', 'Fiction', 'Crime', 'Mystery Thriller', 'Detective', 'Thriller', 'British Literature']"
9781862308169,Forbidden,Tabitha Suzuma,Definitions,English,"['Romance', 'Young Adult', 'Contemporary', 'Fiction', 'Dark', 'Realistic Fiction', 'New Adult']"
9780812976311,Foreign Affairs,Alison Lurie,Random House Trade Paperbacks,English,"['Fiction', 'Romance', 'Literary Fiction', 'Contemporary', 'Novels', 'British Literature', 'Literature']"
9780756402518,Foreigner ,C.J. Cherryh,DAW,English,"['Science Fiction', 'Fiction', 'Space Opera', 'Fantasy', 'Aliens', 'Science Fiction Fantasy', 'Adult']"
9781599901671,Forest Born ,Shannon Hale,Bloomsbury Children's Books,English,"['Fantasy', 'Young Adult', 'Fiction', 'Fairy Tales', 'Magic', 'Romance', 'Adventure']"
9780553588262,Forever Odd ,Dean Koontz,BANTAM BOOKS,English,"['Horror', 'Fiction', 'Fantasy', 'Thriller', 'Mystery', 'Paranormal', 'Supernatural']"
9780380710836,Fortune's Favorites ,Colleen McCullough,Avon,English,"['Historical Fiction', 'Fiction', 'Historical', 'Roman', 'Ancient History', 'Italy', 'Novels']"
9780156032971,Foucault's Pendulum,Umberto Eco,Mariner Books,English,"['Fiction', 'Mystery', 'Historical Fiction', 'Literature', 'Classics', 'Italian Literature', 'Thriller']"
9780553587579,Foundation and Earth ,Isaac Asimov,Spectra,English,"['Science Fiction', 'Fiction', 'Classics', 'Science Fiction Fantasy', 'Space Opera', 'Fantasy', 'Novels']"
9780553293388,Foundation's Edge ,Isaac Asimov,Bantam/Spectra,English,"['Science Fiction', 'Fiction', 'Classics', 'Science Fiction Fantasy', 'Space Opera', 'Fantasy', 'Hugo Awards']"
9780375705243,Founding Brothers: The Revolutionary Generation,Joseph J. Ellis,Vintage Books,English,"['History', 'Nonfiction', 'American History', 'Biography', 'American Revolution', 'Politics', 'Historical']"
9780749959173,Fourth Grave Beneath My Feet ,Darynda Jones,Piatkus,English,"['Urban Fantasy', 'Paranormal', 'Fantasy', 'Romance', 'Paranormal Romance', 'Mystery', 'Demons']"
9781649374042,Fourth Wing ,Rebecca Yarros,Entangled: Red Tower Books,English,"['Fantasy', 'Romance', 'Dragons', 'Fiction', 'Audiobook', 'Fantasy Romance', 'New Adult']"
9780061214714,Fragile Eternity ,Melissa Marr,Bowen Press,English,"['Fantasy', 'Young Adult', 'Paranormal', 'Romance', 'Urban Fantasy', 'Fairies', 'Fae']"
9781569717516,Fray,Joss Whedon,Dark Horse,English,"['Graphic Novels', 'Comics', 'Fantasy', 'Vampires', 'Fiction', 'Graphic Novels Comics', 'Horror']"
9780439286060,Freak the Mighty ,Rodman Philbrick,Scholastic,English,"['Young Adult', 'Realistic Fiction', 'Fiction', 'Middle Grade', 'School', 'Childrens', 'Read For School']"
9780061234002,Freakonomics: A Rogue Economist Explores the Hidden Side of Everything,Steven D. Levitt,William Morrow,English,"['Nonfiction', 'Economics', 'Business', 'Science', 'Psychology', 'Sociology', 'Finance']"
9780061234002,Freakonomics: A Rogue Economist Explores the Hidden Side of Everything,Steven D. Levitt,William Morrow,English,"['Nonfiction', 'Economics', 'Business', 'Science', 'Psychology', 'Sociology', 'Finance']"
9780374158460,Freedom,Jonathan Franzen,"Farrar, Straus and Giroux",English,"['Fiction', 'Contemporary', 'Novels', 'Literary Fiction', 'Literature', 'American', 'Adult Fiction']"
9780060987015,Freedom in Exile: The Autobiography of the Dalai Lama,Dalai Lama XIV,Harper San Francisco,English,"['Biography', 'Nonfiction', 'Buddhism', 'History', 'Autobiography', 'Religion', 'Spirituality']"
9780375435485,French Women Don't Get Fat: The Secret of Eating for Pleasure,Mireille Guiliano,Random House Large Print Publishing,English,"['Nonfiction', 'Food', 'Health', 'Self Help', 'France', 'Cookbooks', 'Cooking']"
9780060085896,Frida: A Biography of Frida Kahlo,Hayden Herrera,Harper Perennial,English,"['Biography', 'Art', 'Nonfiction', 'History', 'Biography Memoir', 'Feminism', 'Art History']"
9780306814259,Friday Night Lights,H.G. Bissinger,Da Capo Press,English,"['Sports', 'Nonfiction', 'Football', 'History', 'Biography', 'Journalism', 'Adult']"
9780375508417,Fried Green Tomatoes at the Whistle Stop Cafe ,Fannie Flagg,Random House,English,"['Fiction', 'Historical Fiction', 'LGBT', 'Classics', 'Queer', 'Historical', 'Chick Lit']"
9780743211376,From a Buick 8,Stephen King,Scribner,English,"['Horror', 'Fiction', 'Fantasy', 'Thriller', 'Science Fiction', 'Mystery', 'Supernatural']"
9780385413725,From Beirut to Jerusalem,Thomas L. Friedman,Anchor,English,"['History', 'Nonfiction', 'Politics', 'Israel', 'War', 'Travel', 'Jewish']"
9780385413725,From Beirut to Jerusalem,Thomas L. Friedman,Anchor,English,"['History', 'Nonfiction', 'Politics', 'Israel', 'War', 'Travel', 'Journalism']"
9781952457012,From Blood and Ash ,Jennifer L. Armentrout,Blue Box Press,English,"['Fantasy', 'Romance', 'Fantasy Romance', 'Vampires', 'New Adult', 'Fiction', 'Paranormal']"
9780441015894,From Dead to Worse ,Charlaine Harris,Ace Books,English,"['Fantasy', 'Vampires', 'Paranormal', 'Urban Fantasy', 'Romance', 'Fiction', 'Mystery']"
9780861661411,From Hell,Alan Moore,Knockabout Comics,English,"['Graphic Novels', 'Comics', 'Horror', 'Fiction', 'Historical Fiction', 'Crime', 'Graphic Novels Comics']"
9780140144352,From Puritanism to Postmodernism: A History of American Literature,Richard Ruland,Penguin Books Ltd,English,"['Nonfiction', 'Literary Criticism', 'History', 'American', 'Literature', 'Criticism', 'Reference']"
9780684818443,From Time to Time ,Jack Finney,Atria,English,"['Time Travel', 'Fiction', 'Science Fiction', 'Historical Fiction', 'Fantasy', 'Science Fiction Fantasy', 'Historical']"
9780441020010,Frost Burned ,Patricia Briggs,Ace Books,English,"['Urban Fantasy', 'Fantasy', 'Paranormal', 'Vampires', 'Romance', 'Werewolves', 'Shapeshifters']"
9780425193822,Fudge-a-Mania ,Judy Blume,Berkley,English,"['Childrens', 'Fiction', 'Middle Grade', 'Humor', 'Young Adult', 'Realistic Fiction', 'Chapter Books']"
9781250765376,Fugitive Telemetry ,Martha Wells,Tor.com,English,"['Science Fiction', 'Fiction', 'Novella', 'Mystery', 'Audiobook', 'Adult', 'Space']"
9781439192566,"Full Dark, No Stars",Stephen King,Scribner,English,"['Horror', 'Short Stories', 'Fiction', 'Thriller', 'Mystery', 'Suspense', 'Audiobook']"
9780618871711,Fun Home: A Family Tragicomic,Alison Bechdel,Mariner Books,English,"['Graphic Novels', 'Memoir', 'Comics', 'Nonfiction', 'LGBT', 'Queer', 'Biography']"
9780099421863,Fury,Salman Rushdie,The Modern Library,English,"['Fiction', 'Literature', 'India', 'Contemporary', 'Literary Fiction', 'Magical Realism', 'Novels']"
9781492656623,Furyborn ,Claire Legrand,Sourcebooks Fire,English,"['Fantasy', 'Young Adult', 'Young Adult Fantasy', 'Romance', 'Fiction', 'High Fantasy', 'Magic']"
9781936305551,Gabriel's Rapture ,Sylvain Reynard,Penguin Berkley,English,"['Romance', 'Contemporary Romance', 'Contemporary', 'Adult', 'New Adult', 'College', 'Erotica']"
9780425266519,Gabriel's Redemption ,Sylvain Reynard,Berkley Trade,English,"['Romance', 'Contemporary Romance', 'Erotica', 'Contemporary', 'Adult', 'New Adult', 'Fiction']"
9781577346128,Gadiantons and the Silver Sword ,Chris Heimerdinger,Covenant Communications,English,"['Lds Fiction', 'Lds', 'Young Adult', 'Fantasy', 'Religion', 'Fiction', 'Historical Fiction']"
9780385333870,Galápagos,Kurt Vonnegut Jr.,Dial Press Trade Paperback,English,"['Fiction', 'Science Fiction', 'Classics', 'Humor', 'Literature', 'Novels', 'American']"
9780062835772,Gallant,V.E. Schwab,Greenwillow Books,English,"['Fantasy', 'Young Adult', 'Horror', 'Fiction', 'Paranormal', 'Gothic', 'Mystery']"
9780380714001,Gallows View ,Peter Robinson,Avon,English,"['Mystery', 'Crime', 'Fiction', 'Audiobook', 'Thriller', 'Mystery Thriller', 'British Literature']"
9780380714001,Gallows View ,Peter Robinson,Avon,English,"['Mystery', 'Crime', 'Fiction', 'Audiobook', 'Thriller', 'Mystery Thriller', 'British Literature']"
9780061733635,"Game Change: Obama and the Clintons, McCain and Palin, and the Race of a Lifetime",John Heilemann,Harper,English,"['Politics', 'Nonfiction', 'History', 'American History', 'Presidents', 'Biography', 'Audiobook']"
9780061733635,"Game Change: Obama and the Clintons, McCain and Palin, and the Race of a Lifetime",John Heilemann,Harper,English,"['Politics', 'Nonfiction', 'History', 'American History', 'Presidents', 'Biography', 'Audiobook']"
9780553805482,Garden Spells ,Sarah Addison Allen,Bantam,English,"['Fiction', 'Magical Realism', 'Fantasy', 'Romance', 'Chick Lit', 'Magic', 'Contemporary']"
9780765348784,Gardens of the Moon ,Steven Erikson,Tor Books,English,"['Fantasy', 'Fiction', 'Epic Fantasy', 'High Fantasy', 'Epic', 'Science Fiction Fantasy', 'Dark Fantasy']"
9780345464590,Garfield Eats His Heart Out ,Jim Davis,Ballantine Books,English,"['Comics', 'Humor', 'Graphic Novels', 'Fiction', 'Comic Strips', 'Cats', 'Graphic Novels Comics']"
9780345320117,Garfield Sits around the House ,Jim Davis,Ballantine Books,English,"['Comics', 'Humor', 'Comic Strips', 'Fiction', 'Graphic Novels', 'Graphic Novels Comics', 'Cats']"
9780345320612,Garfield: His 9 Lives,Jim Davis,Ballantine Books,English,"['Comics', 'Humor', 'Graphic Novels', 'Fiction', 'Animals', 'Cartoon', 'Childrens']"
9780385492515,Gates of Fire,Steven Pressfield,Doubleday (NY),English,"['Historical Fiction', 'Fiction', 'War', 'Military Fiction', 'Historical', 'Fantasy', 'Greece']"
9780618055814,Gathering Blue ,Lois Lowry,HMH Books for Young Readers,English,"['Young Adult', 'Dystopia', 'Fiction', 'Fantasy', 'Science Fiction', 'Middle Grade', 'Classics']"
9780375713347,Geek Love,Katherine Dunn,Random House Vintage,English,"['Fiction', 'Horror', 'Fantasy', 'Contemporary', 'Novels', 'Literary Fiction', 'Literature']"
9781594749476,Geekerella ,Ashley Poston,Quirk Books,English,"['Romance', 'Young Adult', 'Contemporary', 'Retellings', 'Fiction', 'Audiobook', 'Young Adult Contemporary']"
9780553499162,Gemina ,Amie Kaufman,Knopf Books for Young Readers,English,"['Science Fiction', 'Young Adult', 'Romance', 'Fantasy', 'Fiction', 'Audiobook', 'Dystopia']"
9781423109211,Generation Dead ,Daniel Waters,Disney-Hyperion,English,"['Young Adult', 'Zombies', 'Fantasy', 'Paranormal', 'Romance', 'Fiction', 'Supernatural']"
9780349108391,Generation X: Tales for an Accelerated Culture,Douglas Coupland,Abacus,English,"['Fiction', 'Contemporary', 'Canada', 'Novels', 'Literature', 'Literary Fiction', 'Classics']"
9780393317732,Genesis ,Eduardo Galeano,W.W. Norton & Company,English,"['History', 'Nonfiction', 'Latin American', 'Literature', 'Politics', 'Spanish Literature', 'Latin American Literature']"
9780609809648,Genghis Khan and the Making of the Modern World,Jack Weatherford,Broadway Books,English,"['History', 'Nonfiction', 'Biography', 'Asia', 'Historical', 'World History', 'Audiobook']"
9781370493609,Gentleman Nine,Penelope Ward,Penelope Ward,,"['Romance', 'Contemporary', 'Contemporary Romance', 'New Adult', 'Audiobook', 'Adult', 'Fiction']"
9780060559144,Gentlemen and Players ,Joanne Harris,William Morrow,English,"['Fiction', 'Mystery', 'Thriller', 'Contemporary', 'Mystery Thriller', 'Crime', 'Suspense']"
9781496737298,"Georgie, All Along",Kate Clayborn,Kensington,English,"['Romance', 'Fiction', 'Contemporary', 'Contemporary Romance', 'Chick Lit', 'Adult', 'Audiobook']"
9780831727529,Gerald's Game,Stephen King,Smithmark Publishers,English,"['Horror', 'Fiction', 'Thriller', 'Suspense', 'Mystery', 'Adult', 'Audiobook']"
9780060082161,Get Shorty ,Elmore Leonard,HarperCollins HarperTorch,English,"['Fiction', 'Crime', 'Mystery', 'Thriller', 'Humor', 'Mystery Thriller', 'Novels']"
9780997426274,Getting Schooled ,Emma Chase,Emma Chase LLC,English,"['Romance', 'Contemporary Romance', 'Contemporary', 'Audiobook', 'Sports', 'Adult', 'Humor']"
9780140157352,Getting to Yes: Negotiating Agreement Without Giving In,Roger Fisher,Penguin Group,English,"['Business', 'Nonfiction', 'Psychology', 'Self Help', 'Leadership', 'Communication', 'Management']"
9780451463791,Ghost Story ,Jim Butcher,Roc Hardcover,English,"['Fantasy', 'Urban Fantasy', 'Fiction', 'Mystery', 'Paranormal', 'Magic', 'Audiobook']"
9780451231611,Ghost Town ,Rachel Caine,New American Library,English,"['Vampires', 'Young Adult', 'Paranormal', 'Fantasy', 'Urban Fantasy', 'Romance', 'Supernatural']"
9780590434447,Ghosts Beneath Our Feet,Betty Ren Wright,Scholastic Paperbacks,English,"['Horror', 'Middle Grade', 'Fiction', 'Mystery', 'Ghosts', 'Childrens', 'Young Adult']"
9781250313195,Gideon the Ninth ,Tamsyn Muir,Tor,English,"['Fantasy', 'Science Fiction', 'Fiction', 'LGBT', 'Queer', 'Horror', 'Lesbian']"
9780446363815,Gift of Gold ,Jayne Ann Krentz,Warner Books,English,"['Romance', 'Paranormal', 'Contemporary Romance', 'Contemporary', 'Paranormal Romance', 'Romantic Suspense', 'Fiction']"
9780312424404,Gilead ,Marilynne Robinson,Picador USA,English,"['Fiction', 'Historical Fiction', 'Literary Fiction', 'Novels', 'Literature', 'Classics', 'Audiobook']"
9780689871139,Gingerbread ,Rachel Cohn,Simon Pulse,English,"['Young Adult', 'Fiction', 'Contemporary', 'Teen', 'Romance', 'Realistic Fiction', 'Chick Lit']"
9781594487569,Girl in Translation,Jean Kwok,Riverhead,English,"['Fiction', 'Historical Fiction', 'Young Adult', 'Contemporary', 'Coming Of Age', 'China', 'Adult Fiction']"
9780452287020,Girl with a Pearl Earring,Tracy Chevalier,Plume/Penguin,English,"['Historical Fiction', 'Fiction', 'Historical', 'Classics', 'Art', 'Romance', 'Adult']"
9780679746041,"Girl, Interrupted",Susanna Kaysen,Vintage,English,"['Nonfiction', 'Memoir', 'Psychology', 'Mental Health', 'Biography', 'Mental Illness', 'Classics']"
9780553375930,Girls in Pants: The Third Summer of the Sisterhood ,Ann Brashares,Ember,English,"['Young Adult', 'Fiction', 'Chick Lit', 'Contemporary', 'Romance', 'Teen', 'Realistic Fiction']"
9780451219947,Glass Houses ,Rachel Caine,NAL Jam,English,"['Vampires', 'Young Adult', 'Paranormal', 'Fantasy', 'Urban Fantasy', 'Romance', 'Supernatural']"
9780062310668,Glass Sword ,Victoria Aveyard,HarperTeen,English,"['Fantasy', 'Young Adult', 'Dystopia', 'Romance', 'Fiction', 'Young Adult Fantasy', 'Audiobook']"
9780425150986,Glory in Death ,J.D. Robb,Berkley Books,English,"['Mystery', 'Romance', 'Crime', 'Romantic Suspense', 'Fiction', 'Suspense', 'Futuristic']"
9781954118232,Go as a River,Shelley Read,Spiegel & Grau,English,"['Historical Fiction', 'Fiction', 'Audiobook', 'Coming Of Age', 'Historical', 'Literary Fiction', 'Adult']"
9781841580654,Gods and Generals ,Jeff Shaara,Birlinn,English,"['Historical Fiction', 'Fiction', 'Civil War', 'War', 'Historical', 'Military Fiction', 'American History']"
9780060013134,Going Postal ,Terry Pratchett,Harper,English,"['Fantasy', 'Fiction', 'Humor', 'Comedy', 'Science Fiction Fantasy', 'Audiobook', 'Science Fiction']"
9781482313123,Going Under,S. Walden,Penny Press,English,"['New Adult', 'Romance', 'Young Adult', 'Dark', 'Contemporary', 'Abuse', 'High School']"
9780345539823,Golden Son ,Pierce Brown,Del Rey,English,"['Science Fiction', 'Fantasy', 'Fiction', 'Dystopia', 'Young Adult', 'Audiobook', 'Adult']"
9780061448768,Gone ,Michael  Grant,Katherine Tegen Books,English,"['Young Adult', 'Dystopia', 'Fantasy', 'Science Fiction', 'Fiction', 'Paranormal', 'Romance']"
9781416979180,Gone ,Lisa McMann,Simon & Schuster Books for Young Readers,English,"['Young Adult', 'Fantasy', 'Paranormal', 'Romance', 'Fiction', 'Supernatural', 'Mystery']"
9780440236733,Gone for Good,Harlan Coben,Dell,English,"['Mystery', 'Thriller', 'Fiction', 'Mystery Thriller', 'Crime', 'Suspense', 'Audiobook']"
9780671743079,Gone South,Robert McCammon,Pocket Books,English,"['Horror', 'Fiction', 'Thriller', 'Crime', 'Mystery', 'Fantasy', 'Suspense']"
9780380730353,"Gone, Baby, Gone ",Dennis Lehane,William Morrow Paperbacks,English,"['Mystery', 'Fiction', 'Thriller', 'Crime', 'Mystery Thriller', 'Detective', 'Suspense']"
9780385471107,Good Bones and Simple Murders,Margaret Atwood,Nan A. Talese,English,"['Short Stories', 'Fiction', 'Poetry', 'Canada', 'Fantasy', 'Literary Fiction', 'Literature']"
9780743418171,Good in Bed ,Jennifer Weiner,Washington Square Press,English,"['Chick Lit', 'Fiction', 'Romance', 'Contemporary', 'Adult Fiction', 'Adult', 'Humor']"
9780399230035,"Good Night, Gorilla",Peggy Rathmann,G.P. Putnam's Sons Books for Young Readers,English,"['Picture Books', 'Childrens', 'Animals', 'Fiction', 'Humor', 'Storytime', 'Kids']"
9780064401746,"Good Night, Mr. Tom",Michelle Magorian,HarperCollins,English,"['Historical Fiction', 'Fiction', 'Classics', 'Childrens', 'Young Adult', 'Historical', 'War']"
9780618083602,Gorillas in the Mist,Dian Fossey,Mariner Books,English,"['Nonfiction', 'Science', 'Animals', 'Africa', 'Biography', 'Nature', 'Memoir']"
9780316910330,Gossip Girl ,Cecily von Ziegesar,"Little, Brown and Company",English,"['Young Adult', 'Fiction', 'Chick Lit', 'Contemporary', 'Romance', 'Teen', 'Drama']"
9780195140491,Gotham: A History of New York City to 1898,Edwin G. Burrows,"Oxford University Press, USA",English,"['History', 'Nonfiction', 'New York', 'American History', 'Cities', 'The United States Of America', 'American']"
9780152063962,Graceling ,Kristin Cashore,Harcourt,English,"['Fantasy', 'Young Adult', 'Romance', 'Fiction', 'Young Adult Fantasy', 'Adventure', 'Magic']"
9780765308382,Grania: She-King of the Irish Seas,Morgan Llywelyn,Forge Books,English,"['Historical Fiction', 'Ireland', 'Fiction', 'Pirates', 'Historical', 'Fantasy', 'Irish Literature']"
9780451458445,Grave Peril ,Jim Butcher,ROC,English,"['Fantasy', 'Urban Fantasy', 'Fiction', 'Mystery', 'Paranormal', 'Magic', 'Audiobook']"
9780684859736,Grave Secrets ,Kathy Reichs,Scribner Book Company,English,"['Mystery', 'Crime', 'Fiction', 'Thriller', 'Mystery Thriller', 'Suspense', 'Audiobook']"
9780425212899,Grave Sight ,Charlaine Harris,Berkley,English,"['Mystery', 'Paranormal', 'Fantasy', 'Urban Fantasy', 'Fiction', 'Supernatural', 'Crime']"
9780553572391,Green Mars ,Kim Stanley Robinson,Spectra Books,English,"['Science Fiction', 'Fiction', 'Hugo Awards', 'Science Fiction Fantasy', 'Space', 'Speculative Fiction', 'Space Opera']"
9780886778583,Green Rider ,Kristen Britain,DAW Books,English,"['Fantasy', 'Young Adult', 'Fiction', 'High Fantasy', 'Magic', 'Adventure', 'Epic Fantasy']"
9780439771344,Gregor the Overlander ,Suzanne Collins,Scholastic,English,"['Fantasy', 'Young Adult', 'Middle Grade', 'Fiction', 'Adventure', 'Childrens', 'Juvenile']"
9781101946343,Grey ,E.L. James,Vintage,English,"['Romance', 'Erotica', 'BDSM', 'Fiction', 'Contemporary', 'Adult', 'Contemporary Romance']"
9780451461070,Greywalker ,Kat Richardson,Ace,English,"['Urban Fantasy', 'Fantasy', 'Paranormal', 'Mystery', 'Vampires', 'Fiction', 'Supernatural']"
9781551924014,Griffin & Sabine ,Nick Bantock,Raincoast Books,English,"['Fiction', 'Art', 'Fantasy', 'Romance', 'Graphic Novels', 'Mystery', 'Magical Realism']"
9781590388983,Grip of the Shadow Plague ,Brandon Mull,Shadow Mountain,English,"['Fantasy', 'Young Adult', 'Middle Grade', 'Fiction', 'Adventure', 'Magic', 'Childrens']"
9780345352668,Guardians of the West ,David Eddings,Del Rey,English,"['Fantasy', 'Fiction', 'Epic Fantasy', 'High Fantasy', 'Science Fiction Fantasy', 'Young Adult', 'Adventure']"
9780061020643,Guards! Guards! ,Terry Pratchett,HarperTorch,English,"['Fantasy', 'Fiction', 'Humor', 'Comedy', 'Dragons', 'Science Fiction Fantasy', 'Audiobook']"
9780763600136,Guess How Much I Love You,Sam McBratney,Candlewick,English,"['Picture Books', 'Childrens', 'Fiction', 'Animals', 'Classics', 'Family', 'Love']"
9780763600136,Guess How Much I Love You,Sam McBratney,Candlewick,English,"['Picture Books', 'Childrens', 'Fiction', 'Animals', 'Classics', 'Family', 'Love']"
9780515134490,Guilty Pleasures ,Laurell K. Hamilton,Jove Books,English,"['Urban Fantasy', 'Fantasy', 'Vampires', 'Paranormal', 'Romance', 'Horror', 'Fiction']"
9780767900560,Gulag: A History,Anne Applebaum,Doubleday,English,"['History', 'Nonfiction', 'Russia', 'Politics', 'Russian History', 'War', 'Historical']"
9780156028974,"Gun, With Occasional Music",Jonathan Lethem,Ecco,English,"['Fiction', 'Science Fiction', 'Mystery', 'Noir', 'Crime', 'Fantasy', 'Dystopia']"
9780739467350,"Guns, Germs, and Steel: The Fates of Human Societies",Jared Diamond,W.W. Norton & Company,English,"['History', 'Nonfiction', 'Science', 'Anthropology', 'Sociology', 'Politics', 'Economics']"
9781416586289,Half Broke Horses,Jeannette Walls,Scribner,English,"['Memoir', 'Nonfiction', 'Biography', 'Book Club', 'Biography Memoir', 'Historical', 'Adult']"
9781400044160,Half of a Yellow Sun,Chimamanda Ngozi Adichie,Knopf,English,"['Fiction', 'Historical Fiction', 'Africa', 'Nigeria', 'War', 'Historical', 'African Literature']"
9780983157205,Half-Blood ,Jennifer L. Armentrout,Spencer Hill Press,English,"['Fantasy', 'Young Adult', 'Paranormal', 'Romance', 'Mythology', 'Paranormal Romance', 'Urban Fantasy']"
9780061245084,Halfway to the Grave ,Jeaniene Frost,Avon,English,"['Paranormal', 'Vampires', 'Urban Fantasy', 'Romance', 'Fantasy', 'Paranormal Romance', 'Adult']"
9780061996184,Hallowed ,Cynthia Hand,HarperTeen,English,"['Young Adult', 'Fantasy', 'Angels', 'Paranormal', 'Romance', 'Paranormal Romance', 'Supernatural']"
9780312656263,Halo ,Alexandra Adornetto,Feiwel & Friends,English,"['Young Adult', 'Angels', 'Fantasy', 'Romance', 'Paranormal', 'Paranormal Romance', 'Supernatural']"
9781455539741,Hamilton: The Revolution,Lin-Manuel Miranda,Grand Central Publishing,English,"['Nonfiction', 'History', 'Plays', 'Audiobook', 'Music', 'Historical', 'Theatre']"
9780553587500,Hammered ,Elizabeth Bear,Spectra,English,"['Science Fiction', 'Fiction', 'Cyberpunk', 'Fantasy', 'Science Fiction Fantasy', 'Space Opera', 'Military Fiction']"
9781472223791,Hamnet,Maggie O'Farrell,Tinder Press,English,"['Historical Fiction', 'Fiction', 'Historical', 'Literary Fiction', 'Audiobook', 'Adult', 'British Literature']"
9780425148983,Hangman's Root ,Susan Wittig Albert,Berkley,English,"['Mystery', 'Cozy Mystery', 'Fiction', 'Mystery Thriller', 'Crime', 'Herbs', 'Murder Mystery']"
9780593441275,Happy Place,Emily Henry,Berkley,English,"['Romance', 'Fiction', 'Contemporary', 'Audiobook', 'Contemporary Romance', 'Adult', 'Chick Lit']"
9780451233325,Hard Bitten ,Chloe Neill,NAL Trade,English,"['Urban Fantasy', 'Vampires', 'Paranormal', 'Fantasy', 'Romance', 'Paranormal Romance', 'Magic']"
9780451233325,Hard Bitten ,Chloe Neill,NAL Trade,English,"['Urban Fantasy', 'Vampires', 'Paranormal', 'Fantasy', 'Romance', 'Paranormal Romance', 'Magic']"
9781301163748,Hard to Love ,Kendall Ryan,,English,"['Romance', 'New Adult', 'Contemporary Romance', 'Contemporary', 'Erotica', 'Adult', 'Erotic Romance']"
9780394588322,Harlot's Ghost,Norman Mailer,Random House,English,"['Fiction', 'Historical Fiction', 'Espionage', 'Literature', 'American', 'Novels', 'Thriller']"
9780670886586,Haroun and the Sea of Stories ,Salman Rushdie,Viking Children's Books,English,"['Fantasy', 'Fiction', 'Magical Realism', 'Young Adult', 'Childrens', 'India', 'Literature']"
9780439655484,Harry Potter and the Prisoner of Azkaban ,J.K. Rowling,Scholastic Inc.,English,"['Fantasy', 'Fiction', 'Young Adult', 'Magic', 'Childrens', 'Middle Grade', 'Audiobook']"
9780689840920,Hatchet ,Gary Paulsen,Atheneum Books for Young Readers: Richard Jackson Books,English,"['Fiction', 'Young Adult', 'Classics', 'Adventure', 'Middle Grade', 'Survival', 'Childrens']"
9780689840920,Hatchet ,Gary Paulsen,Atheneum Books for Young Readers: Richard Jackson Books,English,"['Fiction', 'Young Adult', 'Classics', 'Adventure', 'Middle Grade', 'Survival', 'Childrens']"
9780375727436,"Hateship, Friendship, Courtship, Loveship, Marriage: Stories",Alice Munro,Knopf Doubleday Publishing Group,English,"['Short Stories', 'Fiction', 'Canada', 'Literary Fiction', 'Contemporary', 'Nobel Prize', 'Literature']"
9780375727436,"Hateship, Friendship, Courtship, Loveship, Marriage: Stories",Alice Munro,Knopf Doubleday Publishing Group,English,"['Short Stories', 'Fiction', 'Canada', 'Literary Fiction', 'Contemporary', 'Nobel Prize', 'Literature']"
9780061031014,Have a Nice Day!: A Tale of Blood and Sweatsocks,Mick Foley,HarperEntertainment,English,"['Nonfiction', 'Biography', 'Sports', 'Autobiography', 'Memoir', 'Biography Memoir', 'Humor']"
9780886772390,Hawkmistress! ,Marion Zimmer Bradley,DAW Books Inc,English,"['Fantasy', 'Science Fiction', 'Fiction', 'Science Fiction Fantasy', 'Speculative Fiction', 'Adventure', 'Paranormal']"
9780571225583,Headlong,Michael Frayn,Faber and Faber,English,"['Fiction', 'Art', 'Novels', 'Historical Fiction', 'British Literature', 'Contemporary', 'Literature']"
9780425263990,Heart of Obsidian  ,Nalini Singh,Berkley Sensation,English,"['Paranormal Romance', 'Romance', 'Paranormal', 'Fantasy', 'Urban Fantasy', 'Shapeshifters', 'Adult']"
9781250044655,Heartless,Marissa Meyer,Feiwel & Friends,English,"['Fantasy', 'Young Adult', 'Romance', 'Retellings', 'Fiction', 'Young Adult Fantasy', 'Audiobook']"
9780340818671,Hearts in Atlantis,Stephen King,New English Library,English,"['Horror', 'Fiction', 'Fantasy', 'Short Stories', 'Thriller', 'Mystery', 'Suspense']"
9780061147937,Heart-Shaped Box,Joe Hill,William Morrow,English,"['Horror', 'Fiction', 'Thriller', 'Paranormal', 'Ghosts', 'Fantasy', 'Supernatural']"
9780312368463,Heartsick ,Chelsea Cain,Minotaur Books,English,"['Mystery', 'Thriller', 'Fiction', 'Crime', 'Mystery Thriller', 'Suspense', 'Horror']"
9781338617566,Heartstopper: Volume Four ,Alice Oseman,Graphix,English,"['Graphic Novels', 'Romance', 'LGBT', 'Young Adult', 'Queer', 'Contemporary', 'Comics']"
9780749932824,Heaven and Earth ,Nora Roberts,Judy Piatkus,English,"['Romance', 'Paranormal', 'Fantasy', 'Fiction', 'Contemporary Romance', 'Paranormal Romance', 'Contemporary']"
9780451200839,Heaven and Hell ,John Jakes,Berkley,English,"['Historical Fiction', 'Fiction', 'Civil War', 'Historical', 'War', 'Romance', 'Classics']"
9780380776849,"Heaven, Texas ",Susan Elizabeth Phillips,Avon,English,"['Romance', 'Contemporary Romance', 'Contemporary', 'Sports', 'Sports Romance', 'Chick Lit', 'Fiction']"
9780645803716,Heir of Broken Fate ,Mads Rafferty,Independently Published,English,"['Fantasy', 'Fantasy Romance', 'Romance', 'Fae', 'Magic', 'New Adult', 'Fiction']"
9781619630659,Heir of Fire ,Sarah J. Maas,Bloomsbury Publishing,English,"['Fantasy', 'Young Adult', 'Romance', 'Magic', 'Fiction', 'Fae', 'Young Adult Fantasy']"
9780553296129,Heir to the Empire ,Timothy Zahn,Bantam Spectra,English,"['Star Wars', 'Science Fiction', 'Fiction', 'Fantasy', 'Space Opera', 'Science Fiction Fantasy', 'Audiobook']"
9780451456724,Heir to the Shadows ,Anne Bishop,Roc Fantasy,English,"['Fantasy', 'Romance', 'Magic', 'Fiction', 'Dark Fantasy', 'High Fantasy', 'Paranormal']"
9781423116394,Heist Society ,Ally Carter,Hyperion Book CH,English,"['Young Adult', 'Mystery', 'Contemporary', 'Romance', 'Fiction', 'Adventure', 'Teen']"
9781250313102,Hell Bent ,Leigh Bardugo,Flatiron Books,English,"['Fantasy', 'Fiction', 'Horror', 'Mystery', 'Urban Fantasy', 'Paranormal', 'Adult']"
9780743444729,Helliconia Spring ,Brian W. Aldiss,UNKNO,English,"['Science Fiction', 'Fiction', 'Fantasy', 'Science Fiction Fantasy', 'Speculative Fiction', 'Space Opera', 'Collections']"
9780743445108,Helliconia Summer ,Brian W. Aldiss,UNKNO,English,"['Science Fiction', 'Fiction', 'Fantasy', 'Science Fiction Fantasy', 'Speculative Fiction', 'Novels', 'British Literature']"
9780451411730,Help the Poor Struggler ,Martha Grimes,Onyx,English,"['Mystery', 'Fiction', 'Crime', 'British Literature', 'Detective', 'Mystery Thriller', 'Cozy Mystery']"
9781599610825,Henry and Mudge,Cynthia Rylant,Spotlight,English,"['Childrens', 'Picture Books', 'Fiction', 'Dogs', 'Animals', 'Chapter Books', '2nd Grade']"
9780689810022,Henry and Mudge in Puddle Trouble ,Cynthia Rylant,Simon Spotlight,English,"['Childrens', 'Picture Books', 'Animals', 'Dogs', 'Fiction', '1st Grade', 'Chapter Books']"
9780393302004,Hen's Teeth and Horse's Toes,Stephen Jay Gould,"W. W. Norton & Company, Incorporated",English,"['Science', 'Nonfiction', 'Evolution', 'Biology', 'Natural History', 'Essays', 'Nature']"
9780224085618,Her Fearful Symmetry,Audrey Niffenegger,Jonathan Cape Ltd,English,"['Fiction', 'Fantasy', 'Paranormal', 'Mystery', 'Contemporary', 'Ghosts', 'Magical Realism']"
9780991566655,Her Master's Courtesan ,Lily  White,,English,"['Dark', 'BDSM', 'Erotica', 'Abuse', 'Romance', 'Adult', 'Crime']"
9781892391209,Her Smoke Rose Up Forever,James Tiptree Jr.,Tachyon Publications,English,"['Science Fiction', 'Short Stories', 'Fiction', 'Feminism', 'Speculative Fiction', 'Fantasy', 'Science Fiction Fantasy']"
9780345382849,Here Be Dragons ,Sharon Kay Penman,Ballantine Books,English,"['Historical Fiction', 'Fiction', 'Historical', 'Medieval', 'Fantasy', 'Romance', 'British Literature']"
9780593098264,Heretics of Dune ,Frank Herbert,Ace,English,"['Science Fiction', 'Fiction', 'Fantasy', 'Science Fiction Fantasy', 'Classics', 'Space Opera', 'Audiobook']"
9781423121305,Hex Hall ,Rachel Hawkins,Hyperion Book CH,English,"['Young Adult', 'Fantasy', 'Paranormal', 'Magic', 'Romance', 'Vampires', 'Witches']"
9780425197226,Hidden Riches,Nora Roberts,Berkley,English,"['Romance', 'Romantic Suspense', 'Contemporary Romance', 'Fiction', 'Contemporary', 'Suspense', 'Mystery']"
9780385543767,Hidden Valley Road: Inside the Mind of an American Family,Robert Kolker,Doubleday,English,"['Nonfiction', 'Psychology', 'Science', 'Audiobook', 'Biography', 'Mental Health', 'History']"
9780312963972,Hide and Seek ,Ian Rankin,St. Martin's Paperbacks,English,"['Mystery', 'Crime', 'Fiction', 'Scotland', 'Detective', 'Thriller', 'Mystery Thriller']"
9780425199565,High Country ,Nevada Barr,Berkley,English,"['Mystery', 'Fiction', 'Mystery Thriller', 'Thriller', 'Suspense', 'Audiobook', 'Crime']"
9781573225519,High Fidelity,Nick Hornby,Riverhead Books,English,"['Fiction', 'Music', 'Contemporary', 'Humor', 'Romance', 'Novels', 'British Literature']"
9780330371230,High Five ,Janet Evanovich,St. Martin's Press,English,"['Mystery', 'Fiction', 'Humor', 'Chick Lit', 'Romance', 'Crime', 'Comedy']"
9780571179503,High Tide in Tucson : Essays from Now or Never,Barbara Kingsolver,Faber and Faber,English,"['Nonfiction', 'Essays', 'Memoir', 'Nature', 'Short Stories', 'Environment', 'Adult']"
9780062300546,Hillbilly Elegy: A Memoir of a Family and Culture in Crisis,J.D. Vance,Harper,English,"['Nonfiction', 'Memoir', 'Biography', 'Audiobook', 'Politics', 'Biography Memoir', 'Sociology']"
9780440238607,His Dark Materials ,Philip Pullman,Laurel Leaf,English,"['Fantasy', 'Fiction', 'Young Adult', 'Childrens', 'Science Fiction Fantasy', 'Science Fiction', 'Classics']"
9781419307270,His Excellency: George Washington,Joseph J. Ellis,Recorded Books LLC,English,"['History', 'Biography', 'Nonfiction', 'Presidents', 'American History', 'Politics', 'American Revolution']"
9780316108676,His Kisses Are Dreamy...but Those Hairballs Down My Cleavage...!: Another Tender Outland Collection,Berkeley Breathed,Little Brown & Co,English,"['Comics', 'Humor', 'Cartoon', 'Graphic Novels Comics', 'Fiction', 'Comic Strips', 'Graphic Novels']"
9780345481283,His Majesty's Dragon ,Naomi Novik,Random House Inc,English,"['Fantasy', 'Dragons', 'Historical Fiction', 'Fiction', 'Historical', 'Alternate History', 'Historical Fantasy']"
9781476772356,His Secrets ,Lisa Renee Jones,Gallery,English,"['BDSM', 'Erotica', 'Contemporary Romance', 'Novella', 'Erotic Romance', 'Contemporary', 'Short Stories']"
9781616956936,History Is All You Left Me,Adam Silvera,Soho Teen,English,"['Young Adult', 'Contemporary', 'LGBT', 'Romance', 'Fiction', 'Queer', 'Mental Health']"
9780679772682,Hitler's Willing Executioners: Ordinary Germans and the Holocaust,Daniel Jonah Goldhagen,Vintage,English,"['History', 'Nonfiction', 'Holocaust', 'World War II', 'Germany', 'War', 'Politics']"
9780679772682,Hitler's Willing Executioners: Ordinary Germans and the Holocaust,Daniel Jonah Goldhagen,Vintage,English,"['History', 'Nonfiction', 'Holocaust', 'World War II', 'Germany', 'War', 'Politics']"
9780425161296,Hocus Pocus,Kurt Vonnegut Jr.,Berkley Books,English,"['Fiction', 'Humor', 'Classics', 'Science Fiction', 'Literature', 'Novels', 'American']"
9780575064034,Hogfather ,Terry Pratchett,Victor Gollancz,English,"['Fantasy', 'Fiction', 'Humor', 'Comedy', 'Christmas', 'Science Fiction Fantasy', 'Audiobook']"
9780525950608,Hold Tight,Harlan Coben,Dutton,English,"['Mystery', 'Thriller', 'Fiction', 'Suspense', 'Crime', 'Mystery Thriller', 'Adult']"
9780515142884,Holding the Dream ,Nora Roberts,Jove,English,"['Romance', 'Contemporary Romance', 'Fiction', 'Contemporary', 'Chick Lit', 'Adult', 'Audiobook']"
9780439244190,Holes ,Louis Sachar,Scholastic,English,"['Young Adult', 'Fiction', 'Middle Grade', 'Childrens', 'Classics', 'School', 'Realistic Fiction']"
9781600244872,Holidays on Ice,David Sedaris,Grand Central Publishing,English,"['Humor', 'Nonfiction', 'Short Stories', 'Memoir', 'Essays', 'Christmas', 'Audiobook']"
9780671724511,Hollywood Husbands ,Jackie Collins,Pocket Books,English,"['Romance', 'Fiction', 'Chick Lit', 'Contemporary', 'Adult', 'Contemporary Romance', 'Novels']"
9780553099584,Holy Fire,Bruce Sterling,Spectra,English,"['Science Fiction', 'Cyberpunk', 'Fiction', 'Dystopia', 'Science Fiction Fantasy', 'Speculative Fiction', 'Novels']"
9781524745172,Home Before Dark,Riley Sager,Dutton Books,English,"['Horror', 'Thriller', 'Mystery', 'Mystery Thriller', 'Fiction', 'Audiobook', 'Adult']"
9780061734564,Home Repair,Liz Rosenberg,William Morrow Paperbacks,English,"['Fiction', 'Chick Lit', 'Womens Fiction', 'Contemporary']"
9780316113595,Homecoming ,Tonya Hurley,"Little, Brown and Company",English,"['Fantasy', 'Young Adult', 'Paranormal', 'Ghosts', 'Romance', 'Fiction', 'Supernatural']"
9780515124897,Homeport,Nora Roberts,Jove,English,"['Romance', 'Fiction', 'Romantic Suspense', 'Contemporary Romance', 'Mystery', 'Contemporary', 'Suspense']"
9780836217698,Homicidal Psycho Jungle Cat ,Bill Watterson,Andrews McMeel Publishing,English,"['Comics', 'Humor', 'Graphic Novels', 'Fiction', 'Comic Strips', 'Graphic Novels Comics', 'Comic Book']"
9780805080759,Homicide: A Year on the Killing Streets,David Simon,Picador,English,"['Nonfiction', 'True Crime', 'Crime', 'History', 'Journalism', 'Mystery', 'Sociology']"
9780425186190,Honest Illusions,Nora Roberts,Berkley Trade,English,"['Romance', 'Contemporary Romance', 'Romantic Suspense', 'Contemporary', 'Fiction', 'Mystery', 'Suspense']"
9781491732960,Honor and Polygamy,Omar Farhad,iUniverse,,"['Fiction', 'Polygamy', 'Contemporary', 'Politics']"
9780063045699,"Hook, Line, and Sinker ",Tessa Bailey,Avon,English,"['Romance', 'Contemporary', 'Contemporary Romance', 'Audiobook', 'Fiction', 'Adult', 'Chick Lit']"
9780449212400,Hot Money,Dick Francis,Fawcett,English,"['Mystery', 'Fiction', 'Thriller', 'Crime', 'Mystery Thriller', 'Suspense', 'Horses']"
9780449212400,Hot Money,Dick Francis,Fawcett,English,"['Mystery', 'Fiction', 'Thriller', 'Crime', 'Mystery Thriller', 'Suspense', 'Horses']"
9780312976279,Hot Six ,Janet Evanovich,St. Martin's Paperbacks,English,"['Mystery', 'Fiction', 'Humor', 'Chick Lit', 'Romance', 'Crime', 'Comedy']"
9781402245855,Hot Ticket ,Olivia Cunning,Sourcebooks Casablanca,English,"['Romance', 'Erotica', 'Contemporary', 'Contemporary Romance', 'Music', 'Erotic Romance', 'Adult']"
9780679759324,Hotel du Lac,Anita Brookner,Vintage Books,English,"['Fiction', 'Literary Fiction', 'Classics', 'British Literature', 'Romance', 'Novels', 'Contemporary']"
9780593404515,Hotel Magnifique,Emily J. Taylor,Razorbill,English,"['Fantasy', 'Young Adult', 'Magic', 'Mystery', 'Fiction', 'Romance', 'Young Adult Fantasy']"
9780345505330,Hotel on the Corner of Bitter and Sweet,Jamie Ford,Ballantine Books,English,"['Historical Fiction', 'Fiction', 'Historical', 'Romance', 'World War II', 'Book Club', 'Adult Fiction']"
9780989339261,Hothouse Flower ,Krista Ritchie,,English,"['Romance', 'New Adult', 'Contemporary', 'Contemporary Romance', 'Adult', 'Fiction', 'Mental Health']"
9780679890621,Hour of the Olympics ,Mary Pope Osborne,Random House Books for Young Readers,English,"['Fantasy', 'Childrens', 'Fiction', 'Historical Fiction', 'Chapter Books', 'Adventure', 'Middle Grade']"
9780061284472,Hourglass ,Claudia Gray,HarperTeen,English,"['Young Adult', 'Vampires', 'Fantasy', 'Paranormal', 'Romance', 'Paranormal Romance', 'Supernatural']"
9781635574043,House of Earth and Blood ,Sarah J. Maas,Bloomsbury Publishing,English,"['Fantasy', 'Romance', 'Fiction', 'Urban Fantasy', 'Fantasy Romance', 'Adult', 'New Adult']"
9781408884423,House of Sky and Breath ,Sarah J. Maas,Bloomsbury Publishing,English,"['Fantasy', 'Romance', 'Fae', 'Fantasy Romance', 'Fiction', 'Urban Fantasy', 'Adult']"
9780743296434,House Rules,Jodi Picoult,Atria,English,"['Fiction', 'Mystery', 'Contemporary', 'Autistic Spectrum Disorder', 'Adult', 'Adult Fiction', 'Drama']"
9780063072640,How High We Go in the Dark,Sequoia Nagamatsu,William Morrow,English,"['Science Fiction', 'Fiction', 'Dystopia', 'Short Stories', 'Fantasy', 'Audiobook', 'Speculative Fiction']"
9780553376050,How I Live Now,Meg Rosoff,Wendy Lamb Books,English,"['Young Adult', 'Fiction', 'Dystopia', 'Romance', 'War', 'Science Fiction', 'Teen']"
9780393327991,"How Late It Was, How Late",James Kelman,W. W. Norton,English,"['Fiction', 'Scotland', 'Novels', 'Literary Fiction', 'Contemporary', 'Literature', 'British Literature']"
9780452287075,How the García Girls Lost Their Accents,Julia Alvarez,Plume,English,"['Fiction', 'Historical Fiction', 'Young Adult', 'Classics', 'Novels', 'Coming Of Age', 'Contemporary']"
9780385418492,How the Irish Saved Civilization: The Untold Story of Ireland's Heroic Role from the Fall of Rome to the Rise of Medieval Europe,Thomas Cahill,Bantam Doubleday Dell (NYC),English,"['History', 'Nonfiction', 'Ireland', 'Historical', 'Irish Literature', 'Religion', 'European History']"
9780385418492,How the Irish Saved Civilization: The Untold Story of Ireland's Heroic Role from the Fall of Rome to the Rise of Medieval Europe,Thomas Cahill,Bantam Doubleday Dell (NYC),English,"['History', 'Nonfiction', 'Ireland', 'Historical', 'Irish Literature', 'Religion', 'European History']"
9780385546133,How to Avoid a Climate Disaster: The Solutions We Have and the Breakthroughs We Need,Bill  Gates,Knopf Publishing Group,English,"['Nonfiction', 'Science', 'Climate Change', 'Environment', 'Politics', 'Audiobook', 'Sustainability']"
9780312422165,How to Be Alone,Jonathan Franzen,Picador,English,"['Essays', 'Nonfiction', 'Memoir', 'Short Stories', 'Literature', 'Philosophy', 'American']"
9780028610108,How to Cook Everything: Simple Recipes for Great Food,Mark Bittman,John Wiley & Sons,English,"['Cookbooks', 'Cooking', 'Food', 'Nonfiction', 'Reference', 'Culinary', 'Health']"
9780593201268,How to Sell a Haunted House,Grady Hendrix,Berkley,English,"['Horror', 'Fiction', 'Thriller', 'Paranormal', 'Audiobook', 'Mystery', 'Adult']"
9780292724457,How to Suppress Women's Writing,Joanna Russ,University of Texas Press,English,"['Feminism', 'Nonfiction', 'Writing', 'Essays', 'Womens', 'Gender', 'Books About Books']"
9780316737371,How to Train Your Dragon ,Cressida Cowell,ROURKE,English,"['Fantasy', 'Dragons', 'Middle Grade', 'Childrens', 'Fiction', 'Audiobook', 'Young Adult']"
9780151001361,How to Travel With a Salmon & Other Essays,Umberto Eco,Harcourt,English,"['Essays', 'Nonfiction', 'Humor', 'Philosophy', 'Italian Literature', 'Short Stories', 'Italy']"
9781250149060,How to Walk Away,Katherine Center,St. Martin's Press,English,"['Romance', 'Fiction', 'Contemporary', 'Chick Lit', 'Audiobook', 'Adult', 'Contemporary Romance']"
9780064410342,Howl’s Moving Castle ,Diana Wynne Jones,Harper Trophy,English,"['Fantasy', 'Young Adult', 'Fiction', 'Romance', 'Middle Grade', 'Magic', 'Classics']"
9781416567844,"Human Smoke: The Beginnings of World War II, The End of Civilization",Nicholson Baker,Simon & Schuster,English,"['History', 'Nonfiction', 'War', 'World War II', 'Politics', 'Holocaust', 'Military History']"
9780515091601,Hummingbird,LaVyrle Spencer,Jove,English,"['Romance', 'Historical Romance', 'Westerns', 'Historical', 'Historical Fiction', 'Fiction', 'Western Romance']"
9780399153761,Hundred-Dollar Baby ,Robert B. Parker,Putnam Adult,English,"['Mystery', 'Fiction', 'Detective', 'Crime', 'Suspense', 'Thriller', 'Mystery Thriller']"
9780063051034,Hunt the Stars ,Jessie Mihalik,Harper Voyager,English,"['Romance', 'Science Fiction', 'Fantasy', 'Space Opera', 'Fiction', 'Adult', 'Aliens']"
9780312379827,Hunted ,P.C. Cast,St. Martin's Griffin,English,"['Young Adult', 'Vampires', 'Fantasy', 'Paranormal', 'Romance', 'Fiction', 'Supernatural']"
9780441017386,Hunting Ground ,Patricia Briggs,Ace,English,"['Urban Fantasy', 'Fantasy', 'Paranormal', 'Romance', 'Paranormal Romance', 'Werewolves', 'Shapeshifters']"
9781857238815,Hunting Party ,Elizabeth Moon,Baen Books,English,"['Science Fiction', 'Space Opera', 'Fiction', 'Military Fiction', 'Space', 'Science Fiction Fantasy', 'Fantasy']"
9780425188781,Hunting Season ,Nevada Barr,Berkley,English,"['Mystery', 'Fiction', 'Mystery Thriller', 'Crime', 'Suspense', 'Audiobook', 'Thriller']"
9781416989417,"Hush, Hush ",Becca Fitzpatrick,Simon & Schuster,English,"['Fantasy', 'Young Adult', 'Romance', 'Paranormal', 'Angels', 'Paranormal Romance', 'Fiction']"
9780553283686,Hyperion ,Dan Simmons,Bantam Doubleday Dell Publishing Group,English,"['Science Fiction', 'Fiction', 'Fantasy', 'Space Opera', 'Science Fiction Fantasy', 'Audiobook', 'Horror']"
9780446580502,I Am America,Stephen Colbert,Grand Central Publishing,English,"['Nonfiction', 'Humor', 'Comedy', 'Politics', 'Audiobook', 'Biography', 'Essays']"
9780061969553,I Am Number Four ,Pittacus Lore,HarperCollins,English,"['Young Adult', 'Fantasy', 'Science Fiction', 'Fiction', 'Aliens', 'Romance', 'Paranormal']"
9780786861828,I Am Spock,Leonard Nimoy,Hyperion,English,"['Biography', 'Nonfiction', 'Star Trek', 'Memoir', 'Autobiography', 'Biography Memoir', 'Audiobook']"
9780449001127,I Am the Clay,Chaim Potok,Ballantine Books,English,"['Fiction', 'Historical Fiction', 'Jewish', 'Novels', 'Classics', 'War', 'Literature']"
9780451410023,I Am the Only Running Footman ,Martha Grimes,NAL,English,"['Mystery', 'Fiction', 'Crime', 'British Literature', 'Mystery Thriller', 'Detective', 'Cozy Mystery']"
9781250183972,I Flipping Love You ,Helena Hunting,St. Martin's Paperbacks,English,"['Romance', 'Contemporary', 'Contemporary Romance', 'Humor', 'Audiobook', 'Adult', 'Fiction']"
9780593490143,I Have Some Questions for You,Rebecca Makkai,Viking,English,"['Fiction', 'Mystery', 'Audiobook', 'Thriller', 'Mystery Thriller', 'Contemporary', 'Literary Fiction']"
9781250244451,I Kissed Shara Wheeler,Casey McQuiston,St. Martin's Press,English,"['Romance', 'LGBT', 'Young Adult', 'Contemporary', 'Queer', 'Lesbian', 'Fiction']"
9780060987565,I Know This Much Is True,Wally Lamb,HarpPeren,English,"['Fiction', 'Contemporary', 'Literary Fiction', 'Novels', 'Adult Fiction', 'Mental Health', 'Mental Illness']"
9780375707216,I Married a Communist ,Philip Roth,Vintage,English,"['Fiction', 'Novels', 'American', 'Literary Fiction', 'Literature', 'Historical Fiction', 'The United States Of America']"
9781984836038,I Must Betray You,Ruta Sepetys,Penguin,English,"['Historical Fiction', 'Young Adult', 'Fiction', 'Historical', 'Audiobook', 'Romania', 'War']"
9780385611077,I Shall Wear Midnight ,Terry Pratchett,Doubleday UK,English,"['Fantasy', 'Young Adult', 'Fiction', 'Humor', 'Magic', 'Audiobook', 'Comedy']"
9780553574104,I Thee Wed ,Amanda Quick,Bantam Books,English,"['Romance', 'Historical Romance', 'Historical', 'Mystery', 'Historical Fiction', 'Fiction', 'Regency']"
9781400208418,I Think You're Wrong ,Sarah Stewart Holland,Thomas Nelson,English,"['Nonfiction', 'Politics', 'Audiobook', 'Self Help', 'Religion', 'Adult', 'Personal Development']"
9780385541695,I Was Anastasia,Ariel Lawhon,Doubleday,English,"['Historical Fiction', 'Fiction', 'Historical', 'Russia', 'Audiobook', 'Mystery', 'Adult']"
9781594483066,I Was Told There'd Be Cake: Essays,Sloane Crosley,Riverhead Books,English,"['Nonfiction', 'Essays', 'Humor', 'Memoir', 'Short Stories', 'Audiobook', 'Comedy']"
9780345384201,"I, Tituba, Black Witch of Salem",Maryse Condé,Ballantine Books,English,"['Historical Fiction', 'Fiction', 'Feminism', 'Witches', 'Historical', 'France', 'Fantasy']"
9780553569971,I. Asimov: A Memoir,Isaac Asimov,Bantam,English,"['Biography', 'Nonfiction', 'Memoir', 'Autobiography', 'Writing', 'History', 'Biography Memoir']"
9780312971236,Ice Station ,Matthew Reilly,St. Martin's Paperbacks,English,"['Thriller', 'Fiction', 'Action', 'Adventure', 'Mystery', 'Military Fiction', 'Mystery Thriller']"
9781423100034,"I'd Tell You I Love You, But Then I'd Have to Kill You ",Ally Carter,Hyperion Book CH,English,"['Young Adult', 'Romance', 'Mystery', 'Contemporary', 'Fiction', 'Espionage', 'Adventure']"
9781423100034,"I'd Tell You I Love You, But Then I'd Have to Kill You ",Ally Carter,Hyperion Book CH,English,"['Young Adult', 'Romance', 'Mystery', 'Contemporary', 'Fiction', 'Espionage', 'Adventure']"
9780525421030,If I Stay ,Gayle Forman,Viking,English,"['Young Adult', 'Romance', 'Contemporary', 'Fiction', 'Realistic Fiction', 'Teen', 'Music']"
9780671729455,If There Be Thorns ,V.C. Andrews,Pocket,English,"['Fiction', 'Horror', 'Young Adult', 'Romance', 'Gothic', 'Thriller', 'Drama']"
9780060244057,If You Give a Moose a Muffin,Laura Numeroff,HarperCollins,English,"['Picture Books', 'Childrens', 'Animals', 'Fiction', 'Humor', 'Food', 'Storytime']"
9780060245863,If You Give a Mouse a Cookie,Laura Joffe Numeroff,Harper Collins Publishers,English,"['Picture Books', 'Childrens', 'Fiction', 'Animals', 'Classics', 'Humor', 'Fantasy']"
2940016249308,If You Stay ,Courtney Cole,Lakehouse Press,English,"['New Adult', 'Romance', 'Contemporary', 'Contemporary Romance', 'Adult', 'Young Adult', 'Abuse']"
9780439903790,Igraine the Brave,Cornelia Funke,Chicken House,English,"['Fantasy', 'Childrens', 'Middle Grade', 'Fiction', 'Adventure', 'Magic', 'Juvenile']"
9780062319807,I'll Be Gone in the Dark: One Woman's Obsessive Search for the Golden State Killer,Michelle McNamara,Harper,English,"['Nonfiction', 'True Crime', 'Audiobook', 'Crime', 'Mystery', 'Memoir', 'History']"
9780425197257,Ill Wind ,Nevada Barr,Berkley,English,"['Mystery', 'Fiction', 'Mystery Thriller', 'Crime', 'Suspense', 'Thriller', 'Nature']"
9780385267052,Illness as Metaphor and AIDS and Its Metaphors,Susan Sontag,Anchor,English,"['Nonfiction', 'Essays', 'Philosophy', 'Medicine', 'Disability', 'Theory', 'Health']"
9780061668098,Illusions ,Aprilynne Pike,HarperTeen,English,"['Fantasy', 'Young Adult', 'Romance', 'Paranormal', 'Fairies', 'Fae', 'Fiction']"
9780767903820,I'm a Stranger Here Myself: Notes on Returning to America After Twenty Years Away,Bill Bryson,Broadway Books,English,"['Nonfiction', 'Travel', 'Humor', 'Memoir', 'Essays', 'Biography', 'Audiobook']"
9780767903820,I'm a Stranger Here Myself: Notes on Returning to America After Twenty Years Away,Bill Bryson,Broadway Books,English,"['Nonfiction', 'Travel', 'Humor', 'Memoir', 'Essays', 'Biography', 'Audiobook']"
9780446603638,Imago ,Octavia E. Butler,Aspect,English,"['Science Fiction', 'Fiction', 'Fantasy', 'Speculative Fiction', 'Aliens', 'Science Fiction Fantasy', 'Post Apocalyptic']"
9780061053719,Imajica,Clive Barker,Eos,English,"['Fantasy', 'Horror', 'Fiction', 'Science Fiction', 'Dark Fantasy', 'Science Fiction Fantasy', 'Novels']"
9781597800365,Imaro ,Charles R. Saunders,Night Shade,English,"['Fantasy', 'Sword and Sorcery', 'Fiction', 'Africa', 'Adventure', 'Speculative Fiction', 'Science Fiction']"
9780749934088,Immortal in Death ,J.D. Robb,Piatkus,English,"['Mystery', 'Romance', 'Crime', 'Romantic Suspense', 'Fiction', 'Futuristic', 'Suspense']"
9781668000229,Immortal Longings ,Chloe Gong,S&S/Saga Press,English,"['Fantasy', 'Romance', 'Adult', 'Retellings', 'Fiction', 'Historical Fiction', 'Science Fiction']"
9780571144563,Immortality,Milan Kundera,Faber and Faber,English,"['Fiction', 'Philosophy', 'Czech Literature', 'Novels', 'Literature', 'Classics', 'Contemporary']"
9780803730021,Impossible ,Nancy Werlin,Dial Books,English,"['Young Adult', 'Fantasy', 'Romance', 'Fiction', 'Paranormal', 'Teen', 'Magic']"
9781416903567,Impulse ,Ellen Hopkins,Margaret K. McElderry Books,English,"['Young Adult', 'Poetry', 'Fiction', 'Mental Health', 'Contemporary', 'Realistic Fiction', 'Mental Illness']"
9780767903868,In a Sunburned Country,Bill Bryson,Broadway Books,English,"['Travel', 'Nonfiction', 'Humor', 'Australia', 'Memoir', 'Audiobook', 'History']"
9780312273200,In America,Susan Sontag,St. Martins Press-3PL,English,"['Fiction', 'Historical Fiction', 'Literary Fiction', 'American', 'Novels', 'Literature', 'Womens']"
9781594201455,In Defense of Food: An Eater's Manifesto,Michael Pollan,Penguin Press,English,"['Nonfiction', 'Food', 'Health', 'Science', 'Nutrition', 'Audiobook', 'Cooking']"
9781594201455,In Defense of Food: An Eater's Manifesto,Michael Pollan,Penguin Press,English,"['Nonfiction', 'Food', 'Health', 'Science', 'Nutrition', 'Audiobook', 'Cooking']"
9781982137441,In Five Years,Rebecca Serle,Atria Books,English,"['Romance', 'Fiction', 'Contemporary', 'Audiobook', 'Chick Lit', 'Adult', 'Magical Realism']"
9780553575101,In Pursuit of the Proper Sinner ,Elizabeth  George,Bantam,English,"['Mystery', 'Fiction', 'Crime', 'Mystery Thriller', 'Thriller', 'British Literature', 'Detective']"
9780553575101,In Pursuit of the Proper Sinner ,Elizabeth  George,Bantam,English,"['Mystery', 'Fiction', 'Crime', 'Mystery Thriller', 'Thriller', 'British Literature', 'Detective']"
9780553342536,In Search of Schrödinger's Cat: Quantum Physics and Reality,John Gribbin,Bantam,English,"['Science', 'Nonfiction', 'Physics', 'Popular Science', 'Philosophy', 'History', 'Quantum Mechanics']"
9780812974041,In the Company of the Courtesan,Sarah Dunant,Random House Trade Paperbacks,English,"['Historical Fiction', 'Fiction', 'Historical', 'Italy', '16th Century', 'Romance', 'Audiobook']"
9780679749325,In the Eye of the Sun,Ahdaf Soueif,Vintage,English,"['Fiction', 'Egypt', 'Feminism', 'Novels', 'Historical Fiction', 'Africa', 'Literature']"
9781590170274,In the Freud Archives,Janet Malcolm,NYRB Classics,English,"['Psychology', 'Nonfiction', 'Psychoanalysis', 'History', 'Biography', 'Journalism', '20th Century']"
9781590170274,In the Freud Archives,Janet Malcolm,NYRB Classics,English,"['Psychology', 'Nonfiction', 'Psychoanalysis', 'History', 'Biography', 'Journalism', '20th Century']"
9780307408846,"In the Garden of Beasts: Love, Terror, and an American Family in Hitler's Berlin",Erik Larson,Crown,English,"['History', 'Nonfiction', 'World War II', 'Historical', 'Biography', 'War', 'Germany']"
9780765314574,In the Garden of Iden ,Kage Baker,Tor Books,English,"['Science Fiction', 'Time Travel', 'Fiction', 'Historical Fiction', 'Fantasy', 'Romance', 'Historical']"
9780689878565,In the Hand of the Goddess ,Tamora Pierce,Simon Pulse,English,"['Fantasy', 'Young Adult', 'Fiction', 'Magic', 'Adventure', 'Young Adult Fantasy', 'Romance']"
9780141001821,In the Heart of the Sea: The Tragedy of the Whaleship Essex,Nathaniel Philbrick,Penguin Books,English,"['Nonfiction', 'History', 'Adventure', 'Survival', 'Historical', 'American History', 'Audiobook']"
9780618709861,In the Lake of the Woods,Tim O'Brien,Mariner Books,English,"['Fiction', 'Mystery', 'Historical Fiction', 'War', 'Mystery Thriller', 'Literature', 'Novels']"
9781250217448,In the Lives of Puppets,T.J. Klune,Tor Books,English,"['Fantasy', 'Science Fiction', 'Fiction', 'LGBT', 'Romance', 'Adult', 'Queer']"
9784770029577,In the Miso Soup,Ryū Murakami,Kodansha USA,Japanese,"['Horror', 'Fiction', 'Japan', 'Japanese Literature', 'Thriller', 'Crime', 'Mystery']"
9780553384031,In the Night Garden ,Catherynne M. Valente,Bantam Dell,English,"['Fantasy', 'Fiction', 'Short Stories', 'Fairy Tales', 'Young Adult', 'Magic', 'Science Fiction Fantasy']"
9780553576085,In the Presence of the Enemy ,Elizabeth  George,Bantam,English,"['Mystery', 'Fiction', 'Crime', 'Mystery Thriller', 'Detective', 'Thriller', 'British Literature']"
9780679772668,In the Skin of a Lion,Michael Ondaatje,Knopf Doubleday Publishing Group,English,"['Fiction', 'Canada', 'Historical Fiction', 'Literary Fiction', 'Canadian Literature', 'Literature', 'Historical']"
9780452274426,In the Time of the Butterflies,Julia Alvarez,Plume,English,"['Historical Fiction', 'Fiction', 'Historical', 'Classics', 'School', 'Novels', 'Spanish Literature']"
9780452274426,In the Time of the Butterflies,Julia Alvarez,Plume,English,"['Historical Fiction', 'Fiction', 'Historical', 'Classics', 'School', 'Novels', 'Spanish Literature']"
9780062060754,Incarnate ,Jodi Meadows,Katherine Tegen Books,English,"['Fantasy', 'Young Adult', 'Romance', 'Dystopia', 'Paranormal', 'Science Fiction', 'Dragons']"
9781889307015,Incredibly Strange Films,V. Vale,Re/Search Publications,English,"['Film', 'Nonfiction', 'Art', 'Reference', 'Media Tie In', 'Cult Classics', 'Cultural']"
9780515139754,Incubus Dreams ,Laurell K. Hamilton,Berkley,English,"['Urban Fantasy', 'Vampires', 'Paranormal', 'Fantasy', 'Romance', 'Paranormal Romance', 'Fiction']"
9780440210696,Indemnity Only ,Sara Paretsky,Dell,English,"['Mystery', 'Fiction', 'Crime', 'Mystery Thriller', 'Detective', 'Thriller', 'Suspense']"
9780099447122,Independence Day ,Richard Ford,Vintage,English,"['Fiction', 'Literature', 'Novels', 'American', 'Literary Fiction', 'Contemporary', 'Classics']"
9780099268239,Indian Killer,Sherman Alexie,Vintage,English,"['Fiction', 'Mystery', 'Thriller', 'Novels', 'Contemporary', 'Crime', 'Literary Fiction']"
9780345435644,Indigo Slam ,Robert Crais,Fawcett Books,English,"['Mystery', 'Fiction', 'Crime', 'Thriller', 'Detective', 'Mystery Thriller', 'Suspense']"
9780553590166,Industrial Magic ,Kelley Armstrong,Bantam,English,"['Urban Fantasy', 'Fantasy', 'Paranormal', 'Romance', 'Paranormal Romance', 'Witches', 'Magic']"
9781405513524,Infamous ,Sherrilyn Kenyon,"Little, Brown and Company",English,"['Young Adult', 'Fantasy', 'Paranormal', 'Urban Fantasy', 'Demons', 'Vampires', 'Supernatural']"
9780385538176,Inferno ,Dan Brown,Doubleday,English,"['Fiction', 'Thriller', 'Mystery', 'Mystery Thriller', 'Historical Fiction', 'Suspense', 'Adventure']"
9780312649913,Infinite Days ,Rebecca Maizel,St. Martin's Griffin,English,"['Vampires', 'Young Adult', 'Paranormal', 'Fantasy', 'Romance', 'Urban Fantasy', 'Paranormal Romance']"
9780316920049,Infinite Jest,David Foster Wallace,"Little, Brown and Company",English,"['Fiction', 'Classics', 'Literature', 'Novels', 'Contemporary', 'Humor', 'Literary Fiction']"
9781471187803,Infinity Son ,Adam Silvera,Simon & Schuster Children's UK,English,"['Fantasy', 'Young Adult', 'LGBT', 'Queer', 'Fiction', 'Urban Fantasy', 'Young Adult Fantasy']"
9780375856112,Inheritance ,Christopher Paolini,Alfred A. Knopf,English,"['Fantasy', 'Young Adult', 'Fiction', 'Dragons', 'Magic', 'Adventure', 'High Fantasy']"
9780061214684,Ink Exchange ,Melissa Marr,HarperTeen,English,"['Fantasy', 'Young Adult', 'Paranormal', 'Urban Fantasy', 'Romance', 'Fairies', 'Fae']"
9780439709101,Inkheart ,Cornelia Funke,Scholastic Paperbacks,English,"['Fantasy', 'Young Adult', 'Fiction', 'Middle Grade', 'Childrens', 'Adventure', 'Magic']"
9780439554008,Inkspell ,Cornelia Funke,The Chicken House,English,"['Fantasy', 'Young Adult', 'Fiction', 'Middle Grade', 'Childrens', 'Adventure', 'Magic']"
9780399154010,Innocent in Death ,J.D. Robb,Putnam Adult,English,"['Mystery', 'Romance', 'Crime', 'Fiction', 'Romantic Suspense', 'Futuristic', 'Suspense']"
9780399154010,Innocent in Death ,J.D. Robb,Putnam Adult,English,"['Mystery', 'Romance', 'Crime', 'Fiction', 'Romantic Suspense', 'Futuristic', 'Suspense']"
9780300044805,"Inside Nazi Germany: Conformity, Opposition, and Racism in Everyday Life",Detlev J.K. Peukert,Yale University Press,English,"['History', 'Nonfiction', 'Germany', 'European History', 'Holocaust', 'World War II', 'Politics']"
9780373210060,Inside Out ,Maria V. Snyder,Harlequin,English,"['Young Adult', 'Dystopia', 'Science Fiction', 'Fantasy', 'Romance', 'Fiction', 'Teen']"
9788497597722,Insomnia,Stephen King,Debolsillo,Spanish; Castilian,"['Horror', 'Fiction', 'Fantasy', 'Thriller', 'Mystery', 'Supernatural', 'Suspense']"
9780007442911,Insurgent ,Veronica Roth,HarperCollins Children's Books,English,"['Young Adult', 'Dystopia', 'Fiction', 'Fantasy', 'Science Fiction', 'Romance', 'Adventure']"
9780413772190,Interesting Times: The Play,Stephen Briggs,Methuen Drama,English,"['Fantasy', 'Humor', 'Fiction', 'Comedy', 'Science Fiction Fantasy', 'Science Fiction', 'Comic Fantasy']"
9780618101368,Interpreter of Maladies,Jhumpa Lahiri,Houghton Mifflin Harcourt,English,"['Short Stories', 'Fiction', 'India', 'Contemporary', 'Literary Fiction', 'Literature', 'Indian Literature']"
9780385504515,Into Africa: The Epic Adventures of Stanley and Livingstone,Martin Dugard,Doubleday,English,"['History', 'Nonfiction', 'Africa', 'Adventure', 'Biography', 'Travel', 'Historical']"
9780062072092,Into the Still Blue ,Veronica Rossi,HarperCollins,English,"['Young Adult', 'Dystopia', 'Fantasy', 'Romance', 'Science Fiction', 'Post Apocalyptic', 'Fiction']"
9780735211209,Into the Water,Paula Hawkins,Riverhead Books,English,"['Mystery', 'Thriller', 'Fiction', 'Mystery Thriller', 'Audiobook', 'Crime', 'Suspense']"
9780385486804,Into the Wild,Jon Krakauer,Anchor Books,English,"['Nonfiction', 'Biography', 'Adventure', 'Classics', 'Memoir', 'Nature', 'School']"
9780061284205,Into the Wild ,Erin Hunter,HarperCollins Publishers,English,"['Fantasy', 'Fiction', 'Animals', 'Middle Grade', 'Young Adult', 'Childrens', 'Cats']"
9780930452933,Into the Woods,Stephen Sondheim,Theatre Communications Group,English,"['Plays', 'Drama', 'Fantasy', 'Fiction', 'Theatre', 'Musicals', 'Music']"
9781857236262,Inversions ,Iain M. Banks,Orbit,English,"['Science Fiction', 'Fiction', 'Fantasy', 'Space Opera', 'Cultural', 'Science Fiction Fantasy', 'Adventure']"
9780553826104,Iron Crowned ,Richelle Mead,Bantam,English,"['Urban Fantasy', 'Fantasy', 'Paranormal', 'Fae', 'Romance', 'Paranormal Romance', 'Magic']"
9780553826104,Iron Crowned ,Richelle Mead,Bantam,English,"['Urban Fantasy', 'Fantasy', 'Paranormal', 'Fae', 'Romance', 'Paranormal Romance', 'Magic']"
9781649374172,Iron Flame ,Rebecca Yarros,Entangled: Red Tower Books,English,"['Fantasy', 'Romance', 'Dragons', 'Fiction', 'Audiobook', 'Fantasy Romance', 'Magic']"
9780441015665,Iron Kissed ,Patricia Briggs,Ace,English,"['Urban Fantasy', 'Fantasy', 'Paranormal', 'Romance', 'Vampires', 'Werewolves', 'Paranormal Romance']"
9780671016975,Iron Lake ,William Kent Krueger,Pocket Star,English,"['Mystery', 'Fiction', 'Thriller', 'Mystery Thriller', 'Crime', 'Audiobook', 'Suspense']"
9780743263061,Ironweed,William  Kennedy,Simon & Schuster Ltd,English,"['Fiction', 'Historical Fiction', 'Classics', 'Literature', 'Novels', 'American', 'Literary Fiction']"
9780553375404,Ishmael: An Adventure of the Mind and Spirit ,Daniel Quinn,Bantam,English,"['Fiction', 'Philosophy', 'Spirituality', 'Classics', 'Fantasy', 'Environment', 'Novels']"
9780553375404,Ishmael: An Adventure of the Mind and Spirit ,Daniel Quinn,Bantam,English,"['Fiction', 'Philosophy', 'Spirituality', 'Classics', 'Fantasy', 'Environment', 'Novels']"
9780451456755,Island in the Sea of Time ,S.M. Stirling,Ace,English,"['Science Fiction', 'Alternate History', 'Time Travel', 'Fantasy', 'Fiction', 'Historical Fiction', 'Science Fiction Fantasy']"
9780441374236,Islands in the Net,Bruce Sterling,Berkley Publishing Group,English,"['Science Fiction', 'Cyberpunk', 'Fiction', 'Novels', 'Speculative Fiction', 'Science Fiction Fantasy', '20th Century']"
9780451169518,It,Stephen King,Signet,English,"['Horror', 'Fiction', 'Thriller', 'Fantasy', 'Classics', 'Audiobook', 'Mystery']"
9780063045651,It Happened One Summer ,Tessa Bailey,Avon,English,"['Romance', 'Contemporary', 'Contemporary Romance', 'Fiction', 'Audiobook', 'Adult', 'Chick Lit']"
9780063045651,It Happened One Summer ,Tessa Bailey,Avon,English,"['Romance', 'Contemporary', 'Contemporary Romance', 'Fiction', 'Audiobook', 'Adult', 'Chick Lit']"
9781668001226,It Starts with Us ,Colleen Hoover,Atria Books,English,"['Romance', 'Fiction', 'Contemporary', 'Audiobook', 'Adult', 'Contemporary Romance', 'Chick Lit']"
9781943983032,It's a Fugly Life ,Mimi Jean Pamfiloff,Mimi Boutique,English,"['Contemporary Romance', 'Romance', 'Contemporary', 'Fiction', 'Chick Lit', 'Humor', 'Erotic Romance']"
9780836221367,It's a Magical World ,Bill Watterson,Andrews McMeel Publishing,English,"['Comics', 'Humor', 'Graphic Novels', 'Fiction', 'Comic Strips', 'Comedy', 'Comic Book']"
9780698116917,It's an Aardvark-Eat-Turtle World,Paula Danziger,Puffin Books,English,"['Young Adult', 'Fiction', 'Childrens', 'Novels', 'Juvenile']"
9780786851973,It's Kind of a Funny Story,Ned Vizzini,Disney Hyperion,English,"['Young Adult', 'Fiction', 'Contemporary', 'Mental Health', 'Mental Illness', 'Realistic Fiction', 'Romance']"
9780385342063,I've Got Your Number,Sophie Kinsella,The Dial Press,English,"['Chick Lit', 'Romance', 'Fiction', 'Contemporary', 'Humor', 'Contemporary Romance', 'Adult']"
9780449000656,J is for Judgment ,Sue Grafton,Ballantine Books,English,"['Mystery', 'Fiction', 'Crime', 'Mystery Thriller', 'Detective', 'Audiobook', 'Thriller']"
9780897330718,Jack on the Gallows Tree ,Leo Bruce,Chicago Review Press,English,['Mystery']
9780451219596,Jackdaws,Ken Follett,Penguin Books,English,"['Historical Fiction', 'Fiction', 'Thriller', 'Historical', 'War', 'World War II', 'Espionage']"
9780694006519,Jamberry,Bruce Degen,HarperFestival,English,"['Picture Books', 'Childrens', 'Food', 'Animals', 'Fiction', 'Poetry', 'Storytime']"
9781567315158,James Herriot's Cat Stories,James Herriot,Mjf Books,English,"['Nonfiction', 'Animals', 'Cats', 'Short Stories', 'Memoir', 'Humor', 'Biography']"
9781567315158,James Herriot's Cat Stories,James Herriot,Mjf Books,English,"['Nonfiction', 'Animals', 'Cats', 'Short Stories', 'Memoir', 'Humor', 'Biography']"
9780312364526,James Herriot's Dog Stories,James Herriot,St. Martin's Griffin,English,"['Nonfiction', 'Animals', 'Dogs', 'Short Stories', 'Biography', 'Memoir', 'Humor']"
9781472217554,Jane Steele,Lyndsay Faye,Headline Review,English,"['Historical Fiction', 'Fiction', 'Mystery', 'Retellings', 'Historical', 'Romance', 'Gothic']"
9780807612590,Janet Frame: An Autobiography ,Janet Frame,George Braziller,English,"['Nonfiction', 'Biography', 'Memoir', 'Autobiography', 'Biography Memoir', 'Mental Health', 'Psychology']"
9780452269651,Jazz ,Toni Morrison,Plume,English,"['Fiction', 'Classics', 'Historical Fiction', 'African American', 'Literature', 'Literary Fiction', 'Novels']"
9780451411617,Jerusalem Inn ,Martha Grimes,Onyx,English,"['Mystery', 'Fiction', 'Crime', 'Christmas', 'British Literature', 'Detective', 'Mystery Thriller']"
9780152063849,Jessica's Guide to Dating on the Dark Side ,Beth Fantaskey,Harcourt,English,"['Young Adult', 'Vampires', 'Romance', 'Paranormal', 'Paranormal Romance', 'Supernatural', 'Fiction']"
9783608932645,Jhereg ,Steven Brust,Klett-Cotta,German,"['Fantasy', 'Fiction', 'High Fantasy', 'Dragons', 'Science Fiction Fantasy', 'Science Fiction', 'Epic Fantasy']"
9780552154161,Jingo ,Terry Pratchett,Corgi Books,English,"['Fantasy', 'Fiction', 'Humor', 'Comedy', 'Science Fiction Fantasy', 'Audiobook', 'War']"
9780552154161,Jingo ,Terry Pratchett,Corgi Books,English,"['Fantasy', 'Fiction', 'Humor', 'Comedy', 'Science Fiction Fantasy', 'Audiobook', 'War']"
9780743223133,John Adams,David McCullough,Simon & Schuster Paperbacks,English,"['History', 'Biography', 'Nonfiction', 'American History', 'Presidents', 'Politics', 'Historical']"
9781501165856,Josh and Hazel's Guide to Not Dating,Christina Lauren,Gallery Books,English,"['Romance', 'Contemporary', 'Contemporary Romance', 'Fiction', 'Adult', 'Chick Lit', 'Audiobook']"
9780515125498,Judas Child,Carol O'Connell,Jove,English,"['Mystery', 'Thriller', 'Crime', 'Fiction', 'Suspense', 'Mystery Thriller', 'Police']"
9780425176306,Judgment in Death ,J.D. Robb,Berkley Books,English,"['Mystery', 'Romance', 'Crime', 'Fiction', 'Romantic Suspense', 'Futuristic', 'Suspense']"
9781594488870,"Juliet, Naked",Nick Hornby,Riverhead Books,English,"['Fiction', 'Music', 'Contemporary', 'Romance', 'Humor', 'Novels', 'British Literature']"
9780307348135,Jurassic Park ,Michael Crichton,Plaza y Janes,Spanish,"['Science Fiction', 'Fiction', 'Thriller', 'Adventure', 'Fantasy', 'Horror', 'Classics']"
9780670061051,Just Listen,Sarah Dessen,Viking Books,English,"['Young Adult', 'Romance', 'Contemporary', 'Fiction', 'Realistic Fiction', 'Chick Lit', 'Teen']"
9780345349347,Juxtaposition ,Piers Anthony,Del Rey,English,"['Fantasy', 'Science Fiction', 'Fiction', 'Science Fiction Fantasy', 'Magic', 'Young Adult', 'Adventure']"
9781400079278,Kafka on the Shore,Haruki Murakami,Vintage International,English,"['Fiction', 'Magical Realism', 'Fantasy', 'Japan', 'Japanese Literature', 'Novels', 'Literature']"
9780759557338,Kaikeyi,Vaishnavi Patel,Redhook,English,"['Fantasy', 'Mythology', 'Historical Fiction', 'Fiction', 'Retellings', 'Historical', 'Adult']"
9781455599158,Kaleidoscope ,Kristen Ashley,Forever,English,"['Romance', 'Contemporary Romance', 'Contemporary', 'Adult', 'Suspense', 'Chick Lit', 'Erotica']"
9780156011594,Kant and the Platypus: Essays on Language and Cognition,Umberto Eco,Mariner,English,"['Philosophy', 'Nonfiction', 'Essays', 'Linguistics', 'Language', 'Semiotics', 'Psychology']"
9780593232019,Karma: A Yogi's Guide to Crafting Your Destiny,Sadhguru,Harmony,English,"['Spirituality', 'Self Help', 'Nonfiction', 'Philosophy', 'Personal Development', 'Psychology', 'Audiobook']"
9780142401767,Keeping the Moon,Sarah Dessen,Speak,English,"['Young Adult', 'Romance', 'Contemporary', 'Fiction', 'Realistic Fiction', 'Chick Lit', 'Teen']"
9781606412381,Keys to the Demon Prison ,Brandon Mull,Shadow Mountain,English,"['Fantasy', 'Young Adult', 'Fiction', 'Middle Grade', 'Adventure', 'Magic', 'Childrens']"
9780553095883,Killer Pancake ,Diane Mott Davidson,Bantam,English,"['Mystery', 'Fiction', 'Cozy Mystery', 'Mystery Thriller', 'Culinary', 'Audiobook', 'Food']"
9780593200681,Killers of a Certain Age,Deanna Raybourn,Berkley,English,"['Mystery', 'Thriller', 'Fiction', 'Mystery Thriller', 'Audiobook', 'Contemporary', 'Adult']"
9780385534253,Killers of the Flower Moon: The Osage Murders and the Birth of the FBI,David Grann,Doubleday,English,"['Nonfiction', 'History', 'True Crime', 'Crime', 'Audiobook', 'Mystery', 'Historical']"
9780515141429,Killing Floor ,Lee Child,Jove,English,"['Thriller', 'Fiction', 'Mystery', 'Crime', 'Mystery Thriller', 'Suspense', 'Action']"
9780451214973,Killing Orders ,Sara Paretsky,Berkley,English,"['Mystery', 'Fiction', 'Crime', 'Mystery Thriller', 'Thriller', 'Detective', 'Audiobook']"
9781512038569,King ,T.M. Frazier,CreateSpace,English,"['Romance', 'Dark', 'Contemporary', 'New Adult', 'Contemporary Romance', 'Abuse', 'Erotica']"
9780152055783,King Bidgood's in the Bathtub,Audrey Wood,HMH Books for Young Readers,English,"['Picture Books', 'Childrens', 'Humor', 'Fiction', 'Storytime', 'Fantasy', 'Classics']"
9780394523781,King Hereafter,Dorothy Dunnett,Michael Joseph,English,"['Historical Fiction', 'Fiction', 'Historical', 'Scotland', 'Medieval', '11th Century', 'Literature']"
9780552148030,King of the Murgos ,David Eddings,Transworld Pub,English,"['Fantasy', 'Fiction', 'Epic Fantasy', 'High Fantasy', 'Science Fiction Fantasy', 'Young Adult', 'Adventure']"
9781619636101,Kingdom of Ash ,Sarah J. Maas,Bloomsbury Publishing,English,"['Fantasy', 'Young Adult', 'Romance', 'Fae', 'New Adult', 'Fiction', 'Magic']"
9781619636101,Kingdom of Ash ,Sarah J. Maas,Bloomsbury Publishing,English,"['Fantasy', 'Young Adult', 'Romance', 'Fae', 'New Adult', 'Fiction', 'Magic']"
9780316342087,Kingdom of the Feared ,Kerri Maniscalco,"Little, Brown Books for Young Readers",English,"['Fantasy', 'Romance', 'Fantasy Romance', 'Young Adult', 'Witches', 'New Adult', 'Paranormal']"
9780990304890,King's ,Mimi Jean Pamfiloff,"P&S, Inc.",English,"['Paranormal', 'Romance', 'Fantasy', 'Paranormal Romance', 'Dark', 'Urban Fantasy', 'Contemporary']"
9780441445240,King's Blood Four ,Sheri S. Tepper,Ace,English,"['Fantasy', 'Fiction', 'Science Fiction', 'Speculative Fiction', 'Young Adult', 'High Fantasy', 'Novels']"
9780062310712,King's Cage ,Victoria Aveyard,HarperTeen,English,"['Fantasy', 'Young Adult', 'Dystopia', 'Romance', 'Fiction', 'Young Adult Fantasy', 'Audiobook']"
9780886777715,King's Dragon ,Kate Elliott,DAW Books,English,"['Fantasy', 'Fiction', 'Epic Fantasy', 'High Fantasy', 'Science Fiction Fantasy', 'Adult', 'Magic']"
9781743484951,Kings Rising ,C.S. Pacat,Penguin Group Australia,English,"['Fantasy', 'Romance', 'LGBT', 'M M Romance', 'Queer', 'Adult', 'Fiction']"
9780937295915,Kirsten Saves the Day: A Summer Story ,Janet Beeler Shaw,Amer Girl Pub,English,"['Historical Fiction', 'Childrens', 'Fiction', 'Historical', 'Middle Grade', 'Young Adult', 'Juvenile']"
9780451229731,Kiss of Death ,Rachel Caine,Penguin Group USA Inc.,English,"['Vampires', 'Young Adult', 'Paranormal', 'Fantasy', 'Urban Fantasy', 'Romance', 'Supernatural']"
9780575100138,Kiss of Snow ,Nalini Singh,Gollancz,English,"['Paranormal Romance', 'Romance', 'Paranormal', 'Fantasy', 'Shapeshifters', 'Urban Fantasy', 'Adult']"
9780989339285,Kiss the Sky ,Krista Ritchie,K.B. Ritchie,English,"['Romance', 'New Adult', 'Contemporary', 'Contemporary Romance', 'Adult', 'Fiction', 'BDSM']"
9781595544704,Kiss: She Steals More Than Your Heart,Ted Dekker,Thomas Nelson,English,"['Christian Fiction', 'Fiction', 'Christian', 'Mystery', 'Thriller', 'Suspense', 'Fantasy']"
9780671023461,Kissed by an Angel/The Power of Love/Soulmates ,Elizabeth Chandler,Simon Pulse,English,"['Young Adult', 'Romance', 'Angels', 'Fantasy', 'Paranormal', 'Mystery', 'Fiction']"
9780060776244,Kissing Coffins ,Ellen Schreiber,HarperTeen,English,"['Vampires', 'Young Adult', 'Paranormal', 'Fantasy', 'Romance', 'Paranormal Romance', 'Supernatural']"
9780671880187,Kitchen,Banana Yoshimoto,Washington Square Press,English,"['Fiction', 'Japanese Literature', 'Short Stories', 'Contemporary', 'Asian Literature', 'Romance', 'Literary Fiction']"
9780060899226,Kitchen Confidential: Adventures in the Culinary Underbelly,Anthony Bourdain,Ecco/Harper Perennial,English,"['Nonfiction', 'Food', 'Memoir', 'Biography', 'Audiobook', 'Cooking', 'Autobiography']"
9780060588281,Kitten's First Full Moon,Kevin Henkes,Greenwillow Books,English,"['Picture Books', 'Childrens', 'Animals', 'Cats', 'Fiction', 'Storytime', 'Adventure']"
9780446616416,Kitty and the Midnight Hour ,Carrie Vaughn,Grand Central Publishing,English,"['Urban Fantasy', 'Fantasy', 'Paranormal', 'Werewolves', 'Vampires', 'Fiction', 'Shapeshifters']"
9780593318171,Klara and the Sun,Kazuo Ishiguro,Alfred A. Knopf,English,"['Fiction', 'Science Fiction', 'Audiobook', 'Literary Fiction', 'Dystopia', 'Fantasy', 'Contemporary']"
9780812577563,Knife of Dreams ,Robert Jordan,Tom Doherty Associates,English,"['Fantasy', 'Fiction', 'Epic Fantasy', 'High Fantasy', 'Science Fiction Fantasy', 'Audiobook', 'Epic']"
9780312956738,Knots and Crosses ,Ian Rankin,St Martins Pr,English,"['Mystery', 'Crime', 'Fiction', 'Scotland', 'Thriller', 'Mystery Thriller', 'Detective']"
9780735223714,Know My Name,Chanel Miller,Viking,English,"['Nonfiction', 'Memoir', 'Audiobook', 'Feminism', 'Biography', 'True Crime', 'Biography Memoir']"
9781844280599,Knuffle Bunny: A Cautionary Tale ,Mo Willems,Walker Books,English,"['Picture Books', 'Childrens', 'Fiction', 'Family', 'Realistic Fiction', 'Humor', 'Storytime']"
9780007103676,Koko,Peter Straub,HarperCollins,English,"['Horror', 'Fiction', 'Thriller', 'Mystery', 'Crime', 'Suspense', 'War']"
9780590444255,Koko's Kitten,Francine Patterson,Scholastic,English,"['Animals', 'Nonfiction', 'Picture Books', 'Childrens', 'Cats', 'Science', 'Biography']"
9780671578084,Komarr ,Lois McMaster Bujold,Baen,English,"['Science Fiction', 'Fiction', 'Space Opera', 'Romance', 'Science Fiction Fantasy', 'Mystery', 'Fantasy']"
9780590224734,Kristy's Great Idea ,Ann M. Martin,Scholastic,English,"['Childrens', 'Fiction', 'Young Adult', 'Middle Grade', 'Contemporary', 'Realistic Fiction', 'Juvenile']"
9781405034142,Kushiel's Avatar ,Jacqueline Carey,Tor,English,"['Fantasy', 'Romance', 'Fiction', 'Epic Fantasy', 'High Fantasy', 'Erotica', 'Science Fiction Fantasy']"
9780765345042,Kushiel's Chosen ,Jacqueline Carey,Tom Doherty Associates TOR Fantasy,English,"['Fantasy', 'Romance', 'Fiction', 'Epic Fantasy', 'Erotica', 'High Fantasy', 'Science Fiction Fantasy']"
9780330493741,Kushiel's Dart ,Jacqueline Carey,Tor Fantasy,English,"['Fantasy', 'Romance', 'Fiction', 'Epic Fantasy', 'Erotica', 'Adult', 'High Fantasy']"
9780446610025,Kushiel's Scion ,Jacqueline Carey,Grand Central Publishing,English,"['Fantasy', 'Romance', 'Fiction', 'Epic Fantasy', 'Science Fiction Fantasy', 'Erotica', 'High Fantasy']"
9782266120920,L.A. Requiem ,Robert Crais,Pocket,French,"['Mystery', 'Fiction', 'Crime', 'Thriller', 'Detective', 'Mystery Thriller', 'Suspense']"
9782264047731,La Ballade de l'impossible,Haruki Murakami,18-Oct,French,"['Fiction', 'Romance', 'Japan', 'Japanese Literature', 'Classics', 'Novels', 'Literary Fiction']"
9780425213971,Labyrinth ,Kate Mosse,Berkley,English,"['Historical Fiction', 'Fiction', 'Fantasy', 'Mystery', 'Historical', 'Thriller', 'France']"
9780804113472,Ladder of Years,Anne Tyler,Ivy Books,English,"['Fiction', 'Contemporary', 'Literary Fiction', 'Novels', 'Adult Fiction', 'Adult', 'Womens']"
9781442468351,Lady Midnight ,Cassandra Clare,Margaret K. McElderry Books,English,"['Fantasy', 'Young Adult', 'Romance', 'Paranormal', 'Urban Fantasy', 'Young Adult Fantasy', 'Fiction']"
9781442468351,Lady Midnight ,Cassandra Clare,Margaret K. McElderry Books,English,"['Fantasy', 'Young Adult', 'Romance', 'Paranormal', 'Urban Fantasy', 'Young Adult Fantasy', 'Fiction']"
9781982117085,Lady Tan's Circle of Women,Lisa See,Scribner,English,"['Historical Fiction', 'Fiction', 'Historical', 'China', 'Audiobook', 'Asia', 'Adult']"
9780670805143,Lake Wobegon Days,Garrison Keillor,"Viking Penguin, Inc.",English,"['Fiction', 'Humor', 'Short Stories', 'Literature', 'American', 'Contemporary', 'Adult Fiction']"
9780380813810,"Lamb: The Gospel According to Biff, Christ's Childhood Pal",Christopher Moore,Harper Perennial,English,"['Fiction', 'Humor', 'Historical Fiction', 'Fantasy', 'Religion', 'Comedy', 'Historical']"
9780813512587,Landscape for a Good Woman: A Story of Two Lives,Carolyn Steedman,Rutgers University Press,English,"['Nonfiction', 'History', 'Feminism', 'Memoir', 'Biography', 'Biography Memoir', 'Class']"
9780670873920,Larry's Party,Carol Shields,The Viking Press,English,"['Fiction', 'Canada', 'Contemporary', 'Literary Fiction', 'Novels', 'Literature', 'Canadian Literature']"
9780380728466,Last Call ,Tim Powers,William Morrow Paperbacks,English,"['Fantasy', 'Fiction', 'Urban Fantasy', 'Science Fiction', 'Horror', 'Science Fiction Fantasy', 'Speculative Fiction']"
9780702304934,Last One to Die,Cynthia Murphy,Scholastic,English,"['Mystery', 'Thriller', 'Young Adult', 'Horror', 'Mystery Thriller', 'Murder Mystery', 'Fiction']"
9780330489676,Last Orders,Graham Swift,Picador,English,"['Fiction', 'Literary Fiction', 'British Literature', 'Literature', 'Contemporary', 'Novels', '20th Century']"
9780886900090,Last Question and Other Stories,Isaac Asimov,Newman Communications,English,"['Science Fiction', 'Short Stories', 'Fiction', 'Classics', 'Philosophy', 'Science Fiction Fantasy', 'Fantasy']"
9781595143068,Last Sacrifice ,Richelle Mead,Razorbill,English,"['Young Adult', 'Fantasy', 'Vampires', 'Paranormal', 'Romance', 'Urban Fantasy', 'Paranormal Romance']"
9780778323648,Last Scene Alive ,Charlaine Harris,Mira,English,"['Mystery', 'Cozy Mystery', 'Fiction', 'Romance', 'Crime', 'Mystery Thriller', 'Adult']"
9780140243284,Late Night Thoughts on Listening to Mahler's Ninth Symphony,Lewis Thomas,Penguin Books,English,"['Science', 'Essays', 'Nonfiction', 'Music', 'Philosophy', 'Nature', 'Biology']"
9780060751555,Leaf Storm and Other Stories,Gabriel García Márquez,Harper Perennial,English,"['Short Stories', 'Fiction', 'Magical Realism', 'Classics', 'Latin American', 'Fantasy', 'Literary Fiction']"
9780062643803,Leah on the Offbeat ,Becky Albertalli,HarperCollins/Balzer + Bray,English,"['Young Adult', 'LGBT', 'Contemporary', 'Romance', 'Queer', 'Fiction', 'Realistic Fiction']"
9780842342704,Left Behind ,Tim LaHaye,Tyndale House Publishers,English,"['Fiction', 'Christian', 'Christian Fiction', 'Religion', 'Fantasy', 'Thriller', 'Christianity']"
9780989598460,Legal Briefs ,N.M. Silber,Mendelssohn Levy Publishing,English,"['Romance', 'Contemporary Romance', 'Contemporary', 'Humor', 'Chick Lit', 'Adult', 'New Adult']"
9780989598460,Legal Briefs ,N.M. Silber,Mendelssohn Levy Publishing,English,"['Romance', 'Contemporary Romance', 'Contemporary', 'Humor', 'Chick Lit', 'Adult', 'New Adult']"
9781250095312,Legendary ,Stephanie Garber,Flatiron Books,English,"['Fantasy', 'Young Adult', 'Romance', 'Young Adult Fantasy', 'Magic', 'Fiction', 'Audiobook']"
9780312867874,Legends,Robert Silverberg,Tor Books,English,"['Fantasy', 'Short Stories', 'Fiction', 'Anthologies', 'Science Fiction', 'Science Fiction Fantasy', 'Collections']"
9781561310227,Leo Africanus,Amin Maalouf,New Amsterdam Books,English,"['Historical Fiction', 'Fiction', 'Novels', 'France', 'Literature', 'Historical', 'Roman']"
9781400063734,Let the Great World Spin,Colum McCann,Random House,English,"['Fiction', 'Historical Fiction', 'New York', 'Book Club', 'Novels', 'Literary Fiction', 'Contemporary']"
9781847241696,Let the Right One In,John Ajvide Lindqvist,Quercus Publishing Plc,English,"['Horror', 'Fiction', 'Vampires', 'Fantasy', 'Paranormal', 'Thriller', 'Supernatural']"
9780749955526,Lethal Rider ,Larissa Ione,Piatkus Books,English,"['Paranormal Romance', 'Paranormal', 'Romance', 'Fantasy', 'Angels', 'Vampires', 'Urban Fantasy']"
9780316422772,Lethal White ,Robert Galbraith,Mulholland Books,English,"['Mystery', 'Fiction', 'Crime', 'Audiobook', 'Thriller', 'Mystery Thriller', 'Detective']"
9780399159015,Let's Pretend This Never Happened: A Mostly True Memoir,Jenny  Lawson,Amy Einhorn: Putnam,English,"['Nonfiction', 'Memoir', 'Humor', 'Biography', 'Audiobook', 'Comedy', 'Biography Memoir']"
9780312421724,Letters to a Young Novelist,Mario Vargas Llosa,Picador,English,"['Nonfiction', 'Writing', 'Essays', 'Literature', 'Literary Criticism', 'Books About Books', 'Latin American']"
9781416971733,Leviathan ,Scott Westerfeld,Simon & Schuster Books for Young Readers,English,"['Steampunk', 'Young Adult', 'Fantasy', 'Science Fiction', 'Historical Fiction', 'Fiction', 'Alternate History']"
9780393027501,Liar's Poker: Rising Through the Wreckage on Wall Street,Michael   Lewis,W. W. Norton & Company,English,"['Nonfiction', 'Business', 'Finance', 'Economics', 'History', 'Biography', 'Memoir']"
9780380728275,Liberty Falling ,Nevada Barr,Avon Books,English,"['Mystery', 'Fiction', 'Mystery Thriller', 'Crime', 'Suspense', 'Audiobook', 'Thriller']"
9780140156041,Libra,Don DeLillo,Penguin,English,"['Fiction', 'Historical Fiction', 'Novels', 'Literature', 'American', 'Literary Fiction', 'Politics']"
9780451146427,Lie Down with Lions,Ken Follett,Signet,English,"['Fiction', 'Thriller', 'Historical Fiction', 'Mystery', 'Suspense', 'Adventure', 'Espionage']"
9780141886886,Lies & the Lying Liars Who Tell Them: A Fair & Balanced Look at the Right,Al Franken,Dutton,English,"['Nonfiction', 'Politics', 'Humor', 'Comedy', 'History', 'Audiobook', 'Political Science']"
9780684818863,Lies My Teacher Told Me: Everything Your American History Textbook Got Wrong,James W. Loewen,"Touchstone Books/Simon & Schuster, Inc.",English,"['History', 'Nonfiction', 'Education', 'Politics', 'American History', 'Historical', 'Teaching']"
9780316176484,Life After Life ,Kate Atkinson,Reagan Arthur Books,English,"['Fiction', 'Historical Fiction', 'Fantasy', 'Historical', 'Time Travel', 'Audiobook', 'Literary Fiction']"
9780553343816,LIFE DURING WARTIME,Lucius Shepard,Bantam,English,"['Science Fiction', 'Fiction', 'War', 'Fantasy', 'Speculative Fiction', 'Novels', 'Science Fiction Fantasy']"
9780770430078,Life of Pi,Yann Martel,Seal Books,English,"['Fiction', 'Fantasy', 'Classics', 'Adventure', 'Magical Realism', 'Novels', 'Literature']"
9780345418906,"Life, the Universe and Everything ",Douglas Adams,Del Rey,English,"['Science Fiction', 'Fiction', 'Humor', 'Fantasy', 'Comedy', 'Science Fiction Fantasy', 'Classics']"
9781538715680,Life's Too Short ,Abby Jimenez,Forever,English,"['Romance', 'Contemporary', 'Fiction', 'Contemporary Romance', 'Audiobook', 'Chick Lit', 'Adult']"
9780312973148,Light Thickens ,Ngaio Marsh,Minotaur Books,English,"['Mystery', 'Fiction', 'Crime', 'British Literature', 'Audiobook', 'Detective', 'Murder Mystery']"
9780425115800,Lightning,Dean Koontz,Berkley Books,English,"['Horror', 'Fiction', 'Thriller', 'Science Fiction', 'Time Travel', 'Suspense', 'Mystery']"
9781101883075,Lilac Girls ,Martha Hall Kelly,Ballantine Books,English,"['Historical Fiction', 'Fiction', 'World War II', 'Historical', 'Audiobook', 'War', 'Holocaust']"
9781250113320,Lillian Boxfish Takes a Walk,Kathleen Rooney,St. Martin's Press,English,"['Fiction', 'Historical Fiction', 'New York', 'Literary Fiction', 'Audiobook', 'Historical', 'Adult Fiction']"
9780375708763,Lincoln,Gore Vidal,Vintage,English,"['Historical Fiction', 'Fiction', 'Civil War', 'Historical', 'Politics', 'American History', 'Literature']"
9780743299633,Lincoln at Gettysburg: The Words That Remade America,Garry Wills,Simon & Schuster,English,"['History', 'Nonfiction', 'Civil War', 'American History', 'Biography', 'Presidents', 'Politics']"
9780812995343,Lincoln in the Bardo,George Saunders,Random House,English,"['Fiction', 'Historical Fiction', 'Audiobook', 'Fantasy', 'Literary Fiction', 'Historical', 'Magical Realism']"
9780553270259,Lincoln's Dreams,Connie Willis,Bantam Doubleday Dell Publishing Company Inc.,English,"['Science Fiction', 'Fiction', 'Fantasy', 'Historical Fiction', 'Science Fiction Fantasy', 'Historical', 'Time Travel']"
9780545123280,Linger ,Maggie Stiefvater,Scholastic Press,English,"['Young Adult', 'Fantasy', 'Romance', 'Paranormal', 'Werewolves', 'Fiction', 'Paranormal Romance']"
9780689878572,Lioness Rampant ,Tamora Pierce,Simon Pulse,English,"['Fantasy', 'Young Adult', 'Fiction', 'Magic', 'Young Adult Fantasy', 'Adventure', 'Romance']"
9780689878572,Lioness Rampant ,Tamora Pierce,Simon Pulse,English,"['Fantasy', 'Young Adult', 'Fiction', 'Magic', 'Young Adult Fantasy', 'Adventure', 'Romance']"
9780060590161,Lirael ,Garth Nix,HarperColl,English,"['Fantasy', 'Young Adult', 'Fiction', 'Magic', 'High Fantasy', 'Adventure', 'Young Adult Fantasy']"
9780380708826,Literary Outlaw: The Life and Times of William S. Burroughs,Ted Morgan,Avon Books,English,"['Biography', 'Nonfiction', 'Biography Memoir', 'Literature', 'History', 'Books About Books', 'American']"
9780192853837,Literary Theory: A Very Short Introduction,Jonathan D. Culler,Oxford University Press,English,"['Nonfiction', 'Literary Criticism', 'Philosophy', 'Theory', 'Literature', 'Criticism', 'Academic']"
9780060759964,Little Altars Everywhere,Rebecca Wells,Harper Perennial,English,"['Fiction', 'Chick Lit', 'Southern', 'Contemporary', 'Adult Fiction', 'Historical Fiction', 'Coming Of Age']"
9780385665308,Little Bee,Chris Cleave,Simon & Schuster,English,"['Fiction', 'Africa', 'Historical Fiction', 'Book Club', 'Contemporary', 'Adult Fiction', 'Adult']"
9780765319852,Little Brother ,Cory Doctorow,Tor Teen,English,"['Young Adult', 'Science Fiction', 'Fiction', 'Dystopia', 'Cyberpunk', 'Teen', 'Thriller']"
9780312315733,Little Children,Tom Perrotta,St. Martin's Griffin,English,"['Fiction', 'Contemporary', 'Adult Fiction', 'Literary Fiction', 'Novels', 'Adult', 'Book Club']"
9780735224292,Little Fires Everywhere,Celeste Ng,Penguin Press,English,"['Fiction', 'Contemporary', 'Audiobook', 'Adult', 'Literary Fiction', 'Adult Fiction', 'Book Club']"
9780823404704,Little Red Riding Hood,Trina Schart Hyman,Holiday House,English,"['Picture Books', 'Childrens', 'Fairy Tales', 'Classics', 'Fiction', 'Fantasy', 'Folklore']"
9780446674164,Lives of the Monster Dogs,Kirsten Bakis,Grand Central Publishing,English,"['Fiction', 'Fantasy', 'Science Fiction', 'Horror', 'Animals', 'Novels', 'Dogs']"
9781841493008,Living Dead in Dallas ,Charlaine Harris,Orbit,English,"['Fantasy', 'Vampires', 'Paranormal', 'Urban Fantasy', 'Romance', 'Fiction', 'Mystery']"
9780743222259,Living History,Hillary Rodham Clinton,Scribner,English,"['Nonfiction', 'Biography', 'Politics', 'Memoir', 'History', 'Autobiography', 'Biography Memoir']"
9780743222259,Living History,Hillary Rodham Clinton,Scribner,English,"['Nonfiction', 'Biography', 'Politics', 'Memoir', 'History', 'Autobiography', 'Biography Memoir']"
9781400034543,Living to Tell the Tale,Gabriel García Márquez,Vintage,English,"['Nonfiction', 'Biography', 'Memoir', 'Autobiography', 'Literature', 'Spanish Literature', 'Latin American']"
9781408726778,Loathe to Love You ,Ali Hazelwood,Sphere,English,"['Romance', 'Contemporary', 'Contemporary Romance', 'Fiction', 'Adult', 'Short Stories', 'Novella']"
9780778389446,Local Woman Missing,Mary Kubica,Park Row,English,"['Thriller', 'Mystery', 'Mystery Thriller', 'Audiobook', 'Fiction', 'Suspense', 'Adult']"
9780778389446,Local Woman Missing,Mary Kubica,Park Row,English,"['Thriller', 'Mystery', 'Mystery Thriller', 'Audiobook', 'Fiction', 'Suspense', 'Adult']"
9780670010882,Lock and Key,Sarah Dessen,Viking's Children's Books,English,"['Young Adult', 'Romance', 'Contemporary', 'Fiction', 'Realistic Fiction', 'Chick Lit', 'Teen']"
9781524745158,Lock Every Door,Riley Sager,Dutton,English,"['Thriller', 'Mystery', 'Mystery Thriller', 'Fiction', 'Horror', 'Audiobook', 'Adult']"
9780316195553,Locked in Time,Lois Duncan,Little Brown & Co,English,"['Young Adult', 'Mystery', 'Fiction', 'Horror', 'Thriller', 'Fantasy', 'Paranormal']"
9780811214742,Loitering with Intent,Muriel Spark,New Directions,English,"['Fiction', 'Classics', 'Literary Fiction', 'Novels', 'Humor', 'Audiobook', 'British Literature']"
9780345455680,London,Edward Rutherfurd,Ballantine Books,English,"['Historical Fiction', 'Fiction', 'Historical', 'British Literature', 'Novels', 'Travel', 'Unfinished']"
9780385497718,London: The Biography,Peter Ackroyd,Anchor,English,"['History', 'Nonfiction', 'Travel', 'Biography', 'British Literature', 'Cities', 'Historical']"
9781439102749,Lone Wolf,Jodi Picoult,Atria/Emily Bestler Books,English,"['Fiction', 'Contemporary', 'Adult Fiction', 'Adult', 'Drama', 'Chick Lit', 'Animals']"
9780525512080,Lone Women,Victor LaValle,One World,English,"['Horror', 'Historical Fiction', 'Fiction', 'Fantasy', 'Historical', 'Westerns', 'Mystery']"
9780671683900,Lonesome Dove ,Larry McMurtry,Pocket Books,English,"['Fiction', 'Historical Fiction', 'Westerns', 'Classics', 'Historical', 'Adventure', 'Novels']"
9780525540670,Long Bright River,Liz    Moore,Riverhead Books,English,"['Mystery', 'Fiction', 'Thriller', 'Mystery Thriller', 'Audiobook', 'Crime', 'Contemporary']"
9780316548182,Long Walk to Freedom,Nelson Mandela,Back Bay Books,English,"['Biography', 'Nonfiction', 'History', 'Africa', 'Memoir', 'Autobiography', 'Politics']"
9780349106533,Long Walk to Freedom,Nelson Mandela,Time Warner Books Uk,English,"['Biography', 'Nonfiction', 'History', 'Africa', 'Memoir', 'Autobiography', 'Politics']"
9780330319584,Longshot,Dick Francis,Pan Books,English,"['Mystery', 'Fiction', 'Thriller', 'Crime', 'Mystery Thriller', 'Suspense', 'Horses']"
9780999048283,Look the Part,Jewel E. Ann,Jewel E. Ann,English,"['Romance', 'Contemporary Romance', 'Contemporary', 'Adult', 'Humor', 'New Adult', 'Audiobook']"
9780743421928,Look to Windward ,Iain M. Banks,Pocket Books/Simon & Schuster (NY),English,"['Science Fiction', 'Fiction', 'Space Opera', 'Cultural', 'Science Fiction Fantasy', 'Space', 'Fantasy']"
9781435249158,Looking for Alaska,John Green,Speak,English,"['Young Adult', 'Fiction', 'Contemporary', 'Romance', 'Realistic Fiction', 'Coming Of Age', 'Teen']"
9780142501108,Lord Brocktree ,Brian Jacques,Firebird,English,"['Fantasy', 'Fiction', 'Young Adult', 'Childrens', 'Animals', 'Adventure', 'Middle Grade']"
9780812513752,Lord of Chaos ,Robert Jordan,Tom Doherty Associates,English,"['Fantasy', 'Fiction', 'Epic Fantasy', 'High Fantasy', 'Science Fiction Fantasy', 'Audiobook', 'Epic']"
9780451225726,Lord of Misrule ,Rachel Caine,New American Library,English,"['Vampires', 'Young Adult', 'Paranormal', 'Fantasy', 'Urban Fantasy', 'Romance', 'Supernatural']"
9781442468405,Lord of Shadows ,Cassandra Clare,Margaret K. McElderry Books,English,"['Fantasy', 'Young Adult', 'Romance', 'Urban Fantasy', 'Paranormal', 'Young Adult Fantasy', 'Fiction']"
9780552153157,Lords and Ladies ,Terry Pratchett,Corgi,English,"['Fantasy', 'Fiction', 'Humor', 'Comedy', 'Science Fiction Fantasy', 'Witches', 'Audiobook']"
9781484778203,Lore,Alexandra Bracken,Disney Hyperion,English,"['Fantasy', 'Mythology', 'Young Adult', 'Greek Mythology', 'Fiction', 'Retellings', 'Young Adult Fantasy']"
9780593600078,Lore Olympus: Volume Four ,Rachel  Smythe,Random House Worlds,English,"['Graphic Novels', 'Fantasy', 'Romance', 'Mythology', 'Comics', 'Retellings', 'Greek Mythology']"
9780593160299,Lore Olympus: Volume One ,Rachel  Smythe,Del Rey,English,"['Graphic Novels', 'Fantasy', 'Romance', 'Mythology', 'Comics', 'Retellings', 'Fiction']"
9780593356081,Lore Olympus: Volume Two ,Rachel  Smythe,Inklore,English,"['Graphic Novels', 'Fantasy', 'Romance', 'Mythology', 'Comics', 'Retellings', 'Fiction']"
9780061091315,Lost Boys,Orson Scott Card,Harper,English,"['Fiction', 'Horror', 'Fantasy', 'Mystery', 'Science Fiction', 'Thriller', 'Supernatural']"
9780142004036,Lost in a Good Book ,Jasper Fforde,Penguin Books,English,"['Fantasy', 'Fiction', 'Mystery', 'Humor', 'Science Fiction', 'Books About Books', 'Time Travel']"
9781250213648,Lost in the Moment and Found ,Seanan McGuire,Tordotcom,English,"['Fantasy', 'Young Adult', 'Novella', 'Fiction', 'Audiobook', 'Magical Realism', 'Adult']"
9780590414296,Lost in the Solar System ,Joanna Cole,Scholastic Press,English,"['Science', 'Picture Books', 'Childrens', 'Space', 'Nonfiction', 'Astronomy', 'School']"
9780446611633,Lost Light ,Michael Connelly,Vision,English,"['Mystery', 'Fiction', 'Crime', 'Thriller', 'Detective', 'Mystery Thriller', 'Audiobook']"
9781524796372,Lost Roses ,Martha Hall Kelly,Ballantine Books,English,"['Historical Fiction', 'Fiction', 'Historical', 'Audiobook', 'Russia', 'World War I', 'War']"
9781439136829,Lothaire ,Kresley Cole,Gallery Books,English,"['Paranormal Romance', 'Paranormal', 'Romance', 'Vampires', 'Fantasy', 'Urban Fantasy', 'Adult']"
9781501190537,Love and Other Words,Christina Lauren,Gallery Books,English,"['Romance', 'Contemporary', 'Fiction', 'Contemporary Romance', 'Adult', 'Audiobook', 'Chick Lit']"
9780451200822,Love and War ,John Jakes,Berkley,English,"['Historical Fiction', 'Fiction', 'Civil War', 'Historical', 'War', 'Romance', 'Classics']"
9781400034680,Love in the Time of Cholera,Gabriel García Márquez,Vintage International,English,"['Fiction', 'Historical Fiction', 'Magical Realism', 'Literature', 'Novels', 'Classics', 'Spanish Literature']"
9780060786465,Love Medicine ,Louise Erdrich,Harper Perennial Modern Classics,English,"['Fiction', 'Historical Fiction', 'Short Stories', 'Literary Fiction', 'Novels', 'Classics', 'Literature']"
9780380899531,Love Only Once ,Johanna Lindsey,Avon Books,English,"['Historical Romance', 'Romance', 'Historical', 'Historical Fiction', 'Regency', 'Fiction', 'Regency Romance']"
9780312348670,Love the One You're With,Emily Giffin,St. Martin's Press,English,"['Chick Lit', 'Fiction', 'Romance', 'Contemporary', 'Adult', 'Adult Fiction', 'Audiobook']"
9780920668375,Love You Forever,Robert Munsch,Firefly Books,English,"['Picture Books', 'Childrens', 'Fiction', 'Classics', 'Family', 'Love', 'Realistic Fiction']"
9780375913754,"Love, Stargirl ",Jerry Spinelli,Knopf Books for Young Readers,English,"['Young Adult', 'Fiction', 'Realistic Fiction', 'Contemporary', 'Romance', 'Middle Grade', 'Teen']"
9781408725795,"Love, Theoretically",Ali Hazelwood,Little Brown Books,English,"['Romance', 'Contemporary', 'Contemporary Romance', 'Fiction', 'Adult', 'Audiobook', 'Chick Lit']"
2940149364466,Lovely Trigger ,R.K. Lilley,R.K. Lilley,English,"['Romance', 'Contemporary Romance', 'Erotica', 'Contemporary', 'BDSM', 'New Adult', 'Adult']"
9780451239358,Lover at Last ,J.R. Ward,NAL,English,"['Paranormal', 'Romance', 'Paranormal Romance', 'Vampires', 'Fantasy', 'M M Romance', 'Urban Fantasy']"
9780451219367,Lover Awakened ,J.R. Ward,Signet,English,"['Romance', 'Paranormal', 'Vampires', 'Paranormal Romance', 'Fantasy', 'Urban Fantasy', 'Adult']"
9780451222725,Lover Enshrined ,J.R. Ward,Signet,English,"['Romance', 'Paranormal', 'Paranormal Romance', 'Vampires', 'Fantasy', 'Urban Fantasy', 'Adult']"
9780451229854,Lover Mine ,J.R. Ward,NAL,English,"['Paranormal', 'Romance', 'Paranormal Romance', 'Vampires', 'Fantasy', 'Urban Fantasy', 'Adult']"
9780451235848,Lover Reborn ,J.R. Ward,NAL,English,"['Paranormal', 'Paranormal Romance', 'Romance', 'Vampires', 'Fantasy', 'Urban Fantasy', 'Adult']"
9780451235848,Lover Reborn ,J.R. Ward,NAL,English,"['Paranormal', 'Paranormal Romance', 'Romance', 'Vampires', 'Fantasy', 'Urban Fantasy', 'Adult']"
9780451412355,Lover Revealed ,J.R. Ward,Onyx,English,"['Romance', 'Paranormal', 'Paranormal Romance', 'Vampires', 'Fantasy', 'Urban Fantasy', 'Adult']"
9780451222350,Lover Unbound ,J.R. Ward,Signet,English,"['Romance', 'Paranormal', 'Paranormal Romance', 'Vampires', 'Fantasy', 'Urban Fantasy', 'Adult']"
9780451233165,Lover Unleashed ,J.R. Ward,NAL,English,"['Paranormal', 'Paranormal Romance', 'Romance', 'Vampires', 'Fantasy', 'Urban Fantasy', 'Adult']"
9780345494993,Loving Frank,Nancy Horan,Ballantine Books,English,"['Historical Fiction', 'Fiction', 'Book Club', 'Historical', 'Architecture', 'Romance', 'Adult Fiction']"
9780553575422,Luck in the Shadows ,Lynn Flewelling,Bantam Spectra,English,"['Fantasy', 'LGBT', 'M M Romance', 'Fiction', 'Queer', 'Romance', 'High Fantasy']"
9780752817002,Lullaby Town ,Robert Crais,Orion,English,"['Mystery', 'Fiction', 'Crime', 'Thriller', 'Detective', 'Mystery Thriller', 'Suspense']"
9780316011273,Luna ,Julie Anne Peters,"Little, Brown Books for Young Readers",English,"['Young Adult', 'LGBT', 'Fiction', 'Queer', 'Contemporary', 'Realistic Fiction', 'Teen']"
9781683692348,Lycanthropy and Other Chronic Illnesses,Kristen O'Neal,Quirk Books,English,"['Young Adult', 'Fantasy', 'Contemporary', 'Fiction', 'Disability', 'Paranormal', 'Werewolves']"
9780822207122,M. Butterfly,David Henry Hwang,"Dramatists Play Service, Inc.",English,"['Plays', 'Drama', 'Fiction', 'Classics', 'Theatre', 'School', 'Historical Fiction']"
9780452261136,Ma Rainey's Black Bottom,August Wilson,Plume,English,"['Plays', 'Drama', 'Fiction', 'Historical Fiction', 'African American', 'Theatre', 'Classics']"
9780679743422,Machiavelli in Hell: Pulitzer Prize Winner,Sebastian De Grazia,Vintage,English,"['Biography', 'History', 'Philosophy', 'Politics', 'Italy', 'Nonfiction', 'European History']"
9781551665740,Mackenzie's Mountain ,Linda Howard,Mira,English,"['Romance', 'Contemporary Romance', 'Contemporary', 'Romantic Suspense', 'Westerns', 'Suspense', 'Historical Romance']"
9781451649918,MacRieve ,Kresley Cole,Gallery Books,English,"['Paranormal', 'Paranormal Romance', 'Romance', 'Fantasy', 'Shapeshifters', 'Vampires', 'Werewolves']"
9781984818386,Mad Honey,Jodi Picoult,Ballantine,English,"['Fiction', 'Mystery', 'Audiobook', 'Contemporary', 'Romance', 'LGBT', 'Thriller']"
9780441018529,Magic Bleeds ,Ilona Andrews,Ace,English,"['Urban Fantasy', 'Fantasy', 'Paranormal', 'Magic', 'Vampires', 'Paranormal Romance', 'Shapeshifters']"
9780425256220,Magic Breaks ,Ilona Andrews,Ace Hardcover,English,"['Urban Fantasy', 'Fantasy', 'Paranormal', 'Romance', 'Magic', 'Vampires', 'Paranormal Romance']"
9780425256220,Magic Breaks ,Ilona Andrews,Ace Hardcover,English,"['Urban Fantasy', 'Fantasy', 'Paranormal', 'Romance', 'Magic', 'Vampires', 'Paranormal Romance']"
9780330462631,Magic Flutes,Eva Ibbotson,Young Picador,English,"['Young Adult', 'Historical Fiction', 'Historical Romance', 'Romance', 'Historical', 'Teen', 'Fiction']"
9781857232561,Magic Kingdom for Sale/Sold ,Terry Brooks,Time Warner Books Uk,English,"['Fantasy', 'Fiction', 'Science Fiction Fantasy', 'Humor', 'Magic', 'Adventure', 'Young Adult']"
9781937007584,Magic Rises ,Ilona Andrews,Ace,English,"['Urban Fantasy', 'Fantasy', 'Paranormal', 'Romance', 'Magic', 'Vampires', 'Paranormal Romance']"
9780441020423,Magic Slays ,Ilona Andrews,Ace,English,"['Urban Fantasy', 'Fantasy', 'Paranormal', 'Romance', 'Magic', 'Vampires', 'Paranormal Romance']"
9780441020423,Magic Slays ,Ilona Andrews,Ace,English,"['Urban Fantasy', 'Fantasy', 'Paranormal', 'Romance', 'Magic', 'Vampires', 'Paranormal Romance']"
9780590396059,Magic Steps ,Tamora Pierce,Scholastic,English,"['Fantasy', 'Young Adult', 'Fiction', 'Magic', 'Young Adult Fantasy', 'High Fantasy', 'Teen']"
9780441017027,Magic Strikes ,Ilona Andrews,Ace,English,"['Urban Fantasy', 'Fantasy', 'Paranormal', 'Romance', 'Magic', 'Vampires', 'Paranormal Romance']"
9780373802494,Magic Study ,Maria V. Snyder,Luna,English,"['Fantasy', 'Young Adult', 'Magic', 'Romance', 'Fiction', 'High Fantasy', 'Adventure']"
9780586217832,Magician ,Raymond E. Feist,HarperCollins,English,"['Fantasy', 'Fiction', 'Epic Fantasy', 'High Fantasy', 'Magic', 'Science Fiction Fantasy', 'Adventure']"
9780553564945,Magician: Apprentice ,Raymond E. Feist,Bantam Spectra,English,"['Fantasy', 'Fiction', 'Epic Fantasy', 'High Fantasy', 'Magic', 'Science Fiction Fantasy', 'Adventure']"
9780345335456,Magician's Gambit ,David Eddings,Del Rey,English,"['Fantasy', 'Fiction', 'Epic Fantasy', 'High Fantasy', 'Young Adult', 'Science Fiction Fantasy', 'Adventure']"
9780142004333,Maisie Dobbs ,Jacqueline Winspear,Penguin,English,"['Mystery', 'Historical Fiction', 'Fiction', 'Historical', 'Audiobook', 'Historical Mystery', 'Mystery Thriller']"
9781591164227,"Maison Ikkoku, Volume 6 ",Rumiko Takahashi,VIZ Media LLC,English,"['Manga', 'Romance', 'Comics', 'Seinen', 'Comedy', 'Fiction', 'Graphic Novels']"
9781591164227,"Maison Ikkoku, Volume 6 ",Rumiko Takahashi,VIZ Media LLC,English,"['Manga', 'Romance', 'Comics', 'Seinen', 'Comedy', 'Fiction', 'Graphic Novels']"
9781591164852,"Maison Ikkoku, Volume 7 ",Rumiko Takahashi,VIZ Media LLC,English,"['Manga', 'Romance', 'Seinen', 'Comedy', 'Comics', 'Graphic Novels', 'Fiction']"
9781400068937,Major Pettigrew's Last Stand,Helen Simonson,Random House,English,"['Fiction', 'Romance', 'Contemporary', 'British Literature', 'Historical Fiction', 'Adult Fiction', 'Book Club']"
9780679751601,Mama Makes Up Her Mind and Other Dangers of Southern Living,Bailey White,Vintage,English,"['Humor', 'Nonfiction', 'Memoir', 'Southern', 'Short Stories', 'Essays', 'Biography']"
9780871238221,Mandie and the Forbidden Attic ,Lois Gladys Leppard,Bethany House,English,"['Mystery', 'Historical Fiction', 'Fiction', 'Christian', 'Young Adult', 'Childrens', 'Christian Fiction']"
9780871234421,Mandie and the Ghost Bandits ,Lois Gladys Leppard,Bethany House,English,"['Mystery', 'Historical Fiction', 'Fiction', 'Christian', 'Christian Fiction', 'Young Adult', 'Childrens']"
9780871238399,Mandie and the Trunk's Secret ,Lois Gladys Leppard,Bethany House,English,"['Mystery', 'Historical Fiction', 'Christian', 'Fiction', 'Young Adult', 'Childrens', 'Christian Fiction']"
9780316809061,Maniac Magee,Jerry Spinelli,"Little, Brown Books for Young Readers",English,"['Young Adult', 'Fiction', 'Childrens', 'Middle Grade', 'Realistic Fiction', 'School', 'Classics']"
9780590452038,Maniac Magee,Jerry Spinelli,Scholastic,English,"['Young Adult', 'Fiction', 'Childrens', 'Middle Grade', 'Realistic Fiction', 'School', 'Classics']"
9781501101533,Manwhore ,Katy Evans,Gallery Books,English,"['Romance', 'Contemporary Romance', 'Contemporary', 'New Adult', 'Erotica', 'Adult', 'Erotic Romance']"
9780312368579,Many Waters ,Madeleine L'Engle,Square Fish,English,"['Fantasy', 'Young Adult', 'Fiction', 'Science Fiction', 'Childrens', 'Classics', 'Time Travel']"
9780312368579,Many Waters ,Madeleine L'Engle,Square Fish,English,"['Fantasy', 'Young Adult', 'Fiction', 'Science Fiction', 'Childrens', 'Classics', 'Time Travel']"
9780307277749,Marie Antoinette: The Journey,Antonia Fraser,Anchor,English,"['History', 'Biography', 'Nonfiction', 'France', 'Historical', 'Biography Memoir', 'French Revolution']"
9780307277749,Marie Antoinette: The Journey,Antonia Fraser,Anchor,English,"['History', 'Biography', 'Nonfiction', 'France', 'Historical', 'Biography Memoir', 'French Revolution']"
9780142302392,Mariel of Redwall ,Brian Jacques,Firebird,English,"['Fantasy', 'Fiction', 'Young Adult', 'Childrens', 'Animals', 'Adventure', 'Middle Grade']"
9780312360269,Marked ,P.C. Cast,St. Martin's Press,English,"['Young Adult', 'Fantasy', 'Vampires', 'Paranormal', 'Romance', 'Fiction', 'Supernatural']"
9780739461198,Marley and Me: Life and Love With the World's Worst Dog,John Grogan,William Morrow; 1ST edition,English,"['Nonfiction', 'Memoir', 'Animals', 'Biography', 'Dogs', 'Humor', 'Biography Memoir']"
9780142501085,Marlfox ,Brian Jacques,Firebird,English,"['Fantasy', 'Fiction', 'Young Adult', 'Childrens', 'Animals', 'Adventure', 'Middle Grade']"
9780312942953,Marooned in Realtime,Vernor Vinge,Bluejay International distributed,English,"['Science Fiction', 'Fiction', 'Time Travel', 'Mystery', 'Post Apocalyptic', 'Speculative Fiction', 'Fantasy']"
9781310973284,Marrow,Tarryn Fisher,Smashwords Edition,English,"['Thriller', 'New Adult', 'Dark', 'Mystery', 'Mystery Thriller', 'Contemporary', 'Fiction']"
9780441001866,Martin the Warrior ,Brian Jacques,Ace Books,English,"['Fantasy', 'Fiction', 'Young Adult', 'Childrens', 'Animals', 'Adventure', 'Middle Grade']"
9780312155858,Mary Queen of Scotland and The Isles,Margaret George,St. Martin's Griffin,English,"['Historical Fiction', 'Fiction', 'Historical', 'Scotland', 'British Literature', 'Tudor Period', '16th Century']"
9780152164560,"Mary, Bloody Mary ",Carolyn Meyer,Clarion Books,English,"['Historical Fiction', 'Young Adult', 'Historical', 'Fiction', 'Tudor Period', 'Childrens', 'British Literature']"
9780575058088,Maskerade ,Terry Pratchett,VictorGollancz,English,"['Fantasy', 'Fiction', 'Humor', 'Comedy', 'Science Fiction Fantasy', 'Witches', 'Audiobook']"
9780312423209,Mason & Dixon,Thomas Pynchon,Picador USA,English,"['Fiction', 'Historical Fiction', 'Literature', 'Novels', 'American', 'Classics', 'Literary Fiction']"
9780786838936,Masquerade ,Melissa de la Cruz,Hyperion,English,"['Young Adult', 'Vampires', 'Fantasy', 'Paranormal', 'Romance', 'Supernatural', 'Fiction']"
9780441019427,Masques ,Patricia Briggs,Ace Books,English,"['Fantasy', 'Magic', 'Romance', 'Paranormal', 'Fiction', 'Urban Fantasy', 'Science Fiction Fantasy']"
9780441019427,Masques ,Patricia Briggs,Ace Books,English,"['Fantasy', 'Magic', 'Romance', 'Paranormal', 'Fiction', 'Urban Fantasy', 'Science Fiction Fantasy']"
9780006472612,Master of the Game,Sidney Sheldon,Harper Collins Publisher,English,"['Fiction', 'Thriller', 'Mystery', 'Suspense', 'Mystery Thriller', 'Romance', 'Drama']"
9780525423645,Matched ,Ally Condie,Dutton Books for Young Readers,English,"['Young Adult', 'Dystopia', 'Romance', 'Science Fiction', 'Fantasy', 'Fiction', 'Teen']"
9780141301068,Matilda,Roald Dahl,Puffin,English,"['Childrens', 'Fiction', 'Classics', 'Fantasy', 'Middle Grade', 'Young Adult', 'Humor']"
9780441006106,Mattimeo ,Brian Jacques,Ace Books,English,"['Fantasy', 'Fiction', 'Young Adult', 'Childrens', 'Animals', 'Adventure', 'Middle Grade']"
9780394541556,Maus I: A Survivor's Tale: My Father Bleeds History ,Art Spiegelman,Pantheon Books,English,"['Graphic Novels', 'Comics', 'History', 'Nonfiction', 'Memoir', 'Holocaust', 'Biography']"
9780679729778,Maus II: A Survivor's Tale: And Here My Troubles Began,Art Spiegelman,Pantheon,English,"['Graphic Novels', 'Comics', 'Nonfiction', 'History', 'Memoir', 'Holocaust', 'Biography']"
9781328662057,Maybe You Should Talk to Someone,Lori Gottlieb,Harper,English,"['Nonfiction', 'Psychology', 'Memoir', 'Self Help', 'Mental Health', 'Audiobook', 'Biography']"
9780670037605,"Mayflower: A Story of Courage, Community, and War",Nathaniel Philbrick,Viking,English,"['History', 'Nonfiction', 'American History', 'Historical', 'Audiobook', 'American', 'War']"
9780349113913,Me Talk Pretty One Day,David Sedaris,"Little, Brown and Company",English,"['Nonfiction', 'Memoir', 'Essays', 'Short Stories', 'Comedy', 'Humor', 'Biography']"
9781596912311,Medicus ,Ruth Downie,Bloomsbury Publishing PLC,English,"['Historical Fiction', 'Mystery', 'Fiction', 'Historical', 'Historical Mystery', 'Crime', 'Audiobook']"
9780937295014,Meet Kirsten: An American Girl ,Janet Beeler Shaw,American Girl,English,"['Historical Fiction', 'Childrens', 'Fiction', 'Historical', 'Middle Grade', 'Young Adult', 'Chapter Books']"
9781416900313,Megan Meade's Guide to the McGowan Boys,Kate Brian,S&S Books for Young Readers,English,"['Young Adult', 'Romance', 'Contemporary', 'Chick Lit', 'High School', 'Teen', 'Realistic Fiction']"
9780963192547,Memnoch the Devil ,Anne Rice,B E Trice Pub,English,"['Horror', 'Fantasy', 'Vampires', 'Fiction', 'Paranormal', 'Supernatural', 'Urban Fantasy']"
9781400096893,Memoirs of a Geisha,Arthur Golden,Vintage Books USA,English,"['Fiction', 'Historical Fiction', 'Romance', 'Classics', 'Historical', 'Japan', 'Adult']"
9780671878450,Memory ,Lois McMaster Bujold,Baen,English,"['Science Fiction', 'Fiction', 'Space Opera', 'Mystery', 'Science Fiction Fantasy', 'Fantasy', 'Audiobook']"
9780425210734,Memory in Death ,J.D. Robb,Berkley Books,English,"['Mystery', 'Romance', 'Crime', 'Fiction', 'Romantic Suspense', 'Futuristic', 'Suspense']"
9780060574215,"Men Are from Mars, Women Are from Venus",John  Gray,Harper Paperbacks,English,"['Nonfiction', 'Self Help', 'Psychology', 'Relationships', 'Personal Development', 'Marriage', 'Philosophy']"
9780061092190,Men at Arms ,Terry Pratchett,HarperPrism,English,"['Fantasy', 'Fiction', 'Humor', 'Comedy', 'Science Fiction Fantasy', 'Audiobook', 'Mystery']"
9780385732536,Messenger ,Lois Lowry,Delacorte Press,English,"['Young Adult', 'Dystopia', 'Fiction', 'Fantasy', 'Science Fiction', 'Middle Grade', 'Classics']"
9780449221877,Mexico,James A. Michener,Fawcett,English,"['Historical Fiction', 'Fiction', 'Historical', 'Adventure', 'Travel', 'Novels', 'Literature']"
9780060987046,Microserfs,Douglas Coupland,Harper Perennial,English,"['Fiction', 'Humor', 'Contemporary', 'Canada', 'Novels', 'Literature', 'Technology']"
9780452266384,Middle Passage,Charles R. Johnson,Plume,English,"['Fiction', 'Historical Fiction', 'African American', 'Classics', 'Literature', 'Novels', 'Race']"
9780312422158,Middlesex,Jeffrey Eugenides,Picador USA,English,"['Fiction', 'Historical Fiction', 'Contemporary', 'LGBT', 'Classics', 'Literary Fiction', 'Novels']"
9780061720857,Midnight ,L.J. Smith,HarperTeen,English,"['Vampires', 'Young Adult', 'Fantasy', 'Paranormal', 'Romance', 'Supernatural', 'Fiction']"
9780439474290,Midnight for Charlie Bone ,Jenny Nimmo,Orchard Books,English,"['Fantasy', 'Young Adult', 'Middle Grade', 'Fiction', 'Childrens', 'Magic', 'Adventure']"
9780679751526,Midnight in the Garden of Good and Evil,John Berendt,Vintage,English,"['Nonfiction', 'True Crime', 'Mystery', 'Crime', 'History', 'Classics', 'Audiobook']"
9780316707046,Midnight Sun ,Stephenie Meyer,"Little, Brown Books for Young Readers",English,"['Fantasy', 'Romance', 'Young Adult', 'Vampires', 'Fiction', 'Paranormal', 'Audiobook']"
9781250204028,Migrations,Charlotte McConaghy,Flatiron Books,English,"['Fiction', 'Science Fiction', 'Literary Fiction', 'Contemporary', 'Audiobook', 'Nature', 'Dystopia']"
9781912979479,Mina and the Undead ,Amy McCaw,UCLan Publishing,English,"['Horror', 'Young Adult', 'Vampires', 'Fantasy', 'Mystery', 'Paranormal', 'Fiction']"
9780374156022,Miracle Creek,Angie  Kim,Sarah Crichton Books,English,"['Mystery', 'Fiction', 'Thriller', 'Mystery Thriller', 'Contemporary', 'Audiobook', 'Adult']"
9780671876463,Mirror Dance ,Lois McMaster Bujold,Baen Books,English,"['Science Fiction', 'Fiction', 'Space Opera', 'Hugo Awards', 'Science Fiction Fantasy', 'Fantasy', 'Audiobook']"
9780060988654,Mirror Mirror,Gregory Maguire,Regan Books,English,"['Fantasy', 'Fiction', 'Fairy Tales', 'Historical Fiction', 'Retellings', 'Adult', 'Historical']"
9780060988654,Mirror Mirror,Gregory Maguire,Regan Books,English,"['Fantasy', 'Fiction', 'Fairy Tales', 'Historical Fiction', 'Retellings', 'Adult', 'Historical']"
9780553588675,Mischief,Amanda Quick,Bantam,English,"['Romance', 'Historical Romance', 'Historical', 'Historical Fiction', 'Mystery', 'Fiction', 'Regency']"
9780450417399,Misery,Stephen King,New English Library,English,"['Horror', 'Fiction', 'Thriller', 'Mystery', 'Suspense', 'Mystery Thriller', 'Adult']"
9780060859510,Misquoting Jesus: The Story Behind Who Changed the Bible and Why,Bart D. Ehrman,HarperOne,English,"['Religion', 'Nonfiction', 'History', 'Christianity', 'Theology', 'Philosophy', 'Spirituality']"
9780140562736,Miss Bindergarten Gets Ready for Kindergarten ,Joseph Slate,Puffin Books,English,"['Picture Books', 'School', 'Childrens', 'Animals', 'Back To School', 'Fiction', 'Storytime']"
9780395416686,Miss Nelson Is Back ,Harry Allard,Houghton Mifflin Company,English,"['Picture Books', 'Childrens', 'Fiction', 'School', 'Humor', 'Realistic Fiction', 'Classics']"
9780395401460,Miss Nelson Is Missing! ,Harry Allard,Sandpiper Books,English,"['Picture Books', 'Childrens', 'Fiction', 'School', 'Humor', 'Classics', 'Mystery']"
9780140505399,Miss Rumphius,Barbara Cooney,Puffin Books,English,"['Picture Books', 'Childrens', 'Fiction', 'Classics', 'Nature', 'Realistic Fiction', 'Travel']"
9780340831380,Missing Joseph ,Elizabeth  George,Bantam,English,"['Mystery', 'Fiction', 'Crime', 'Mystery Thriller', 'Thriller', 'Detective', 'British Literature']"
9781682309797,Mister Moneybags,Vi Keeland,EverAfter Romance,English,"['Romance', 'Contemporary', 'Contemporary Romance', 'New Adult', 'Adult', 'Humor', 'Audiobook']"
9780553588651,Mistress,Amanda Quick,Bantam,English,"['Romance', 'Historical Romance', 'Historical', 'Regency', 'Historical Fiction', 'Mystery', 'Fiction']"
9780312187477,Mistress Anne,Carolly Erickson,St. Martin's Griffin,English,"['Biography', 'History', 'Nonfiction', 'Historical', 'Tudor Period', 'British Literature', '16th Century']"
9780064410182,Mixed Magics: Four Tales of Chrestomanci,Diana Wynne Jones,Greenwillow Books,English,"['Fantasy', 'Short Stories', 'Young Adult', 'Fiction', 'Childrens', 'Magic', 'Middle Grade']"
9781569472026,Moab Is My Washpot ,Stephen Fry,Soho Press,English,"['Nonfiction', 'Biography', 'Memoir', 'Autobiography', 'Humor', 'Biography Memoir', 'LGBT']"
9780439023511,Mockingjay ,Suzanne Collins,Scholastic Press,English,"['Young Adult', 'Dystopia', 'Fiction', 'Fantasy', 'Science Fiction', 'Romance', 'Adventure']"
9780312304355,Moloka'i ,Alan Brennert,St. Martin's Griffin,English,"['Historical Fiction', 'Fiction', 'Historical', 'Book Club', 'Adult', 'Adult Fiction', 'Audiobook']"
9780553281743,Mona Lisa Overdrive ,William Gibson,Bantam Spectra,English,"['Science Fiction', 'Cyberpunk', 'Fiction', 'Science Fiction Fantasy', 'Dystopia', 'Novels', 'Speculative Fiction']"
9780099461883,Money,Martin Amis,Vintage,English,"['Fiction', 'Classics', 'Novels', 'Contemporary', 'Literature', 'British Literature', 'Literary Fiction']"
9780393324815,Moneyball: The Art of Winning an Unfair Game,Michael   Lewis,W. W. Norton & Company,English,"['Nonfiction', 'Sports', 'Baseball', 'Business', 'Economics', 'Biography', 'History']"
9780671474706,Monsignor Quixote,Graham Greene,Simon & Schuster,English,"['Fiction', 'Classics', 'Religion', 'Spain', 'Literature', 'Novels', 'British Literature']"
9780064407311,Monster,Walter Dean Myers,Amistad,English,"['Young Adult', 'Fiction', 'Realistic Fiction', 'Crime', 'Contemporary', 'Teen', 'School']"
9781406310276,Monsters of Men ,Patrick Ness,Walker Books,English,"['Young Adult', 'Science Fiction', 'Dystopia', 'Fantasy', 'Fiction', 'Adventure', 'Romance']"
9782743604912,Moo,Jane Smiley,Rivages,French,"['Fiction', 'Humor', 'Academia', 'Contemporary', 'Literary Fiction', 'Novels', 'Literature']"
9780689861130,"Moo, Baa, La La La!",Sandra Boynton,Simon & Schuster Childrens Books,English,"['Picture Books', 'Childrens', 'Animals', 'Fiction', 'Kids', 'Storytime', 'Humor']"
9780441013814,Moon Called ,Patricia Briggs,Ace,English,"['Urban Fantasy', 'Fantasy', 'Paranormal', 'Romance', 'Vampires', 'Werewolves', 'Paranormal Romance']"
9780140115857,Moon Palace,Paul Auster,Penguin Books,English,"['Fiction', 'American', 'Contemporary', 'Novels', 'The United States Of America', 'Literature', 'Classics']"
9780802135339,Moon Tiger,Penelope Lively,Grove Press,English,"['Fiction', 'Historical Fiction', 'Literary Fiction', 'Classics', 'War', 'British Literature', 'Novels']"
9780312890049,Moonheart,Charles de Lint,Orb Books,English,"['Fantasy', 'Urban Fantasy', 'Fiction', 'Science Fiction Fantasy', 'Canada', 'Magical Realism', 'Young Adult']"
9780385503846,Moral Disorder and Other Stories,Margaret Atwood,Nan A. Talese,English,"['Short Stories', 'Fiction', 'Canada', 'Literary Fiction', 'Literature', 'Audiobook', 'Contemporary']"
9780393315608,Morality Play,Barry Unsworth,W. W. Norton & Company,English,"['Historical Fiction', 'Fiction', 'Mystery', 'Medieval', 'Historical', 'British Literature', 'Crime']"
9780985990466,More Than a Feeling ,Erika Kelly,"EK Publishing, LLC",English,"['Romance', 'Music', 'Contemporary Romance', 'Contemporary', 'New Adult', 'Musicians', 'Fiction']"
9780345419576,Moreta: Dragonlady of Pern ,Anne McCaffrey,Del Rey,English,"['Fantasy', 'Science Fiction', 'Dragons', 'Fiction', 'Science Fiction Fantasy', 'Young Adult', 'Adult']"
9780586210413,Morning Glory,LaVyrle Spencer,Grafton / HarperCollins,English,"['Romance', 'Historical Romance', 'Historical', 'Historical Fiction', 'Westerns', 'Fiction', 'Adult']"
9780920236161,Morning Glory,LaVyrle Spencer,Annick Press,English,"['Picture Books', 'Childrens', 'Fantasy', 'Fiction', 'Dragons', 'Fairy Tales', 'Classics']"
9780345539847,Morning Star ,Pierce Brown,Del Rey,English,"['Science Fiction', 'Fantasy', 'Fiction', 'Dystopia', 'Young Adult', 'Audiobook', 'Adult']"
9780804113090,Morse's Greatest Mystery and Other Stories,Colin Dexter,Fawcett,English,"['Mystery', 'Short Stories', 'Fiction', 'Crime', 'Detective', 'British Literature', 'Audiobook']"
9780312960940,Mortal Causes ,Ian Rankin,St. Martin's Paperbacks,English,"['Crime', 'Mystery', 'Fiction', 'Scotland', 'Thriller', 'Detective', 'Mystery Thriller']"
9780345803399,Motherless Brooklyn,Jonathan Lethem,Vintage,English,"['Fiction', 'Mystery', 'Crime', 'New York', 'Novels', 'Mystery Thriller', 'Literary Fiction']"
9780765354938,Mount Dragon,Douglas Preston,Tor Books,English,"['Thriller', 'Fiction', 'Mystery', 'Science Fiction', 'Adventure', 'Mystery Thriller', 'Suspense']"
9780152002657,Mouse Paint,Ellen Stoll Walsh,"Harcourt, Inc.",English,"['Picture Books', 'Childrens', 'Art', 'Animals', 'Storytime', 'Fiction', 'Kids']"
9780552152945,Moving Pictures ,Terry Pratchett,Corgi,English,"['Fantasy', 'Fiction', 'Humor', 'Comedy', 'Science Fiction Fantasy', 'Audiobook', 'Magic']"
9780743482882,Mr. Perfect,Linda Howard,Pocket Books,English,"['Romance', 'Romantic Suspense', 'Suspense', 'Contemporary', 'Contemporary Romance', 'Mystery', 'Thriller']"
9780449209837,Mrs. Pollifax and the Hong Kong Buddha ,Dorothy Gilman,Fawcett Books,English,"['Mystery', 'Fiction', 'Adventure', 'Cozy Mystery', 'Audiobook', 'Espionage', 'Thriller']"
9780449149058,Mrs. Pollifax and the Second Thief ,Dorothy Gilman,Fawcett,English,"['Mystery', 'Fiction', 'Cozy Mystery', 'Adventure', 'Audiobook', 'Mystery Thriller', 'Espionage']"
9780449208403,Mrs. Pollifax on the China Station ,Dorothy Gilman,Fawcett Books,English,"['Mystery', 'Fiction', 'Adventure', 'Cozy Mystery', 'Espionage', 'Audiobook', 'China']"
9781565125698,Mudbound,Hillary Jordan,Algonquin Books,English,"['Historical Fiction', 'Fiction', 'Historical', 'Southern', 'Adult Fiction', 'Book Club', 'Adult']"
9780385178877,Murder Goes Mumming ,Alisa Craig,Doubleday,English,"['Mystery', 'Christmas', 'Cozy Mystery', 'Fiction', 'Canada', 'Holiday', 'Audiobook']"
9780449209592,Murder in the Smithsonian ,Margaret Truman,Fawcett Crest,English,"['Mystery', 'Fiction', 'Crime', 'Mystery Thriller', 'Thriller', 'Suspense', 'Adult Fiction']"
9780449209691,Murder In The Supreme Court ,Margaret Truman,Fawcett,English,"['Mystery', 'Fiction', 'Mystery Thriller', 'Crime', 'Thriller', 'Politics', 'Murder Mystery']"
9781451648218,Murder Your Employer: The McMasters Guide to Homicide,Rupert Holmes,Avid Reader Press / Simon & Schuster,English,"['Mystery', 'Fiction', 'Thriller', 'Mystery Thriller', 'Humor', 'Audiobook', 'Adult']"
9780316341714,Muse of Nightmares ,Laini Taylor,"Little, Brown Books for Young Readers",English,"['Fantasy', 'Young Adult', 'Romance', 'Fiction', 'Young Adult Fantasy', 'Audiobook', 'Magic']"
9781301786459,Music of the Heart ,Katie Ashley,Smashwords,English,"['Romance', 'New Adult', 'Music', 'Contemporary', 'Contemporary Romance', 'Musicians', 'Erotica']"
9780345466419,My American Journey,Colin Powell,Ballantine Books,,"['Biography', 'Nonfiction', 'Politics', 'History', 'Military Fiction', 'Autobiography', 'Memoir']"
9780062941503,My Dark Vanessa,Kate Elizabeth Russell,William Morrow,English,"['Fiction', 'Contemporary', 'Literary Fiction', 'Audiobook', 'Adult', 'Thriller', 'Dark']"
9781400128266,My Horizontal Life: A Collection of One-Night Stands,Chelsea Handler,Tantor Audio,English,"['Nonfiction', 'Humor', 'Memoir', 'Comedy', 'Biography', 'Chick Lit', 'Autobiography']"
9781400043460,My Life in France,Julia Child,Knopf Publishing Group,English,"['Nonfiction', 'Memoir', 'Food', 'Biography', 'France', 'Travel', 'Cooking']"
9781400067695,My Name Is Lucy Barton ,Elizabeth Strout,Random House,English,"['Fiction', 'Literary Fiction', 'Audiobook', 'Contemporary', 'Adult Fiction', 'Family', 'Novels']"
9781594487583,My Name Is Memory,Ann Brashares,Riverhead Hardcover,English,"['Romance', 'Fiction', 'Fantasy', 'Young Adult', 'Historical Fiction', 'Time Travel', 'Chick Lit']"
9780593074794,My Not So Perfect Life,Sophie Kinsella,RANDOM HOUSE UK,English,"['Chick Lit', 'Fiction', 'Romance', 'Contemporary', 'Audiobook', 'Adult', 'Humor']"
9780743454537,My Sister's Keeper,Jodi Picoult,Atria/Emily Bestler Books,English,"['Fiction', 'Chick Lit', 'Young Adult', 'Drama', 'Adult', 'Adult Fiction', 'Realistic Fiction']"
9780373210275,My Soul to Steal ,Rachel Vincent,Harlequin,English,"['Young Adult', 'Paranormal', 'Fantasy', 'Romance', 'Paranormal Romance', 'Demons', 'Supernatural']"
9781838391102,My Wife Jodie,V.A. Rudys,Blinkenlight,English,"['Thriller', 'Mystery', 'Fiction', 'Science Fiction']"
9780525522133,My Year of Rest and Relaxation,Ottessa Moshfegh,Penguin Books,English,"['Fiction', 'Contemporary', 'Literary Fiction', 'Mental Health', 'Audiobook', 'Adult', 'Novels']"
9781665935623,Mysteries of Thorn Manor ,Margaret  Rogerson,Margaret K. McElderry Books,English,"['Fantasy', 'Young Adult', 'Romance', 'Novella', 'Young Adult Fantasy', 'Magic', 'Fiction']"
9780525248187,Mystery,Peter Straub,E. P. Dutton,English,"['Horror', 'Fiction', 'Mystery', 'Thriller', 'Crime', 'Suspense', 'Mystery Thriller']"
9780060584757,Mystic River,Dennis Lehane,William Morrow Paperbacks,English,"['Mystery', 'Fiction', 'Thriller', 'Crime', 'Mystery Thriller', 'Suspense', 'Audiobook']"
9780553588668,Mystique,Amanda Quick,Bantam,English,"['Romance', 'Historical Romance', 'Historical', 'Medieval', 'Historical Fiction', 'Mystery', 'Fiction']"
9780765307293,Mythago Wood ,Robert Holdstock,Orb Books,English,"['Fantasy', 'Fiction', 'Mythology', 'Horror', 'Urban Fantasy', 'Science Fiction Fantasy', 'Classics']"
9780465047925,Myths of Gender: Biological Theories about Women and Men,Anne Fausto-Sterling,Basic Books,English,"['Feminism', 'Nonfiction', 'Gender', 'Science', 'Gender Studies', 'Psychology', 'Queer']"
9780399151576,Naked in Death ,J.D. Robb,Putnam,English,"['Mystery', 'Romance', 'Crime', 'Fiction', 'Romantic Suspense', 'Thriller', 'Suspense']"
9780786887583,Napalm & Silly Putty,George Carlin,Hachette Books,English,"['Humor', 'Nonfiction', 'Comedy', 'Essays', 'Audiobook', 'American', 'Politics']"
9780062333049,Nash ,Jay Crownover,HarperCollins Publishers,,"['Romance', 'New Adult', 'Contemporary', 'Contemporary Romance', 'Adult', 'Audiobook', 'Fiction']"
9780385613705,Nation,Terry Pratchett,Doubleday,English,"['Fantasy', 'Fiction', 'Young Adult', 'Adventure', 'Historical Fiction', 'Humor', 'Audiobook']"
9780618443369,Nation,Terry Pratchett,Harvest,English,"['Cookbooks', 'Cooking', 'Food', 'Nonfiction', 'Reference', 'Foodie', 'Culinary']"
9780441568536,Necromancer Nine ,Sheri S. Tepper,Ace,English,"['Fantasy', 'Science Fiction', 'Fiction', 'Speculative Fiction', 'Science Fiction Fantasy', 'High Fantasy', 'Collections']"
9780380713806,Neither Here nor There: Travels in Europe,Bill Bryson,William Morrow Paperbacks,English,"['Travel', 'Nonfiction', 'Humor', 'Memoir', 'Biography', 'Audiobook', 'Travelogue']"
9780553286281,Nemesis,Isaac Asimov,Bantam/Spectra,English,"['Science Fiction', 'Fiction', 'Science Fiction Fantasy', 'Classics', 'Space', 'Fantasy', 'Space Opera']"
9780345419583,Nerilka's Story ,Anne McCaffrey,Del Rey,English,"['Fantasy', 'Science Fiction', 'Dragons', 'Fiction', 'Science Fiction Fantasy', 'Young Adult', 'Romance']"
9781580051347,Nervous Conditions,Tsitsi Dangarembga,Seal Press,English,"['Fiction', 'Africa', 'Historical Fiction', 'Zimbabwe', 'Feminism', 'African Literature', 'Classics']"
9780307377043,Netherland,Joseph O'Neill,Pantheon,English,"['Fiction', 'Novels', 'New York', 'Contemporary', 'Literary Fiction', 'Literature', 'Book Club']"
9781250244048,Nettle & Bone,T. Kingfisher,Tor Books,English,"['Fantasy', 'Horror', 'Fiction', 'Adult', 'Magic', 'Audiobook', 'Witches']"
9781250229861,Network Effect ,Martha Wells,Tor.com,English,"['Science Fiction', 'Fiction', 'Audiobook', 'Space', 'Adult', 'Space Opera', 'Science Fiction Fantasy']"
9781311051158,Never Never: Part Two ,Colleen Hoover,,English,"['Romance', 'Young Adult', 'Mystery', 'Contemporary', 'New Adult', 'Paranormal', 'Fiction']"
9780778311553,Never Saw Me Coming,Vera Kurian,Park Row,English,"['Thriller', 'Mystery', 'Fiction', 'Mystery Thriller', 'Audiobook', 'Suspense', 'Adult']"
9781301627448,Never Too Far ,Abbi Glines,Smashwords,English,"['Romance', 'New Adult', 'Contemporary', 'Contemporary Romance', 'Young Adult', 'Chick Lit', 'Adult']"
9781442402003,Nevermore ,Kelly Creagh,Atheneum Books for Young Readers,English,"['Young Adult', 'Paranormal', 'Fantasy', 'Romance', 'Paranormal Romance', 'Horror', 'Supernatural']"
9780380789016,Neverwhere,Neil Gaiman,Avon,English,"['Fantasy', 'Fiction', 'Urban Fantasy', 'Audiobook', 'Science Fiction Fantasy', 'Horror', 'Science Fiction']"
9780380973637,Neverwhere,Neil Gaiman,Avon Books,English,"['Fantasy', 'Fiction', 'Urban Fantasy', 'Audiobook', 'Science Fiction Fantasy', 'Horror', 'Science Fiction']"
9780819562715,Neveryóna ,Samuel R. Delany,Wesleyan University Press,English,"['Fantasy', 'Fiction', 'Science Fiction', 'Literature', 'Sword and Sorcery', 'LGBT', 'Science Fiction Fantasy']"
9780060514488,New and Collected Poems: 1931-2001,Czesław Miłosz,Ecco,English,"['Poetry', 'Polish Literature', 'Literature', 'Poland', 'Nobel Prize', 'Nonfiction', '20th Century']"
9781841492612,New Spring ,Robert Jordan,Orbit,English,"['Fantasy', 'Fiction', 'Epic Fantasy', 'High Fantasy', 'Science Fiction Fantasy', 'Audiobook', 'Adventure']"
9780399586682,Next Year in Havana ,Chanel Cleeton,Berkley,English,"['Historical Fiction', 'Fiction', 'Romance', 'Audiobook', 'Historical', 'Adult', 'Contemporary']"
9781451641813,Nice Girls Don't Bite Their Neighbors ,Molly Harper,Pocket Books,English,"['Vampires', 'Paranormal', 'Romance', 'Paranormal Romance', 'Urban Fantasy', 'Fantasy', 'Humor']"
9780805063899,Nickel and Dimed,Barbara Ehrenreich,Owl Books (Henry Holt),English,"['Nonfiction', 'Sociology', 'Politics', 'Economics', 'Memoir', 'Social Justice', 'Poverty']"
9780425256749,Night Broken ,Patricia Briggs,Ace Hardcover,English,"['Urban Fantasy', 'Fantasy', 'Paranormal', 'Vampires', 'Romance', 'Werewolves', 'Shapeshifters']"
9780679863717,Night of the Ninjas ,Mary Pope Osborne,Random House,English,"['Childrens', 'Fantasy', 'Fiction', 'Historical Fiction', 'Chapter Books', 'Adventure', 'Time Travel']"
9780312998363,Night Pleasures ,Sherrilyn Kenyon,St. Martin's Press,English,"['Romance', 'Paranormal', 'Paranormal Romance', 'Fantasy', 'Vampires', 'Urban Fantasy', 'Adult']"
9780786281299,Night Shift ,Nora Roberts,Thorndike Press,English,"['Romance', 'Romantic Suspense', 'Contemporary Romance', 'Contemporary', 'Mystery', 'Suspense', 'Fiction']"
9780786282197,Night Smoke ,Nora Roberts,Thorndike Press,English,"['Romance', 'Romantic Suspense', 'Contemporary', 'Mystery', 'Contemporary Romance', 'Fiction', 'Suspense']"
9780552154307,Night Watch ,Terry Pratchett,Corgi,English,"['Fantasy', 'Fiction', 'Humor', 'Comedy', 'Time Travel', 'Science Fiction Fantasy', 'Audiobook']"
9781401359799,Night Watch ,Sergei Lukyanenko,Miramax Books / Hyperion,English,"['Fantasy', 'Urban Fantasy', 'Fiction', 'Horror', 'Vampires', 'Paranormal', 'Russia']"
9780822208211,"'night, Mother",Marsha Norman,"Dramatists Play Service, Inc.",English,"['Plays', 'Drama', 'Theatre', 'Fiction', 'Classics', 'Mental Health', '20th Century']"
9780553290998,Nightfall,Isaac Asimov,Bantam Books,English,"['Science Fiction', 'Fiction', 'Science Fiction Fantasy', 'Short Stories', 'Classics', 'Fantasy', 'Speculative Fiction']"
9780061720772,Nightfall ,L.J. Smith,HarperCollins Publishers,English,"['Vampires', 'Young Adult', 'Fantasy', 'Paranormal', 'Romance', 'Supernatural', 'Paranormal Romance']"
9780450610097,Nightmares and Dreamscapes,Stephen King,Hodder and Stoughton,English,"['Horror', 'Short Stories', 'Fiction', 'Fantasy', 'Thriller', 'Anthologies', 'Mystery']"
9780670823079,Nightmares in the Sky: Gargoyles and Grotesques,Stephen King,Viking,English,"['Nonfiction', 'Art', 'Horror', 'Photography', 'History', 'Gothic', 'Architecture']"
9780140077032,Nights at the Circus,Angela Carter,Penguin Books,English,"['Fiction', 'Fantasy', 'Magical Realism', 'Historical Fiction', 'Classics', 'Feminism', 'Novels']"
9780373075294,Nightshade ,Nora Roberts,Silhouette Books,English,"['Romance', 'Romantic Suspense', 'Contemporary Romance', 'Contemporary', 'Suspense', 'Fiction', 'Mystery']"
9780399254826,Nightshade ,Andrea Cremer,Philomel,English,"['Young Adult', 'Fantasy', 'Paranormal', 'Werewolves', 'Romance', 'Paranormal Romance', 'Supernatural']"
9780062980076,Nine Lives,Peter  Swanson,William Morrow,English,"['Mystery', 'Thriller', 'Mystery Thriller', 'Fiction', 'Audiobook', 'Adult', 'Crime']"
9780743496728,Nineteen Minutes,Jodi Picoult,Atria,English,"['Fiction', 'Contemporary', 'Chick Lit', 'Adult', 'Drama', 'Adult Fiction', 'Young Adult']"
9781250313072,Ninth House ,Leigh Bardugo,Flatiron Books,English,"['Fantasy', 'Mystery', 'Fiction', 'Horror', 'Adult', 'Paranormal', 'Urban Fantasy']"
9780060725129,Ninth Key ,Jenny Carroll,HarperTeen,English,"['Young Adult', 'Fantasy', 'Paranormal', 'Romance', 'Ghosts', 'Fiction', 'Supernatural']"
9780312421434,No Logo,Naomi Klein,Picador,English,"['Nonfiction', 'Politics', 'Economics', 'Business', 'Sociology', 'History', 'Society']"
9781469905839,No More Wasted Time ,Beverly Preston,Beverly Preston,English,"['Romance', 'Contemporary Romance', 'Contemporary', 'Erotica', 'Amazon', 'Adult', 'Chick Lit']"
9781400031603,Noises Off: A Play in Three Acts,Michael Frayn,Knopf Doubleday Publishing Group,English,"['Plays', 'Drama', 'Theatre', 'Humor', 'Fiction', 'Comedy', 'Classics']"
9781982179007,None of This Is True,Lisa Jewell,Atria Books,English,"['Thriller', 'Mystery', 'Fiction', 'Mystery Thriller', 'Audiobook', 'Suspense', 'Crime']"
9780593420034,Nora Goes Off Script,Annabel Monaghan,G.P. Putnam's Sons,English,"['Romance', 'Fiction', 'Audiobook', 'Contemporary', 'Chick Lit', 'Contemporary Romance', 'Adult']"
9781984822178,Normal People,Sally Rooney,Hogarth,English,"['Fiction', 'Romance', 'Contemporary', 'Literary Fiction', 'Audiobook', 'Ireland', 'Adult']"
9780451200815,North and South ,John Jakes,Berkley,English,"['Historical Fiction', 'Fiction', 'Historical', 'Civil War', 'War', 'Classics', 'Romance']"
9780316025058,North of Beautiful,Justina Chen,"Little, Brown Books for Young Readers",English,"['Young Adult', 'Romance', 'Contemporary', 'Realistic Fiction', 'Fiction', 'Teen', 'Chick Lit']"
9781837519446,Not in a Billion Years ,Camilla Isley,Boldwood Books,English,"['Romance', 'Contemporary', 'Chick Lit', 'Contemporary Romance', 'Fiction', 'Adult', 'Humor']"
9780380727506,Notes from a Small Island,Bill Bryson,William Morrow Paperbacks,English,"['Travel', 'Nonfiction', 'Humor', 'Memoir', 'British Literature', 'Biography', 'Audiobook']"
9780063052734,Notes on an Execution,Danya Kukafka,William Morrow,English,"['Fiction', 'Thriller', 'Mystery', 'Mystery Thriller', 'Contemporary', 'Audiobook', 'Crime']"
9780063052734,Notes on an Execution,Danya Kukafka,William Morrow,English,"['Fiction', 'Thriller', 'Mystery', 'Mystery Thriller', 'Contemporary', 'Audiobook', 'Crime']"
9780743203173,Nothing Like It in the World: The Men Who Built the Transcontinental Railroad 1863-69,Stephen E. Ambrose,Simon & Schuster (NYC),English,"['History', 'Nonfiction', 'American History', 'Historical', 'Westerns', 'Railways', 'Business']"
9780140255102,Novel Without a Name,Dương Thu Hương,Penguin Books,English,"['Fiction', 'War', 'Historical Fiction', 'Asia', 'Asian Literature', 'Literature', 'Novels']"
9780553522358,Now I Rise ,Kiersten White,Delacorte Press,English,"['Historical Fiction', 'Young Adult', 'Fantasy', 'Historical', 'LGBT', 'Fiction', 'Romance']"
9780440227533,Number the Stars,Lois Lowry,Laurel Leaf,English,"['Historical Fiction', 'Young Adult', 'Fiction', 'Classics', 'Childrens', 'Historical', 'Middle Grade']"
9780812966923,Number9Dream,David Mitchell,Random House Trade Paperbacks,English,"['Fiction', 'Japan', 'Fantasy', 'Magical Realism', 'Contemporary', 'Literary Fiction', 'Novels']"
9780449003787,O is for Outlaw ,Sue Grafton,Ballantine Books,English,"['Mystery', 'Fiction', 'Crime', 'Detective', 'Mystery Thriller', 'Audiobook', 'Suspense']"
9780515134506,Obsidian Butterfly ,Laurell K. Hamilton,Berkley,English,"['Urban Fantasy', 'Vampires', 'Paranormal', 'Fantasy', 'Romance', 'Horror', 'Paranormal Romance']"
9780553499193,Obsidio ,Amie Kaufman,Knopf Books for Young Readers,English,"['Science Fiction', 'Young Adult', 'Romance', 'Fantasy', 'Fiction', 'Audiobook', 'Space']"
9780441013340,Od Magic,Patricia A. McKillip,Penguin Publishing Group,English,"['Fantasy', 'Fiction', 'Magic', 'Young Adult', 'Science Fiction Fantasy', 'Adult', 'High Fantasy']"
9780553384284,Odd Thomas ,Dean Koontz,Bantam,English,"['Horror', 'Fiction', 'Fantasy', 'Mystery', 'Thriller', 'Paranormal', 'Supernatural']"
9780517405093,Of Love and Other Demons,Gabriel García Márquez,Random House Value Publishing,English,"['Fiction', 'Classics', 'Magical Realism', 'Historical Fiction', 'Romance', 'Literature', 'Latin American']"
9780553383836,Of Love and Shadows,Isabel Allende,Dial Press Trade Paperback,English,"['Historical Fiction', 'Romance', 'Magical Realism', 'Spanish Literature', 'Latin American', 'Novels', 'Literature']"
9780590925693,Officer Buckle and Gloria,Peggy Rathmann,Scholastic Inc.,English,"['Picture Books', 'Childrens', 'Fiction', 'Animals', 'Humor', 'Dogs', 'School']"
9780679805274,"Oh, the Places You’ll Go!",Dr. Seuss,Random House Books for Young Readers,English,"['Childrens', 'Picture Books', 'Fiction', 'Classics', 'Poetry', 'Fantasy', 'Young Adult']"
9781933372136,Old Filth ,Jane Gardam,Europa Editions,English,"['Fiction', 'Historical Fiction', 'British Literature', 'Literary Fiction', 'Historical', 'Book Club', 'Novels']"
9781250786173,Olga Dies Dreaming,Xóchitl González,Flatiron Books,English,"['Fiction', 'Contemporary', 'Audiobook', 'Romance', 'Literary Fiction', 'LGBT', 'Adult']"
9780689829536,Olivia ,Ian Falconer,Atheneum Books for Young Readers,English,"['Picture Books', 'Childrens', 'Fiction', 'Animals', 'Humor', 'Family', 'Fantasy']"
9780441010165,Ombria in Shadow,Patricia A. McKillip,Ace,English,"['Fantasy', 'Fiction', 'High Fantasy', 'Science Fiction Fantasy', 'Young Adult', 'Magic', 'Adult']"
9780374523503,Omeros,Derek Walcott,"Farrar, Straus and Giroux",English,"['Poetry', 'Fiction', 'Classics', 'Literature', 'Nobel Prize', 'Mythology', 'Epic']"
9780345338587,On a Pale Horse ,Piers Anthony,Del Rey,English,"['Fantasy', 'Fiction', 'Science Fiction', 'Urban Fantasy', 'Science Fiction Fantasy', 'Magic', 'Paranormal']"
9780671577933,On Basilisk Station ,David Weber,Baen,English,"['Science Fiction', 'Space Opera', 'Fiction', 'Military Fiction', 'Science Fiction Fantasy', 'Space', 'Military Science Fiction']"
9781416509370,On Basilisk Station ,David Weber,Baen,English,"['Science Fiction', 'Space Opera', 'Fiction', 'Military Fiction', 'Science Fiction Fantasy', 'Space', 'Military Science Fiction']"
9780143037743,On Beauty,Zadie Smith,Penguin Books,English,"['Fiction', 'Contemporary', 'Novels', 'Literary Fiction', 'Literature', 'British Literature', 'Adult Fiction']"
9780224081184,On Chesil Beach,Ian McEwan,Jonathan Cape,English,"['Fiction', 'Historical Fiction', 'Literary Fiction', 'Contemporary', 'Romance', 'British Literature', 'Literature']"
9780525562023,On Earth We're Briefly Gorgeous,Ocean Vuong,Penguin Press,English,"['Fiction', 'Poetry', 'LGBT', 'Contemporary', 'Queer', 'Literary Fiction', 'Adult']"
9781930235328,On Stranger Tides,Tim Powers,Babbage Pr,English,"['Fantasy', 'Pirates', 'Fiction', 'Historical Fiction', 'Adventure', 'Historical', 'Horror']"
9780670070299,On the Jellicoe Road,Melina Marchetta,Penguin Australia,English,"['Young Adult', 'Contemporary', 'Fiction', 'Mystery', 'Romance', 'Realistic Fiction', 'Australia']"
9780743455961,On Writing: A Memoir of the Craft,Stephen King,Pocket Books,English,"['Nonfiction', 'Writing', 'Memoir', 'Biography', 'Audiobook', 'Reference', 'Autobiography']"
9780743455961,On Writing: A Memoir of the Craft,Stephen King,Pocket Books,English,"['Nonfiction', 'Writing', 'Memoir', 'Biography', 'Audiobook', 'Reference', 'Autobiography']"
9780613926232,Once a Hero ,Elizabeth Moon,Baen Books,English,"['Science Fiction', 'Space Opera', 'Fiction', 'Military Fiction', 'Space', 'Science Fiction Fantasy', 'Military Science Fiction']"
9781416530732,Once and Always ,Judith McNaught,Pocket Books,English,"['Historical Romance', 'Romance', 'Historical', 'Historical Fiction', 'Regency', 'Fiction', 'Adult']"
9780061783203,Once Burned ,Jeaniene Frost,Avon,English,"['Paranormal', 'Vampires', 'Romance', 'Paranormal Romance', 'Urban Fantasy', 'Fantasy', 'Adult']"
9780061245091,One Foot in the Grave ,Jeaniene Frost,Avon,English,"['Vampires', 'Paranormal', 'Urban Fantasy', 'Paranormal Romance', 'Fantasy', 'Adult', 'Supernatural']"
9780312362089,One for the Money ,Janet Evanovich,St. Martin's Griffin,English,"['Mystery', 'Fiction', 'Humor', 'Chick Lit', 'Romance', 'Crime', 'Mystery Thriller']"
9780061783197,One Grave at a Time ,Jeaniene Frost,Avon Books,English,"['Vampires', 'Urban Fantasy', 'Paranormal', 'Paranormal Romance', 'Romance', 'Fantasy', 'Adult']"
9781982166793,One Italian Summer,Rebecca Serle,Atria Books,English,"['Fiction', 'Romance', 'Audiobook', 'Contemporary', 'Magical Realism', 'Chick Lit', 'Italy']"
9781250244499,One Last Stop,Casey McQuiston,Griffin,English,"['LGBT', 'Queer', 'Contemporary', 'Fiction', 'Lesbian', 'Audiobook', 'Adult']"
9780593565377,One of Us Is Lying ,Karen M. McManus,Delacorte Press,English,"['Mystery', 'Young Adult', 'Thriller', 'Fiction', 'Contemporary', 'Mystery Thriller', 'Romance']"
9780525707967,One of Us Is Next ,Karen M. McManus,Delacorte Press for Young Readers,English,"['Mystery', 'Young Adult', 'Thriller', 'Mystery Thriller', 'Fiction', 'Contemporary', 'Audiobook']"
9781400031511,One Step Behind ,Henning Mankell,Vintage Crime/Black Lizard,English,"['Mystery', 'Crime', 'Fiction', 'Thriller', 'Sweden', 'Scandinavian Literature', 'Detective']"
9781400031511,One Step Behind ,Henning Mankell,Vintage Crime/Black Lizard,English,"['Mystery', 'Crime', 'Fiction', 'Thriller', 'Sweden', 'Scandinavian Literature', 'Detective']"
9780525510444,One to Watch,Kate Stayman-London,Dial Press,English,"['Romance', 'Fiction', 'Contemporary', 'Chick Lit', 'Audiobook', 'Adult', 'Contemporary Romance']"
9780988369467,One Week Girlfriend ,Monica  Murphy,Monica Murphy,English,"['New Adult', 'Romance', 'Contemporary', 'College', 'Contemporary Romance', 'Abuse', 'Young Adult']"
9781250109309,One with You ,Sylvia Day,St. Martin's Griffin,English,"['Romance', 'Erotica', 'Contemporary Romance', 'Contemporary', 'Adult', 'Fiction', 'Erotic Romance']"
9781250236609,Oona Out of Order,Margarita Montimore,Flatiron Books,English,"['Fiction', 'Time Travel', 'Audiobook', 'Science Fiction', 'Contemporary', 'Fantasy', 'Magical Realism']"
9780345435163,Open House,Elizabeth Berg,Ballantine Books,English,"['Fiction', 'Chick Lit', 'Contemporary', 'Romance', 'Adult Fiction', 'Adult', 'Novels']"
9780679435754,Open Secrets,Alice Munro,Alfred A. Knopf,English,"['Short Stories', 'Fiction', 'Canada', 'Contemporary', 'Literary Fiction', 'Nobel Prize', 'Literature']"
9781400079094,Operating Instructions: A Journal of My Son's First Year,Anne Lamott,Anchor,English,"['Memoir', 'Parenting', 'Nonfiction', 'Humor', 'Biography', 'Biography Memoir', 'Essays']"
9781622662647,Opposition ,Jennifer L. Armentrout,Entangled Teen,English,"['Young Adult', 'Fantasy', 'Romance', 'Paranormal', 'Aliens', 'Science Fiction', 'Paranormal Romance']"
9780385514231,Origin ,Dan Brown,Doubleday,English,"['Fiction', 'Thriller', 'Mystery', 'Mystery Thriller', 'Audiobook', 'Suspense', 'Adventure']"
9780525429562,Originals: How Non-Conformists Move the World,Adam M. Grant,Viking,English,"['Nonfiction', 'Business', 'Psychology', 'Self Help', 'Leadership', 'Personal Development', 'Audiobook']"
9780702229787,Oscar and Lucinda,Peter Carey,University of Queensland Press,English,"['Fiction', 'Historical Fiction', 'Australia', 'Romance', 'Classics', 'Historical', 'Literary Fiction']"
9780140096613,Oscar Wilde: A Biography,Richard Ellmann,Penguin Canada,English,"['Biography', 'Nonfiction', 'History', 'Biography Memoir', 'Literature', 'Classics', 'LGBT']"
9780062380883,Our Dark Duet ,Victoria Schwab,Greenwillow Books,English,"['Fantasy', 'Young Adult', 'Dystopia', 'Paranormal', 'Urban Fantasy', 'Fiction', 'Young Adult Fantasy']"
9781945519178,Our Dark Stars,Audrey  Grey,"Blaze Publishing, LLC",English,"['Science Fiction', 'Young Adult', 'Romance', 'Fantasy', 'Space', 'Young Adult Science Fiction', 'Fiction']"
9781529017229,Our Wives Under the Sea,Julia Armfield,Picador,English,"['Horror', 'Fiction', 'LGBT', 'Queer', 'Lesbian', 'Contemporary', 'Literary Fiction']"
9781400078370,Out,Natsuo Kirino,Vintage,English,"['Fiction', 'Japan', 'Thriller', 'Mystery', 'Japanese Literature', 'Horror', 'Crime']"
9781477867181,Out of Breath ,Rebecca    Donovan,Skyscape,English,"['Romance', 'Young Adult', 'New Adult', 'Contemporary', 'Abuse', 'Contemporary Romance', 'College']"
9780439771276,Out of the Dust,Karen Hesse,Scholastic Inc.,English,"['Historical Fiction', 'Poetry', 'Young Adult', 'Fiction', 'Middle Grade', 'Childrens', 'Historical']"
9781778027789,Out on a Limb,Hannah Bonam-Young,,,"['Romance', 'Contemporary Romance', 'Contemporary', 'Adult', 'Disability', 'Fiction', 'Audiobook']"
9780425106877,Outbreak ,Robin Cook,G.P. Putnam's Sons,English,"['Fiction', 'Thriller', 'Mystery', 'Medical', 'Horror', 'Science Fiction', 'Mystery Thriller']"
9780142401422,Outcast of Redwall ,Brian Jacques,Firebird,English,"['Fantasy', 'Fiction', 'Young Adult', 'Childrens', 'Animals', 'Adventure', 'Middle Grade']"
9780440242949,Outlander ,Diana Gabaldon,Dell Publishing Company,English,"['Historical Fiction', 'Romance', 'Fantasy', 'Fiction', 'Time Travel', 'Historical', 'Historical Romance']"
9781635575439,Outlawed,Anna North,Bloomsbury Publishing,English,"['Historical Fiction', 'Fiction', 'Westerns', 'LGBT', 'Historical', 'Queer', 'Feminism']"
9780316017923,Outliers: The Story of Success,Malcolm Gladwell,"Little, Brown and Company",English,"['Nonfiction', 'Psychology', 'Business', 'Self Help', 'Sociology', 'Science', 'Audiobook']"
9780805042023,Outrageous Acts and Everyday Rebellions,Gloria Steinem,Holt Paperbacks,English,"['Feminism', 'Nonfiction', 'Essays', 'Memoir', 'Politics', 'Womens', 'Biography']"
9780345466624,Over the Edge ,Jonathan Kellerman,Ballantine Books,English,"['Mystery', 'Fiction', 'Crime', 'Thriller', 'Mystery Thriller', 'Suspense', 'Audiobook']"
9780688114497,Owen,Kevin Henkes,Greenwillow Books,English,"['Picture Books', 'Childrens', 'Fiction', 'Animals', 'Fantasy', 'Family', 'School']"
9781440634079,P is for Peril ,Sue Grafton,Putnam Adult,,"['Mystery', 'Fiction', 'Crime', 'Detective', 'Mystery Thriller', 'Audiobook', 'Thriller']"
9780553276329,Pacific Vortex! ,Clive Cussler,Bantam,English,"['Adventure', 'Fiction', 'Thriller', 'Action', 'Mystery', 'Suspense', 'Mystery Thriller']"
9780553276329,Pacific Vortex! ,Clive Cussler,Bantam,English,"['Adventure', 'Fiction', 'Thriller', 'Action', 'Mystery', 'Suspense', 'Mystery Thriller']"
9782264022448,Paddy Clarke Ha Ha Ha,Roddy Doyle,Editions 10/18,French,"['Fiction', 'Ireland', 'Irish Literature', 'Novels', 'Literary Fiction', 'Contemporary', 'Coming Of Age']"
9780380818617,Paladin of Souls ,Lois McMaster Bujold,HarperTorch,English,"['Fantasy', 'Fiction', 'Hugo Awards', 'Romance', 'Science Fiction Fantasy', 'High Fantasy', 'Epic Fantasy']"
9780440200048,Pale Kings And Princes ,Robert B. Parker,Dell,English,"['Mystery', 'Fiction', 'Crime', 'Detective', 'Thriller', 'Mystery Thriller', 'Hard Boiled']"
9780061978067,Pandemonium ,Lauren Oliver,HarperTeen,English,"['Young Adult', 'Dystopia', 'Romance', 'Fantasy', 'Science Fiction', 'Fiction', 'Teen']"
9788466302944,Pandora ,Anne Rice,Punto de lectura,Spanish; Castilian,"['Horror', 'Vampires', 'Fantasy', 'Fiction', 'Paranormal', 'Supernatural', 'Historical Fiction']"
9780345461629,Pandora's Star ,Peter F. Hamilton,Del Rey,English,"['Science Fiction', 'Fiction', 'Space Opera', 'Audiobook', 'Science Fiction Fantasy', 'Fantasy', 'Space']"
9780142414934,Paper Towns,John Green,Speak,English,"['Young Adult', 'Fiction', 'Contemporary', 'Romance', 'Mystery', 'Realistic Fiction', 'Coming Of Age']"
9780446675505,Parable of the Sower ,Octavia E. Butler,Grand Central Publishing,English,"['Fiction', 'Science Fiction', 'Dystopia', 'Fantasy', 'Classics', 'Post Apocalyptic', 'Speculative Fiction']"
9780061985843,Paranormalcy ,Kiersten White,HarperTeen,English,"['Young Adult', 'Paranormal', 'Fantasy', 'Romance', 'Vampires', 'Urban Fantasy', 'Supernatural']"
9780062882943,Parkland: Birth of a Movement,Dave Cullen,Harper,English,"['Nonfiction', 'True Crime', 'Politics', 'History', 'Crime', 'Audiobook', 'Social Justice']"
9781538704370,Part of Your World ,Abby Jimenez,Forever,English,"['Romance', 'Contemporary', 'Fiction', 'Audiobook', 'Contemporary Romance', 'Adult', 'Chick Lit']"
9780062071040,Partials ,Dan Wells,Balzer + Bray,English,"['Young Adult', 'Dystopia', 'Science Fiction', 'Post Apocalyptic', 'Fiction', 'Fantasy', 'Romance']"
9780553580518,Passage,Connie Willis,Bantam,English,"['Science Fiction', 'Fiction', 'Fantasy', 'Science Fiction Fantasy', 'Time Travel', 'Speculative Fiction', 'Mystery']"
9781484715772,Passenger ,Alexandra Bracken,Disney-Hyperion,English,"['Fantasy', 'Young Adult', 'Time Travel', 'Historical Fiction', 'Romance', 'Science Fiction', 'Historical']"
9780385739160,Passion ,Lauren Kate,Delacorte Press,English,"['Young Adult', 'Fantasy', 'Angels', 'Romance', 'Paranormal', 'Paranormal Romance', 'Supernatural']"
9780812508642,Pastwatch: The Redemption of Christopher Columbus,Orson Scott Card,Tor,English,"['Science Fiction', 'Fiction', 'Time Travel', 'Historical Fiction', 'Fantasy', 'Alternate History', 'Science Fiction Fantasy']"
9780395514276,Paths of Resistance: The Art and Craft of the Political Novel,William Zinsser,Houghton Mifflin,English,['Writing']
9780671877675,Paths to Otherwhere,James P. Hogan,Baen,English,"['Science Fiction', 'Fiction', 'Speculative Fiction', 'Alternate History', 'Collections', 'Science Fiction Fantasy']"
9780679752936,Patrimony,Philip Roth,Vintage,English,"['Memoir', 'Nonfiction', 'Biography', 'American', 'Biography Memoir', 'The United States Of America', 'Literature']"
9780425134351,Patriot Games ,Tom Clancy,Berkley,English,"['Fiction', 'Thriller', 'Mystery', 'Suspense', 'Espionage', 'Action', 'Military Fiction']"
9780425198681,Pattern Recognition ,William Gibson,Berkley Books,English,"['Science Fiction', 'Fiction', 'Cyberpunk', 'Mystery', 'Thriller', 'Science Fiction Fantasy', 'Novels']"
9780345468642,Pawn of Prophecy ,David Eddings,Del Rey,English,"['Fantasy', 'Fiction', 'Epic Fantasy', 'High Fantasy', 'Young Adult', 'Science Fiction Fantasy', 'Adventure']"
9780345468642,Pawn of Prophecy ,David Eddings,Del Rey,English,"['Fantasy', 'Fiction', 'Epic Fantasy', 'High Fantasy', 'Young Adult', 'Science Fiction Fantasy', 'Adventure']"
9780802139252,Peace Like a River,Leif Enger,Grove Pr,English,"['Fiction', 'Historical Fiction', 'Book Club', 'Literary Fiction', 'Novels', 'Adult Fiction', 'Adult']"
9780316286732,Peach Blossom Spring,Melissa Fu,"Little, Brown and Company",English,"['Historical Fiction', 'Fiction', 'Historical', 'China', 'War', 'Asia', 'Asian Literature']"
9780142401446,Pearls of Lutra ,Brian Jacques,Firebird,English,"['Fantasy', 'Fiction', 'Young Adult', 'Childrens', 'Animals', 'Adventure', 'Middle Grade']"
9781595140838,Peeps ,Scott Westerfeld,Razorbill,English,"['Young Adult', 'Vampires', 'Fantasy', 'Science Fiction', 'Fiction', 'Paranormal', 'Horror']"
9781400064663,Peony in Love,Lisa See,Random House,English,"['Historical Fiction', 'Fiction', 'China', 'Romance', 'Historical', 'Asia', 'Fantasy']"
9780684848594,People of the Lie: The Hope for Healing Human Evil,M. Scott Peck,Touchstone,English,"['Psychology', 'Nonfiction', 'Self Help', 'Religion', 'Spirituality', 'Philosophy', 'Christian']"
9781984806758,People We Meet on Vacation,Emily Henry,Berkley,English,"['Romance', 'Fiction', 'Contemporary', 'Contemporary Romance', 'Audiobook', 'Adult', 'Chick Lit']"
9780345459404,Perdido Street Station ,China Miéville,Ballantine Del Rey,English,"['Fantasy', 'Fiction', 'Science Fiction', 'Steampunk', 'Horror', 'Urban Fantasy', 'New Weird']"
9780743474177,Perfect ,Judith McNaught,Pocket,English,"['Romance', 'Contemporary Romance', 'Contemporary', 'Fiction', 'Historical Romance', 'Chick Lit', 'Adult']"
9780802798237,Perfect Chemistry ,Simone Elkeles,Walker Childrens,English,"['Romance', 'Young Adult', 'Contemporary', 'High School', 'Contemporary Romance', 'Fiction', 'New Adult']"
9780140120837,Perfume: The Story of a Murderer,Patrick Süskind,Penguin Books,English,"['Fiction', 'Classics', 'Historical Fiction', 'Horror', 'Thriller', 'Mystery', 'Crime']"
9780375714665,Persepolis 2: The Story of a Return ,Marjane Satrapi,Pantheon,English,"['Graphic Novels', 'Nonfiction', 'Comics', 'Memoir', 'Biography', 'History', 'Iran']"
9780375701047,Personal History: A Memoir,Katharine Graham,Vintage,English,"['Biography', 'Nonfiction', 'Memoir', 'History', 'Autobiography', 'Biography Memoir', 'Politics']"
9780440241003,Persuader ,Lee Child,Dell,English,"['Thriller', 'Fiction', 'Mystery', 'Crime', 'Action', 'Suspense', 'Mystery Thriller']"
9781986665810,Pestilence ,Laura Thalassa,CreateSpace,English,"['Fantasy', 'Romance', 'Paranormal', 'New Adult', 'Paranormal Romance', 'Fantasy Romance', 'Dystopia']"
9781416524342,Pet Sematary,Stephen King,Pocket,English,"['Horror', 'Fiction', 'Thriller', 'Fantasy', 'Audiobook', 'Paranormal', 'Adult']"
9780786849079,Peter and the Starcatchers ,Dave Barry,Disney Hyperion,English,"['Fantasy', 'Young Adult', 'Fiction', 'Middle Grade', 'Adventure', 'Childrens', 'Retellings']"
9780786849079,Peter and the Starcatchers ,Dave Barry,Disney Hyperion,English,"['Fantasy', 'Young Adult', 'Fiction', 'Middle Grade', 'Adventure', 'Childrens', 'Retellings']"
9780385302968,Phantom,Susan  Kay,Delacorte Press,English,"['Fiction', 'Historical Fiction', 'Romance', 'Fantasy', 'Retellings', 'Historical', 'Classics']"
9780425181102,Phantoms,Dean Koontz,Berkley,English,"['Horror', 'Fiction', 'Thriller', 'Suspense', 'Mystery', 'Science Fiction', 'Paranormal']"
9780425185506,Picture Perfect,Jodi Picoult,Berkley,English,"['Fiction', 'Contemporary', 'Romance', 'Chick Lit', 'Drama', 'Adult Fiction', 'Adult']"
1230000128935,Pieces of You ,Cassia Leo,Cassia Leo,English,"['Romance', 'New Adult', 'Contemporary Romance', 'College', 'Contemporary', 'Young Adult', 'Drama']"
9781635575637,Piranesi,Susanna Clarke,Bloomsbury,English,"['Fantasy', 'Fiction', 'Mystery', 'Magical Realism', 'Mythology', 'Adult', 'Literary Fiction']"
9780679824251,Pirates Past Noon ,Mary Pope Osborne,Random House Books for Young Readers,English,"['Fantasy', 'Childrens', 'Fiction', 'Chapter Books', 'Historical Fiction', 'Adventure', 'Pirates']"
9780061449123,Plague ,Michael  Grant,Katherine Tegen Books,English,"['Young Adult', 'Dystopia', 'Science Fiction', 'Fantasy', 'Fiction', 'Horror', 'Paranormal']"
9780743275019,Plain Truth,Jodi Picoult,Atria,English,"['Fiction', 'Mystery', 'Contemporary', 'Chick Lit', 'Amish', 'Adult Fiction', 'Drama']"
9780375705854,Plainsong ,Kent Haruf,Vintage,English,"['Fiction', 'Literary Fiction', 'Contemporary', 'Novels', 'Literature', 'Adult Fiction', 'Book Club']"
2940016319506,Play with Me ,Kristen Proby,Kristen Pro,English,"['Romance', 'Contemporary Romance', 'Sports', 'Contemporary', 'Sports Romance', 'Erotica', 'New Adult']"
9781922261069,Playing with Demons,Cally Edwards,MoshPit Publishing,English,"['Fantasy', 'Paranormal', 'Demons', 'Urban Fantasy', 'Angels', 'Romance', 'Paranormal Romance']"
9798680019214,Playing with Fire,L.J. Shen,Independently published,English,"['Romance', 'New Adult', 'College', 'Contemporary', 'Contemporary Romance', 'Sports', 'Sports Romance']"
9780446679084,Plum Island ,Nelson DeMille,Grand Central Publishing,English,"['Fiction', 'Mystery', 'Thriller', 'Suspense', 'Mystery Thriller', 'Crime', 'Detective']"
9780679435822,Poetry for Cats: The Definitive Anthology of Distinguished Feline Verse,Henry N. Beard,Villard,English,"['Poetry', 'Cats', 'Humor', 'Animals', 'Nonfiction', 'Comedy', 'Anthologies']"
9780751530483,Point of Origin ,Patricia Cornwell,Time Warner,English,"['Mystery', 'Fiction', 'Crime', 'Thriller', 'Mystery Thriller', 'Suspense', 'Murder Mystery']"
9780373802302,Poison Study ,Maria V. Snyder,Luna,English,"['Fantasy', 'Young Adult', 'Romance', 'Magic', 'Fiction', 'Young Adult Fantasy', 'High Fantasy']"
9780778327110,Poison Study ,Maria V. Snyder,MIRA,English,"['Fantasy', 'Young Adult', 'Romance', 'Magic', 'Fiction', 'Young Adult Fantasy', 'High Fantasy']"
9780449205877,Poland,James A. Michener,Fawcett Crest,English,"['Historical Fiction', 'Fiction', 'Poland', 'Historical', 'Novels', 'American', 'Travel']"
9780679883418,Polar Bears Past Bedtime ,Mary Pope Osborne,Random House Books for Young Readers,English,"['Childrens', 'Fantasy', 'Fiction', 'Chapter Books', 'Adventure', 'Historical Fiction', 'Middle Grade']"
9780345367655,Polar Star ,Martin Cruz Smith,Ballantine Books,English,"['Fiction', 'Mystery', 'Thriller', 'Crime', 'Russia', 'Mystery Thriller', 'Detective']"
9780345422552,Polgara the Sorceress,David Eddings,Del Rey,English,"['Fantasy', 'Fiction', 'Epic Fantasy', 'Science Fiction Fantasy', 'High Fantasy', 'Magic', 'Young Adult']"
9780025427303,Politically Correct Bedtime Stories,James Finn Garner,MacMillan Publishing Company,English,"['Humor', 'Fiction', 'Short Stories', 'Fantasy', 'Fairy Tales', 'Comedy', 'Retellings']"
9780812974614,Pompeii,Robert   Harris,Random House Trade Paperbacks,English,"['Historical Fiction', 'Fiction', 'Historical', 'Italy', 'Thriller', 'Mystery', 'Novels']"
9780552771849,Popcorn,Ben Elton,Black Swan,English,"['Fiction', 'Humor', 'Comedy', 'Crime', 'Contemporary', 'Thriller', 'Mystery']"
9780330376242,Portent,James Herbert,McClelland & Stewart/Tundra Books,English,"['Horror', 'Fiction', 'Fantasy', 'Thriller', 'Science Fiction', 'Paranormal', 'Audiobook']"
9780671789459,Possessing the Secret of Joy,Alice Walker,Washington Square Press,English,"['Fiction', 'Feminism', 'African American', 'Africa', 'Classics', 'Historical Fiction', 'Literature']"
9780679735908,Possession,A.S. Byatt,Vintage,English,"['Fiction', 'Historical Fiction', 'Romance', 'Classics', 'Mystery', 'Literary Fiction', 'Historical']"
9780152632243,Possum Magic,Mem Fox,Clarion Books,English,"['Picture Books', 'Childrens', 'Australia', 'Animals', 'Fiction', 'Fantasy', 'Classics']"
9781841155012,Postcards,Annie Proulx,Harpercollins Pb,English,"['Fiction', 'Short Stories', 'Novels', 'Historical Fiction', 'Literature', 'Literary Fiction', 'American']"
9780743466516,Postcards from the Edge,Carrie Fisher,Pocket,English,"['Fiction', 'Humor', 'Audiobook', 'Contemporary', 'Mental Health', 'Novels', 'Adult Fiction']"
9780743477154,Postmortem ,Patricia Cornwell,Pocket Books,English,"['Mystery', 'Crime', 'Fiction', 'Thriller', 'Mystery Thriller', 'Suspense', 'Murder Mystery']"
9780151731565,Postscript to the Name of the Rose,Umberto Eco,Houghton Mifflin Harcourt,English,"['Nonfiction', 'Literature', 'Essays', 'Books About Books', 'Italian Literature', 'Writing', 'Italy']"
9780593239919,"Poverty, by America",Matthew Desmond,Crown,English,"['Nonfiction', 'Politics', 'Sociology', 'History', 'Economics', 'Audiobook', 'Social Justice']"
9780593500804,Practice Makes Perfect ,Sarah       Adams,Dell,English,"['Romance', 'Contemporary', 'Contemporary Romance', 'Fiction', 'Audiobook', 'Adult', 'Chick Lit']"
9781386410171,"Preppy: The Life & Death of Samuel Clearwater, Part Three ",T.M. Frazier,,English,"['Dark', 'Romance', 'Contemporary', 'Contemporary Romance', 'Abuse', 'Adult', 'New Adult']"
9781682307922,"Preppy: The Life and Death of Samuel Clearwater, Part Two ",T.M. Frazier,EverAfter Romance,English,"['Romance', 'Dark', 'Contemporary Romance', 'Contemporary', 'Abuse', 'Adult', 'New Adult']"
9780446350983,Presumed Innocent ,Scott Turow,Grand Central Pub,English,"['Mystery', 'Fiction', 'Thriller', 'Crime', 'Legal Thriller', 'Mystery Thriller', 'Suspense']"
9780446350983,Presumed Innocent ,Scott Turow,Grand Central Pub,English,"['Mystery', 'Fiction', 'Thriller', 'Crime', 'Legal Thriller', 'Mystery Thriller', 'Suspense']"
9780689865398,Pretties ,Scott Westerfeld,Simon Pulse,English,"['Young Adult', 'Dystopia', 'Science Fiction', 'Fiction', 'Fantasy', 'Romance', 'Teen']"
9781095447413,Pretty Reckless ,L.J. Shen,L.J. Shen,English,"['Romance', 'New Adult', 'High School', 'Contemporary', 'Contemporary Romance', 'Young Adult', 'Sports']"
9780061015724,Prey,Michael Crichton,Avon,English,"['Fiction', 'Science Fiction', 'Thriller', 'Horror', 'Suspense', 'Mystery', 'Science Fiction Fantasy']"
9781594743344,Pride and Prejudice and Zombies ,Seth Grahame-Smith,Quirk Classics,English,"['Horror', 'Fiction', 'Fantasy', 'Zombies', 'Humor', 'Romance', 'Classics']"
9780812976472,Primary Colors,Anonymous,Random House,English,"['Fiction', 'Politics', 'Historical Fiction', 'Novels', 'Humor', 'Contemporary', 'Literature']"
9788086264356,Primeval and Other Times,Olga Tokarczuk,Twisted Spoon Press,English,"['Fiction', 'Polish Literature', 'Magical Realism', 'Poland', 'Contemporary', 'Nobel Prize', 'Novels']"
9781599900735,Princess Academy ,Shannon Hale,Bloomsbury Children's Books,English,"['Fantasy', 'Young Adult', 'Middle Grade', 'Fiction', 'Childrens', 'Romance', 'Fairy Tales']"
9780061479953,Princess in Love ,Meg Cabot,HarperTeen,English,"['Young Adult', 'Romance', 'Fiction', 'Contemporary', 'Chick Lit', 'Teen', 'Childrens']"
9780061543630,Princess in Pink ,Meg Cabot,HarperTeen,English,"['Young Adult', 'Romance', 'Contemporary', 'Chick Lit', 'Fiction', 'Teen', 'Childrens']"
9780061479946,Princess in the Spotlight ,Meg Cabot,HarperTeen,English,"['Young Adult', 'Romance', 'Fiction', 'Contemporary', 'Chick Lit', 'Teen', 'Childrens']"
9780061543647,Princess in Waiting ,Meg Cabot,HarperTeen,English,"['Young Adult', 'Romance', 'Fiction', 'Contemporary', 'Chick Lit', 'Teen', 'Childrens']"
9781599903224,Princess of the Midnight Ball ,Jessica Day George,Bloomsbury USA Childrens,English,"['Fantasy', 'Young Adult', 'Romance', 'Fairy Tales', 'Retellings', 'Fiction', 'Magic']"
9780380756278,Prisoner of My Desire,Johanna Lindsey,Avon,English,"['Historical Romance', 'Romance', 'Historical', 'Medieval', 'Historical Fiction', 'Medieval Romance', 'Fiction']"
9780425190388,Private Scandals,Nora Roberts,Berkley Trade,English,"['Romance', 'Romantic Suspense', 'Fiction', 'Contemporary Romance', 'Contemporary', 'Mystery', 'Suspense']"
9780062006721,Problem at Pollensa Bay ,Agatha Christie,William Morrow Paperbacks,English,"['Mystery', 'Crime', 'Short Stories', 'Fiction', 'Classics', 'Detective', 'Mystery Thriller']"
9780060959036,Prodigal Summer,Barbara Kingsolver,Harper Perennial,English,"['Fiction', 'Nature', 'Contemporary', 'Literary Fiction', 'Novels', 'Adult Fiction', 'Adult']"
9780399256769,Prodigy ,Marie Lu,Putnam Juvenile,English,"['Dystopia', 'Young Adult', 'Romance', 'Science Fiction', 'Fantasy', 'Fiction', 'Adventure']"
9780399256769,Prodigy ,Marie Lu,Putnam Juvenile,English,"['Dystopia', 'Young Adult', 'Romance', 'Science Fiction', 'Fantasy', 'Fiction', 'Adventure']"
9780593135204,Project Hail Mary,Andy Weir,Ballantine Books,English,"['Science Fiction', 'Fiction', 'Audiobook', 'Space', 'Fantasy', 'Adult', 'Thriller']"
9780425203934,Proof,Dick Francis,G.P. Putnam's Sons,English,"['Mystery', 'Fiction', 'Thriller', 'Crime', 'Mystery Thriller', 'Suspense', 'British Literature']"
9780425203934,Proof,Dick Francis,G.P. Putnam's Sons,English,"['Mystery', 'Fiction', 'Thriller', 'Crime', 'Mystery Thriller', 'Suspense', 'British Literature']"
9780571199976,Proof,David Auburn,"Farrar, Straus and Giroux",English,"['Plays', 'Drama', 'Theatre', 'Fiction', 'School', 'Read For School', 'Contemporary']"
9780571199976,Proof,David Auburn,"Farrar, Straus and Giroux",English,"['Plays', 'Drama', 'Theatre', 'Fiction', 'School', 'Read For School', 'Contemporary']"
9780451461032,Proven Guilty ,Jim Butcher,Ace,English,"['Fantasy', 'Urban Fantasy', 'Fiction', 'Mystery', 'Paranormal', 'Magic', 'Audiobook']"
9780553589474,Public Secrets,Nora Roberts,Bantam Books,English,"['Romance', 'Romantic Suspense', 'Fiction', 'Mystery', 'Contemporary', 'Contemporary Romance', 'Suspense']"
9780993800139,Pucked ,Helena Hunting,Helena Hunting,English,"['Romance', 'Sports', 'Sports Romance', 'Contemporary', 'Hockey', 'Contemporary Romance', 'New Adult']"
9780374460310,Pumpkin Soup,Helen  Cooper,Square Fish,English,"['Picture Books', 'Childrens', 'Animals', 'Halloween', 'Food', 'Fiction', 'Cats']"
9781250312853,Pumpkinheads,Rainbow Rowell,First Second,English,"['Graphic Novels', 'Young Adult', 'Romance', 'Contemporary', 'Comics', 'LGBT', 'Fiction']"
9780983157229,Pure ,Jennifer L. Armentrout,Spencer Hill Press,English,"['Fantasy', 'Young Adult', 'Paranormal', 'Romance', 'Mythology', 'Paranormal Romance', 'Urban Fantasy']"
9781455503063,Pure ,Julianna Baggott,Grand Central Publishing,English,"['Young Adult', 'Dystopia', 'Science Fiction', 'Fiction', 'Fantasy', 'Post Apocalyptic', 'Romance']"
9781616202415,Purple Hibiscus,Chimamanda Ngozi Adichie,Algonquin Books,English,"['Fiction', 'Africa', 'Historical Fiction', 'Nigeria', 'Contemporary', 'Literary Fiction', 'African Literature']"
9780373210497,Pushing the Limits ,Katie McGarry,Harlequin Teen,English,"['Romance', 'Young Adult', 'Contemporary', 'New Adult', 'Contemporary Romance', 'High School', 'Realistic Fiction']"
9780061020650,Pyramids ,Terry Pratchett,Harper,English,"['Fantasy', 'Fiction', 'Humor', 'Comedy', 'Science Fiction Fantasy', 'Audiobook', 'Magic']"
9780312199517,Quarantine,Jim Crace,Picador,English,"['Fiction', 'Historical Fiction', 'Religion', 'Literary Fiction', 'Literature', 'Novels', 'British Literature']"
9781619636040,Queen of Shadows ,Sarah J. Maas,Bloomsbury Publishing,English,"['Fantasy', 'Young Adult', 'Romance', 'Fae', 'Magic', 'Fiction', 'Young Adult Fantasy']"
9780345335654,Queen of Sorcery ,David Eddings,Del Rey,English,"['Fantasy', 'Fiction', 'Epic Fantasy', 'High Fantasy', 'Young Adult', 'Science Fiction Fantasy', 'Adventure']"
9780609810200,Queen of This Realm ,Jean Plaidy,Crown,English,"['Historical Fiction', 'Fiction', 'Historical', 'Tudor Period', 'British Literature', '16th Century', 'Romance']"
9780752849522,Quentins,Maeve Binchy,Orion,English,"['Fiction', 'Chick Lit', 'Romance', 'Ireland', 'Irish Literature', 'Contemporary', 'Adult Fiction']"
9780345379047,Quest for Lost Heroes ,David Gemmell,Del Rey,English,"['Fantasy', 'Fiction', 'Epic Fantasy', 'Heroic Fantasy', 'High Fantasy', 'Adventure', 'Science Fiction Fantasy']"
9780439321617,Quidditch Through the Ages,J.K. Rowling,Scholastic,English,"['Fantasy', 'Fiction', 'Young Adult', 'Childrens', 'Magic', 'Middle Grade', 'Audiobook']"
9780307352149,Quiet: The Power of Introverts in a World That Can't Stop Talking,Susan Cain,"Crown Publishing Group/Random House, Inc.",English,"['Nonfiction', 'Psychology', 'Self Help', 'Science', 'Business', 'Audiobook', 'Personal Development']"
9780449911945,Rabbit at Rest ,John Updike,Random House Trade Paperbacks,English,"['Fiction', 'Classics', 'Literature', 'Novels', 'American', 'Literary Fiction', 'Animals']"
9780449911945,Rabbit at Rest ,John Updike,Random House Trade Paperbacks,English,"['Fiction', 'Classics', 'Novels', 'Literature', 'American', 'Literary Fiction', 'Animals']"
9780140249439,Rabbit Is Rich ,John Updike,Penguin Books Ltd.,English,"['Fiction', 'Classics', 'American', 'Novels', 'Literature', 'Literary Fiction', '20th Century']"
9780061659225,Radiant Shadows ,Melissa Marr,Harper,English,"['Fantasy', 'Young Adult', 'Paranormal', 'Urban Fantasy', 'Romance', 'Fairies', 'Fae']"
9781301513468,Raid ,Kristen Ashley,Kristen Ashley,English,"['Romance', 'Contemporary Romance', 'Contemporary', 'Erotica', 'Military Fiction', 'BDSM', 'Adult']"
9780582417854,Rain Man,Leonore Fleischer,Addison Wesley Publishing Company,English,"['Fiction', 'Media Tie In', 'Novels', 'Contemporary', 'American', 'Classics', 'Mental Illness']"
9781616958558,Rainbirds,Clarissa Goenawan,Soho Press,English,"['Fiction', 'Mystery', 'Japan', 'Contemporary', 'Mystery Thriller', 'Literary Fiction', 'Thriller']"
9780425170342,Rainbow Six ,Tom Clancy,Berkley Books,English,"['Fiction', 'Thriller', 'Military Fiction', 'Action', 'Espionage', 'Adventure', 'Suspense']"
9782290032046,Rama II ,Arthur C. Clarke,J'ai lu,French,"['Science Fiction', 'Fiction', 'Science Fiction Fantasy', 'Space', 'Aliens', 'Novels', 'Fantasy']"
9780743254434,"Random Family: Love, Drugs, Trouble, and Coming of Age in the Bronx",Adrian Nicole LeBlanc,Scribner,English,"['Nonfiction', 'Sociology', 'Memoir', 'Biography', 'New York', 'Journalism', 'Poverty']"
9780743474184,Ransom ,Julie Garwood,Pocket Books,English,"['Historical Romance', 'Romance', 'Historical', 'Historical Fiction', 'Medieval', 'Fiction', 'Scotland']"
9780525456070,Rapunzel,Paul O. Zelinsky,Dutton Children's Books,English,"['Picture Books', 'Childrens', 'Fairy Tales', 'Fantasy', 'Fiction', 'Classics', 'Folklore']"
9781942095231,Rare and Precious Things ,Raine Miller,Raine Miller Romance,English,"['Romance', 'Erotica', 'Contemporary Romance', 'Contemporary', 'Erotic Romance', 'BDSM', 'Adult']"
9780141001760,Ravelstein,Saul Bellow,Penguin Books,English,"['Fiction', 'Novels', 'Literature', 'American', 'Literary Fiction', 'Classics', 'Jewish']"
9780441011872,Raven's Shadow ,Patricia Briggs,Ace,English,"['Fantasy', 'Magic', 'Fiction', 'Paranormal', 'High Fantasy', 'Romance', 'Adult']"
9780553588699,Ravished,Amanda Quick,Bantam,English,"['Historical Romance', 'Romance', 'Historical', 'Historical Fiction', 'Regency', 'Fiction', 'Beauty and The Beast']"
9780812971064,Reading Lolita in Tehran: A Memoir in Books,Azar Nafisi,Random House Trade Paperbacks,English,"['Nonfiction', 'Memoir', 'Biography', 'Iran', 'Books About Books', 'Feminism', 'History']"
9780307887436,Ready Player One ,Ernest Cline,Crown Publishers,English,"['Science Fiction', 'Fiction', 'Young Adult', 'Fantasy', 'Dystopia', 'Audiobook', 'Adventure']"
9780307887436,Ready Player One ,Ernest Cline,Crown Publishers,English,"['Science Fiction', 'Fiction', 'Young Adult', 'Fantasy', 'Dystopia', 'Audiobook', 'Adventure']"
9781301347940,Real ,Katy Evans,Smashwords,English,"['Romance', 'New Adult', 'Sports', 'Contemporary', 'Contemporary Romance', 'Sports Romance', 'Fighters']"
9780802757692,Real Murders ,Charlaine Harris,Walker & Company,English,"['Mystery', 'Fiction', 'Cozy Mystery', 'Crime', 'Mystery Thriller', 'Audiobook', 'Adult']"
9780552152952,Reaper Man ,Terry Pratchett,Corgi,English,"['Fantasy', 'Fiction', 'Humor', 'Comedy', 'Science Fiction Fantasy', 'Audiobook', 'Death']"
9780385733410,Rebel Angels ,Libba Bray,Ember,English,"['Fantasy', 'Young Adult', 'Historical Fiction', 'Historical', 'Fiction', 'Romance', 'Paranormal']"
9780698410428,Rebel of the Sands ,Alwyn Hamilton,Viking Books for Young Readers,English,"['Fantasy', 'Young Adult', 'Romance', 'Magic', 'Fiction', 'Young Adult Fantasy', 'Adventure']"
9780553293159,Reckless,Amanda Quick,Bantam Books,English,"['Romance', 'Historical Romance', 'Historical', 'Historical Fiction', 'Regency', 'Fiction', 'Mystery']"
9781250274250,Reckless Girls,Rachel Hawkins,St. Martin's Press,English,"['Thriller', 'Mystery', 'Fiction', 'Mystery Thriller', 'Audiobook', 'Suspense', 'Adult']"
9781595143952,Reckoning ,Lili St. Crow,Razorbill,English,"['Young Adult', 'Vampires', 'Paranormal', 'Fantasy', 'Urban Fantasy', 'Werewolves', 'Romance']"
9781524759780,Recursion,Blake Crouch,Ballantine Books,English,"['Science Fiction', 'Fiction', 'Thriller', 'Time Travel', 'Audiobook', 'Mystery', 'Mystery Thriller']"
9780879977900,"Red as Blood, or Tales from the Sisters Grimmer",Tanith Lee,DAW,English,"['Fantasy', 'Short Stories', 'Fairy Tales', 'Fiction', 'Horror', 'Retellings', 'Anthologies']"
9781400096985,Red Azalea: A Memoir,Anchee Min,Anchor,English,"['China', 'Memoir', 'Nonfiction', 'Asia', 'Biography', 'History', 'Biography Memoir']"
9780804105910,Red Branch,Morgan Llywelyn,Ivy Books,English,"['Fantasy', 'Historical Fiction', 'Fiction', 'Ireland', 'Historical', 'Mythology', 'Irish Literature']"
9781442403390,Red Glove ,Holly Black,Margaret K. McElderry Books,English,"['Young Adult', 'Fantasy', 'Urban Fantasy', 'Paranormal', 'Magic', 'Mystery', 'Romance']"
9780749936143,Red Lily ,Nora Roberts,Piatkus,English,"['Romance', 'Fiction', 'Paranormal', 'Contemporary Romance', 'Contemporary', 'Paranormal Romance', 'Fantasy']"
9780553560732,Red Mars ,Kim Stanley Robinson,Spectra Books,English,"['Science Fiction', 'Fiction', 'Science Fiction Fantasy', 'Space', 'Fantasy', 'Space Opera', 'Speculative Fiction']"
9780553560732,Red Mars ,Kim Stanley Robinson,Spectra Books,English,"['Science Fiction', 'Fiction', 'Science Fiction Fantasy', 'Space', 'Fantasy', 'Space Opera', 'Speculative Fiction']"
9781101988855,Red Sister ,Mark  Lawrence,Ace,English,"['Fantasy', 'Fiction', 'Adult', 'High Fantasy', 'Magic', 'Young Adult', 'Epic Fantasy']"
9780006472575,Red Square ,Martin Cruz Smith,"New York, NY, U.S.A. : Ballantine Publishing Group, 1993",English,"['Fiction', 'Mystery', 'Thriller', 'Russia', 'Crime', 'Detective', 'Mystery Thriller']"
9780394298665,Red Storm Rising,Tom Clancy,Random House Audio,English,"['Fiction', 'Thriller', 'Military Fiction', 'War', 'Action', 'Espionage', 'Suspense']"
9781862301382,Redwall ,Brian Jacques,Red Fox,English,"['Fantasy', 'Fiction', 'Young Adult', 'Childrens', 'Animals', 'Middle Grade', 'Adventure']"
9781862301382,Redwall ,Brian Jacques,Red Fox,English,"['Fantasy', 'Fiction', 'Young Adult', 'Childrens', 'Animals', 'Middle Grade', 'Adventure']"
9780425263914,Reflected in You ,Sylvia Day,Berkley,English,"['Romance', 'Erotica', 'Contemporary Romance', 'Contemporary', 'Adult', 'Erotic Romance', 'Fiction']"
9780140236231,Regeneration ,Pat Barker,Penguin Books Ltd,English,"['Historical Fiction', 'Fiction', 'War', 'Historical', 'World War I', 'British Literature', 'Literary Fiction']"
9780345544117,Release Me ,J. Kenner,Bantam,English,"['Romance', 'Erotica', 'BDSM', 'Contemporary Romance', 'Contemporary', 'Erotic Romance', 'Adult']"
1230000109478,Relentless ,Cassia Leo,Cassia Leo,English,"['New Adult', 'Romance', 'Contemporary Romance', 'Contemporary', 'College', 'Young Adult', 'Chick Lit']"
9780765354945,Relic ,Douglas Preston,Tor Books,English,"['Horror', 'Thriller', 'Mystery', 'Fiction', 'Science Fiction', 'Mystery Thriller', 'Suspense']"
9780765354952,Reliquary ,Douglas Preston,Tor Books,English,"['Thriller', 'Mystery', 'Horror', 'Fiction', 'Mystery Thriller', 'Suspense', 'Science Fiction']"
9780765354952,Reliquary ,Douglas Preston,Tor Books,English,"['Thriller', 'Mystery', 'Horror', 'Fiction', 'Mystery Thriller', 'Suspense', 'Science Fiction']"
9780063204157,Remarkably Bright Creatures,Shelby Van Pelt,Ecco,English,"['Fiction', 'Audiobook', 'Contemporary', 'Mystery', 'Magical Realism', 'Animals', 'Literary Fiction']"
9780679749516,Remembering Babylon,David Malouf,Vintage,English,"['Fiction', 'Australia', 'Historical Fiction', 'Literature', 'Historical', 'Classics', 'Literary Fiction']"
9780345462190,Remnant Population,Elizabeth Moon,Del Rey,English,"['Science Fiction', 'Fiction', 'Aliens', 'Science Fiction Fantasy', 'Fantasy', 'Audiobook', 'Space Opera']"
9781250044662,Renegades ,Marissa Meyer,Feiwel & Friends,English,"['Fantasy', 'Young Adult', 'Science Fiction', 'Dystopia', 'Fiction', 'Superheroes', 'Audiobook']"
9780688161125,Replay,Ken Grimwood,William Morrow Paperbacks,English,"['Science Fiction', 'Fiction', 'Time Travel', 'Fantasy', 'Audiobook', 'Science Fiction Fantasy', 'Romance']"
9780062014535,Requiem ,Lauren Oliver,HarperCollins Children's Books,English,"['Young Adult', 'Dystopia', 'Romance', 'Fantasy', 'Science Fiction', 'Fiction', 'Adventure']"
9780062676368,Restore Me ,Tahereh Mafi,HarperCollins,English,"['Fantasy', 'Dystopia', 'Romance', 'Young Adult', 'Science Fiction', 'Fiction', 'New Adult']"
9780449210673,Resurrection Row  ,Anne Perry,Fawcett Books,English,"['Mystery', 'Historical Fiction', 'Historical Mystery', 'Fiction', 'Historical', 'Victorian', 'Crime']"
9780060725136,Reunion ,Jenny Carroll,HarperTeen,English,"['Young Adult', 'Paranormal', 'Fantasy', 'Romance', 'Ghosts', 'Fiction', 'Supernatural']"
9780441009428,Revelation Space ,Alastair Reynolds,Ace Books,English,"['Science Fiction', 'Fiction', 'Space Opera', 'Space', 'Science Fiction Fantasy', 'Audiobook', 'Hard Science Fiction']"
9781423102281,Revelations ,Melissa de la Cruz,Hyperion Books for Children,English,"['Young Adult', 'Vampires', 'Fantasy', 'Paranormal', 'Romance', 'Angels', 'Fiction']"
9780142302262,Revolting Rhymes,Roald Dahl,Puffin,English,"['Poetry', 'Childrens', 'Fiction', 'Fantasy', 'Humor', 'Classics', 'Picture Books']"
9781508776208,Revved ,Samantha Towle,CreateSpace Independent Publishing Platform,English,"['Romance', 'Sports', 'Sports Romance', 'Contemporary Romance', 'New Adult', 'Contemporary', 'Racing']"
9780812570816,Rhapsody: Child of Blood ,Elizabeth Haydon,Tor Fantasy,English,"['Fantasy', 'Fiction', 'Epic Fantasy', 'High Fantasy', 'Romance', 'Science Fiction Fantasy', 'Magic']"
9781455533220,Ride Steady ,Kristen Ashley,Forever,English,"['Romance', 'Contemporary Romance', 'Contemporary', 'Adult', 'Erotica', 'Abuse', 'Motorcycle']"
9780553276831,Ride the River ,Louis L'Amour,Bantam,English,"['Westerns', 'Fiction', 'Historical Fiction', 'Adventure', 'Action', 'Historical', 'Romance']"
9780345325228,Ride the Wind,Lucia St. Clair Robson,Ballantine Books,English,"['Historical Fiction', 'Fiction', 'Historical', 'Westerns', 'Romance', 'Historical Romance', 'Native Americans']"
9781932234411,Ring ,Kōji Suzuki,Vertical,English,"['Horror', 'Fiction', 'Japan', 'Japanese Literature', 'Mystery', 'Thriller', 'Paranormal']"
9783426619148,Riptide - Mörderische Flut,Douglas Preston,Droemer Knaur,German,"['Thriller', 'Fiction', 'Mystery', 'Adventure', 'Suspense', 'Mystery Thriller', 'Horror']"
9781590387429,Rise of the Evening Star ,Brandon Mull,Shadow Mountain,English,"['Fantasy', 'Young Adult', 'Middle Grade', 'Fiction', 'Adventure', 'Magic', 'Childrens']"
9780312954468,River God ,Wilbur Smith,St. Martin's Paperbacks,English,"['Historical Fiction', 'Fiction', 'Historical', 'Egypt', 'Fantasy', 'Adventure', 'Thriller']"
9781841497976,River Marked ,Patricia Briggs,Orbit,English,"['Urban Fantasy', 'Fantasy', 'Paranormal', 'Romance', 'Vampires', 'Werewolves', 'Paranormal Romance']"
9780886778446,River of Blue Fire ,Tad Williams,DAW,English,"['Fantasy', 'Science Fiction', 'Fiction', 'Cyberpunk', 'Science Fiction Fantasy', 'Adventure', 'Speculative Fiction']"
9780440226024,Road Rage ,Ruth Rendell,Dell,English,"['Mystery', 'Crime', 'Fiction', 'British Literature', 'Mystery Thriller', 'Detective', 'Thriller']"
9780345328946,Robots and Empire ,Isaac Asimov,Ballantine Books,English,"['Science Fiction', 'Fiction', 'Science Fiction Fantasy', 'Robots', 'Classics', 'Mystery', 'Novels']"
9781250266101,Rock Paper Scissors,Alice Feeney,Flatiron Books,English,"['Thriller', 'Mystery', 'Mystery Thriller', 'Fiction', 'Audiobook', 'Suspense', 'Adult']"
2940016554327,Rock with Me ,Kristen Proby,Kristen Pro,English,"['Romance', 'Contemporary Romance', 'Contemporary', 'New Adult', 'Music', 'Adult', 'Erotica']"
9780399590917,Rodham,Curtis Sittenfeld,Random House,English,"['Fiction', 'Historical Fiction', 'Politics', 'Audiobook', 'Feminism', 'Literary Fiction', 'Contemporary']"
9780810994737,Rodrick Rules ,Jeff Kinney,Amulet Books,English,"['Fiction', 'Humor', 'Childrens', 'Middle Grade', 'Realistic Fiction', 'Graphic Novels', 'Young Adult']"
9780380820849,Romancing Mister Bridgerton ,Julia Quinn,Avon,English,"['Romance', 'Historical Romance', 'Historical', 'Historical Fiction', 'Fiction', 'Audiobook', 'Regency']"
9780399590948,Romantic Comedy,Curtis Sittenfeld,Random House,English,"['Romance', 'Fiction', 'Audiobook', 'Contemporary', 'Chick Lit', 'Adult', 'Contemporary Romance']"
9780142501122,Room on the Broom,Julia Donaldson,Puffin Books,English,"['Picture Books', 'Halloween', 'Childrens', 'Fiction', 'Animals', 'Fantasy', 'Witches']"
9780441013999,Rose Daughter,Robin McKinley,Ace Books 2008-07-01,English,"['Fantasy', 'Young Adult', 'Fairy Tales', 'Romance', 'Fiction', 'Retellings', 'Beauty and The Beast']"
9780006480105,Royal Assassin ,Robin Hobb,Voyager,English,"['Fantasy', 'Fiction', 'Epic Fantasy', 'High Fantasy', 'Audiobook', 'Magic', 'Adult']"
9780997426236,Royally Matched ,Emma Chase,"Emma Chase, LLC",English,"['Romance', 'Contemporary', 'Contemporary Romance', 'New Adult', 'Audiobook', 'Adult', 'Humor']"
9781400078974,Rubicon: The Last Years of the Roman Republic,Tom Holland,Anchor Books,English,"['History', 'Nonfiction', 'Ancient History', 'Historical', 'Politics', 'Classics', 'Roman']"
9781510109186,Rule of Wolves ,Leigh Bardugo,Orion Children's Books,English,"['Fantasy', 'Young Adult', 'Fiction', 'Romance', 'Young Adult Fantasy', 'LGBT', 'High Fantasy']"
9781510109186,Rule of Wolves ,Leigh Bardugo,Orion Children's Books,English,"['Fantasy', 'Young Adult', 'Fiction', 'Romance', 'Young Adult Fantasy', 'LGBT', 'High Fantasy']"
9780802720856,Rules of Attraction ,Simone Elkeles,Walker Books,English,"['Romance', 'Young Adult', 'Contemporary', 'High School', 'Contemporary Romance', 'Realistic Fiction', 'Fiction']"
9780425205815,Rules of Prey ,John Sandford,G.P. Putnam's Sons,English,"['Mystery', 'Fiction', 'Thriller', 'Crime', 'Mystery Thriller', 'Suspense', 'Detective']"
9780425205815,Rules of Prey ,John Sandford,G.P. Putnam's Sons,English,"['Mystery', 'Fiction', 'Thriller', 'Crime', 'Mystery Thriller', 'Suspense', 'Detective']"
9780792713708,Rumpole and the Golden Thread,John Mortimer,Chivers North Amer,English,"['Fiction', 'Mystery', 'Humor', 'Short Stories', 'Crime', 'Comedy', 'Audiobook']"
9780140250138,Rumpole for the Defence,John Mortimer,Penguin Books,English,"['Mystery', 'Fiction', 'Humor', 'Short Stories', 'Crime', 'British Literature', '20th Century']"
9781400077915,Runaway: Stories,Alice Munro,Vintage Contemporaries,English,"['Short Stories', 'Fiction', 'Canada', 'Literary Fiction', 'Contemporary', 'Literature', 'Nobel Prize']"
9780515130973,Running Blind ,Lee Child,Jove,English,"['Thriller', 'Fiction', 'Mystery', 'Crime', 'Suspense', 'Action', 'Mystery Thriller']"
9780312422271,Running with Scissors,Augusten Burroughs,Picador USA,English,"['Memoir', 'Nonfiction', 'Biography', 'Humor', 'Biography Memoir', 'Autobiography', 'LGBT']"
9780425267042,Rush ,Maya Banks,Berkley,English,"['Romance', 'Erotica', 'BDSM', 'Contemporary Romance', 'Contemporary', 'Erotic Romance', 'Adult']"
9781476766669,Rusty Nailed ,Alice Clayton,Gallery Books,English,"['Romance', 'Contemporary Romance', 'Contemporary', 'Humor', 'Adult', 'Chick Lit', 'New Adult']"
9780449212851,Rutland Place ,Anne Perry,Fawcett Books,English,"['Mystery', 'Historical Fiction', 'Historical Mystery', 'Fiction', 'Historical', 'Victorian', 'Crime']"
9780064471831,Sabriel ,Garth Nix,Harper Collins,English,"['Fantasy', 'Young Adult', 'Fiction', 'Magic', 'High Fantasy', 'Young Adult Fantasy', 'Adventure']"
9780380726295,Sacred ,Dennis Lehane,HarperTorch,English,"['Mystery', 'Fiction', 'Crime', 'Thriller', 'Mystery Thriller', 'Detective', 'Noir']"
9780060538057,Sacred Clowns ,Tony Hillerman,Harper Perennial,English,"['Mystery', 'Fiction', 'Mystery Thriller', 'Crime', 'Westerns', 'Detective', 'Audiobook']"
9780060538057,Sacred Clowns ,Tony Hillerman,Harper Perennial,English,"['Mystery', 'Fiction', 'Mystery Thriller', 'Crime', 'Westerns', 'Detective', 'Audiobook']"
9780393311143,Sacred Hunger ,Barry Unsworth,W.W. Norton Company,English,"['Historical Fiction', 'Fiction', 'Historical', 'Africa', 'Literature', 'British Literature', 'Literary Fiction']"
9780307209610,Sahara ,Clive Cussler,Debolsillo,English,"['Fiction', 'Adventure', 'Thriller', 'Action', 'Mystery', 'Suspense', 'Mystery Thriller']"
9780316367950,Saint George and the Dragon,Margaret Hodges,"Little, Brown Books for Young Readers",English,"['Picture Books', 'Childrens', 'Fantasy', 'Dragons', 'Fiction', 'Fairy Tales', 'Classics']"
9780449911600,Saint Maybe,Anne Tyler,Vintage,English,"['Fiction', 'Contemporary', 'Literary Fiction', 'Novels', 'Adult Fiction', 'American', 'Literature']"
9780142501528,Salamandastron ,Brian Jacques,Firebird,English,"['Fantasy', 'Fiction', 'Young Adult', 'Childrens', 'Animals', 'Adventure', 'Middle Grade']"
9780142001615,Salt: A World History,Mark Kurlansky,Penguin Books,English,"['History', 'Nonfiction', 'Food', 'Science', 'Microhistory', 'Historical', 'World History']"
9781566562935,Samarkand,Amin Maalouf,Interlink Books,English,"['Fiction', 'Historical Fiction', 'Novels', 'Literature', 'Historical', 'France', 'Roman']"
9780515122732,Sanctuary,Nora Roberts,Berkley Books,English,"['Romance', 'Romantic Suspense', 'Fiction', 'Mystery', 'Contemporary Romance', 'Suspense', 'Contemporary']"
9788868737993,"Sandman Delluxe, Bog 1: Præludier og Nocturner",Neil Gaiman,Forlaget RW,Danish,"['Graphic Novels', 'Comics', 'Fantasy', 'Fiction', 'Horror', 'Graphic Novels Comics', 'Comic Book']"
9780590554084,Sandry's Book ,Tamora Pierce,Scholastic,English,"['Fantasy', 'Young Adult', 'Fiction', 'Magic', 'Young Adult Fantasy', 'Middle Grade', 'Childrens']"
9780062878335,Sapphire Flames ,Ilona Andrews,Avon,English,"['Urban Fantasy', 'Fantasy', 'Romance', 'Paranormal', 'Magic', 'Paranormal Romance', 'Adult']"
9780618062416,"Sarah, Plain and Tall ",Patricia MacLachlan,Houghton Mifflin,English,"['Historical Fiction', 'Childrens', 'Fiction', 'Classics', 'Middle Grade', 'Young Adult', 'Historical']"
9780312370831,Sarah's Key,Tatiana de Rosnay,St. Martins Press,English,"['Historical Fiction', 'Fiction', 'Holocaust', 'Historical', 'World War II', 'France', 'War']"
9780312370831,Sarah's Key,Tatiana de Rosnay,St. Martins Press,English,"['Historical Fiction', 'Fiction', 'Holocaust', 'Historical', 'World War II', 'France', 'War']"
9780517223543,Sarum: The Novel of England,Edward Rutherfurd,Gramercy,English,"['Historical Fiction', 'Fiction', 'Historical', 'British Literature', 'Epic', 'Audiobook', 'Novels']"
9781400076192,Saturday,Ian McEwan,Anchor,English,"['Fiction', 'Contemporary', 'Literary Fiction', 'Novels', 'British Literature', 'Literature', 'Adult Fiction']"
9780060974992,Savage Inequalities: Children in America's Schools,Jonathan Kozol,HarpPeren,English,"['Education', 'Nonfiction', 'Sociology', 'Social Justice', 'Politics', 'Teaching', 'Race']"
9780843936391,Savage Spirit ,Cassie Edwards,Leisure Books,English,"['Romance', 'Historical Romance', 'Westerns', 'Historical']"
9780380753000,Savage Thunder ,Johanna Lindsey,Avon,English,"['Romance', 'Historical Romance', 'Historical', 'Westerns', 'Fiction', 'Historical Fiction', 'Western Romance']"
9780143145547,Saving CeeCee Honeycutt,Beth Hoffman,Penguin Audio,English,"['Fiction', 'Historical Fiction', 'Chick Lit', 'Southern', 'Coming Of Age', 'Adult Fiction', 'Audiobook']"
9780345464019,Saving Fish from Drowning,Amy Tan,Ballantine Books,English,"['Fiction', 'Historical Fiction', 'Asia', 'China', 'Asian Literature', 'Contemporary', 'Novels']"
9780553395198,Say My Name ,J. Kenner,Bantam,English,"['Romance', 'Contemporary Romance', 'Contemporary', 'BDSM', 'Erotic Romance', 'Adult', 'Erotica']"
9781932234053,"Sayonara, Gangsters",Genichiro Takahashi,Vertical,English,"['Fiction', 'Japanese Literature', 'Japan', 'Contemporary', 'Asian Literature', 'Magical Realism', 'Literature']"
9780553289329,Scandal,Amanda Quick,Bantam Books,English,"['Romance', 'Historical Romance', 'Historical', 'Regency', 'Historical Fiction', 'Fiction', 'Regency Romance']"
9780312642969,Scarlet ,Marissa Meyer,Feiwel & Friends,English,"['Fantasy', 'Young Adult', 'Science Fiction', 'Romance', 'Dystopia', 'Retellings', 'Fiction']"
9780451203779,Scarlet Feather,Maeve Binchy,Berkley,English,"['Fiction', 'Chick Lit', 'Romance', 'Ireland', 'Contemporary', 'Irish Literature', 'Adult Fiction']"
9780446363259,Scarlett,Alexandra Ripley,Warner,English,"['Historical Fiction', 'Fiction', 'Romance', 'Classics', 'Historical', 'Historical Romance', 'Adult Fiction']"
9780340606513,Schindler’s List,Thomas Keneally,Sceptre,English,"['History', 'Nonfiction', 'Holocaust', 'War', 'Historical', 'World War II', 'Biography']"
9780316155595,School's Out—Forever ,James Patterson,"Little, Brown and Company",English,"['Young Adult', 'Fantasy', 'Science Fiction', 'Fiction', 'Adventure', 'Paranormal', 'Action']"
9783857911538,Schweiz Ohne Armee?: Ein Palaver,Max Frisch,Limmat Verlag,German,"['Nonfiction', 'Politics', 'Plays']"
9780142405789,Scorpia ,Anthony Horowitz,Puffin Books,English,"['Young Adult', 'Fiction', 'Adventure', 'Mystery', 'Espionage', 'Action', 'Thriller']"
9781932664089,Scott Pilgrim's Precious Little Life ,Bryan Lee O'Malley,Oni Press,English,"['Graphic Novels', 'Comics', 'Fiction', 'Young Adult', 'Manga', 'Graphic Novels Comics', 'Fantasy']"
9781476766720,Screwdrivered ,Alice Clayton,Gallery Books,English,"['Romance', 'Contemporary Romance', 'Contemporary', 'Chick Lit', 'Humor', 'Adult', 'New Adult']"
9780593321447,Sea of Tranquility,Emily St. John Mandel,Knopf,English,"['Fiction', 'Science Fiction', 'Time Travel', 'Fantasy', 'Historical Fiction', 'Audiobook', 'Literary Fiction']"
9780345465085,Seabiscuit: An American Legend,Laura Hillenbrand,Ballantine Books,English,"['Nonfiction', 'History', 'Biography', 'Sports', 'Animals', 'Horses', 'Historical']"
9780345465085,Seabiscuit: An American Legend,Laura Hillenbrand,Ballantine Books,English,"['Nonfiction', 'History', 'Biography', 'Sports', 'Animals', 'Horses', 'Historical']"
9780152045654,Searching for Dragons ,Patricia C. Wrede,HMH Books for Young Readers,English,"['Fantasy', 'Young Adult', 'Dragons', 'Fiction', 'Middle Grade', 'Childrens', 'Magic']"
9780062834300,Searching for Sylvie Lee,Jean Kwok,William Morrow,English,"['Fiction', 'Mystery', 'Mystery Thriller', 'Contemporary', 'Audiobook', 'Thriller', 'Adult']"
9781841191096,Sebring ,Kristen Ashley,Robinson,English,"['Mystery', 'Historical Fiction', 'Fiction', 'Historical', 'Egypt', 'Historical Mystery', 'Audiobook']"
2940016487083,Second Chance Boyfriend ,Monica  Murphy,Monica Murphy,English,"['New Adult', 'Romance', 'Contemporary', 'Contemporary Romance', 'College', 'Sports', 'Young Adult']"
9780063007130,Second First Impressions,Sally  Thorne,William Morrow,English,"['Romance', 'Contemporary', 'Contemporary Romance', 'Fiction', 'Chick Lit', 'Adult', 'Audiobook']"
9780312360818,Second Grave on the Left ,Darynda Jones,St. Martin's Press,English,"['Urban Fantasy', 'Paranormal', 'Fantasy', 'Romance', 'Mystery', 'Paranormal Romance', 'Ghosts']"
9780061922312,Secret Daughter,Shilpi Somaya Gowda,William Morrow,English,"['Fiction', 'India', 'Contemporary', 'Adoption', 'Book Club', 'Canada', 'Adult Fiction']"
9780743484206,Secret Prey ,John Sandford,Simon & Schuster,English,"['Mystery', 'Fiction', 'Thriller', 'Crime', 'Mystery Thriller', 'Suspense', 'Detective']"
9780063238985,Secretly Yours ,Tessa Bailey,Avon,English,"['Romance', 'Contemporary', 'Contemporary Romance', 'Audiobook', 'Fiction', 'Adult', 'Chick Lit']"
9780553239713,Secrets ,Francine Pascal,Bantam Books,English,"['Young Adult', 'Fiction', 'Childrens', 'Teen', 'Chick Lit', 'High School', 'Romance']"
9780395746561,Sector 7,David Wiesner,Clarion Books,English,"['Picture Books', 'Childrens', 'Fantasy', 'Fiction', 'Art', 'Science Fiction', 'Adventure']"
9780553283549,Seduction,Amanda Quick,Bantam Books,English,"['Romance', 'Historical Romance', 'Historical', 'Regency', 'Historical Fiction', 'Fiction', 'Mystery']"
9780749934392,Seduction in Death ,J.D. Robb,Piatkus,English,"['Mystery', 'Romance', 'Crime', 'Romantic Suspense', 'Fiction', 'Futuristic', 'Suspense']"
9780552148061,Seeress of Kell ,David Eddings,Corgi,English,"['Fantasy', 'Fiction', 'Epic Fantasy', 'High Fantasy', 'Science Fiction Fantasy', 'Young Adult', 'Adventure']"
9780679766742,Selected Stories,Alice Munro,Vintage,English,"['Short Stories', 'Fiction', 'Classics', 'Literature', 'Canada', 'Literary Fiction', 'Contemporary']"
9780449218211,Self-Consciousness,John Updike,Ballantine Books,English,"['Memoir', 'Nonfiction', 'Biography', 'Autobiography', 'Literature', 'Philosophy', 'Biography Memoir']"
9780963192561,Servant of the Bones,Anne Rice,B E Trice Pub,English,"['Horror', 'Fantasy', 'Fiction', 'Paranormal', 'Supernatural', 'Vampires', 'Historical Fiction']"
9780312977894,Set in Darkness ,Ian Rankin,Minotaur Books,English,"['Crime', 'Mystery', 'Fiction', 'Scotland', 'Thriller', 'Detective', 'Mystery Thriller']"
9780812533057,Seventh Son ,Orson Scott Card,Tor Fantasy,English,"['Fantasy', 'Fiction', 'Alternate History', 'Science Fiction', 'Historical Fiction', 'Science Fiction Fantasy', 'Historical']"
9780871136428,Sex and the City,Candace Bushnell,Atlantic Monthly Press,English,"['Chick Lit', 'Fiction', 'Romance', 'Contemporary', 'New York', 'Humor', 'Adult']"
9780060585440,"Sex with Kings: 500 Years of Adultery, Power, Rivalry, and Revenge",Eleanor Herman,William Morrow Paperbacks,English,"['History', 'Nonfiction', 'Historical', 'Biography', 'European History', 'Sexuality', 'Romance']"
9781942215707,"Sex, Not Love",Vi Keeland,C. Scott Publishing Corp.,English,"['Romance', 'Contemporary', 'Contemporary Romance', 'New Adult', 'Adult', 'Fiction', 'Chick Lit']"
9780802135780,Sexing the Cherry,Jeanette Winterson,Grove Press,English,"['Fiction', 'Fantasy', 'Magical Realism', 'Historical Fiction', 'Queer', 'LGBT', 'Novels']"
9780061992704,Sh*t My Dad Says,Justin Halpern,It Books,English,"['Humor', 'Nonfiction', 'Memoir', 'Comedy', 'Biography', 'Audiobook', 'Adult']"
9780440238560,Shabanu: Daughter of the Wind ,Suzanne Fisher Staples,Laurel Leaf,English,"['Young Adult', 'Fiction', 'Historical Fiction', 'Pakistan', 'Realistic Fiction', 'School', 'Historical']"
9781416994060,Shade ,Jeri Smith-Ready,Simon Pulse,English,"['Young Adult', 'Paranormal', 'Ghosts', 'Fantasy', 'Romance', 'Supernatural', 'Urban Fantasy']"
9780312890179,Shadow & Claw ,Gene Wolfe,Orb Books,English,"['Fantasy', 'Science Fiction', 'Fiction', 'Science Fiction Fantasy', 'Speculative Fiction', 'Classics', 'Novels']"
9780812533828,Shadow Games ,Glen Cook,Tor Fantasy,English,"['Fantasy', 'Fiction', 'Dark Fantasy', 'Epic Fantasy', 'Military Fiction', 'High Fantasy', 'Science Fiction Fantasy']"
9781606840832,Shadow Hills ,Anastasia Hopcus,Egmont USA,English,"['Young Adult', 'Paranormal', 'Fantasy', 'Romance', 'Mystery', 'Fiction', 'Supernatural']"
9781595141972,Shadow Kiss ,Richelle Mead,Razorbill,English,"['Young Adult', 'Fantasy', 'Vampires', 'Paranormal', 'Romance', 'Urban Fantasy', 'Paranormal Romance']"
9780670023486,Shadow of Night ,Deborah Harkness,Viking Adult,English,"['Fantasy', 'Fiction', 'Romance', 'Historical Fiction', 'Paranormal', 'Vampires', 'Witches']"
9781841492056,Shadow of the Giant ,Orson Scott Card,,English,"['Science Fiction', 'Fiction', 'Science Fiction Fantasy', 'Fantasy', 'Young Adult', 'Space', 'Audiobook']"
9780812565959,Shadow of the Hegemon ,Orson Scott Card,Tor Books,English,"['Science Fiction', 'Fiction', 'Science Fiction Fantasy', 'Fantasy', 'Young Adult', 'Audiobook', 'Adventure']"
9780425208847,Shadow Prey ,John Sandford,Berkley,English,"['Mystery', 'Fiction', 'Thriller', 'Crime', 'Mystery Thriller', 'Detective', 'Suspense']"
9780765340054,Shadow Puppets ,Orson Scott Card,Tor Books,English,"['Science Fiction', 'Fiction', 'Science Fiction Fantasy', 'Fantasy', 'Young Adult', 'Audiobook', 'Space']"
9780385341677,Shadowfever ,Karen Marie Moning,Delacorte Press,English,"['Fantasy', 'Urban Fantasy', 'Paranormal', 'Romance', 'Paranormal Romance', 'Fae', 'Adult']"
9780060725112,Shadowland ,Jenny Carroll,Avon Books,English,"['Young Adult', 'Fantasy', 'Paranormal', 'Romance', 'Ghosts', 'Fiction', 'Supernatural']"
9780312590444,Shadowland ,Alyson Noel,St. Martin's Griffin,English,"['Young Adult', 'Fantasy', 'Paranormal', 'Romance', 'Paranormal Romance', 'Supernatural', 'Fiction']"
9780312590444,Shadowland ,Alyson Noel,St. Martin's Griffin,English,"['Young Adult', 'Fantasy', 'Paranormal', 'Romance', 'Paranormal Romance', 'Supernatural', 'Fiction']"
9780679738015,Shah of Shahs,Ryszard Kapuściński,Vintage,English,"['History', 'Nonfiction', 'Iran', 'Politics', 'Journalism', 'Travel', 'Polish Literature']"
9780786715107,Shake Hands with the Devil,Roméo Dallaire,Da Capo Press,English,"['Nonfiction', 'History', 'Africa', 'Politics', 'War', 'Biography', 'Memoir']"
9780385722148,Shakespeare After All,Marjorie Garber,Anchor,English,"['Nonfiction', 'Literary Criticism', 'Criticism', 'Literature', 'Plays', 'Biography', 'History']"
9780786884858,Shakespeare in Love: A Screenplay,Marc Norman,Miramax Books,English,"['Plays', 'Fiction', 'Drama', 'Media Tie In', 'Romance', 'Historical Fiction', 'Film']"
9780199245222,Shakespeare: An Oxford Guide,Stanley Wells,Oxford University Press,English,"['Nonfiction', 'Reference', 'Essays', 'Literature']"
9781573227513,Shakespeare: The Invention of the Human,Harold Bloom,The Berkley Publishing Group,English,"['Nonfiction', 'Literary Criticism', 'Criticism', 'Literature', 'History', 'Reference', 'Biography']"
9780060740221,Shakespeare: The World as Stage,Bill Bryson,HarperCollinsPublishing,English,"['Nonfiction', 'Biography', 'History', 'Audiobook', 'Historical', 'Biography Memoir', 'Humor']"
9780679783480,Shalimar the Clown,Salman Rushdie,Random House Trade Paperbacks,English,"['Fiction', 'India', 'Magical Realism', 'Historical Fiction', 'Literature', 'Literary Fiction', 'Contemporary']"
9781555971939,Shallows,Tim Winton,Graywolf Press,English,"['Fiction', 'Australia', 'Historical Fiction', 'Contemporary', 'Literature', 'Adult', 'Novels']"
9781555971939,Shallows,Tim Winton,Graywolf Press,English,"['Fiction', 'Australia', 'Historical Fiction', 'Contemporary', 'Literature', 'Adult', 'Novels']"
9780060758288,Shaman's Crossing ,Robin Hobb,Harper Voyager,English,"['Fantasy', 'Fiction', 'Epic Fantasy', 'Science Fiction Fantasy', 'High Fantasy', 'Magic', 'Adventure']"
9781400067114,Shanghai Girls ,Lisa See,Random House,English,"['Historical Fiction', 'Fiction', 'China', 'Historical', 'Asia', 'Asian Literature', 'Adult Fiction']"
9780743468428,Shards of Honour  ,Lois McMaster Bujold,Earthlight,English,"['Science Fiction', 'Fiction', 'Space Opera', 'Romance', 'Fantasy', 'Audiobook', 'Science Fiction Fantasy']"
9780140294293,Sharpe's Rifles ,Bernard Cornwell,Penguin Books,English,"['Historical Fiction', 'Fiction', 'Historical', 'War', 'Adventure', 'Military Fiction', 'Action']"
9780060932305,Sharpe's Tiger ,Bernard Cornwell,HarperPerennial,English,"['Historical Fiction', 'Fiction', 'Historical', 'Adventure', 'War', 'Military Fiction', 'India']"
9780060951979,Sharpe's Triumph ,Bernard Cornwell,Harper Paperbacks,English,"['Historical Fiction', 'Fiction', 'Historical', 'War', 'Adventure', 'Military Fiction', 'India']"
9780062085481,Shatter Me ,Tahereh Mafi,Harper,English,"['Fantasy', 'Dystopia', 'Young Adult', 'Science Fiction', 'Fiction', 'Paranormal', 'Young Adult Fantasy']"
9780395867860,Sheep in a Jeep,Nancy E. Shaw,HMH Books for Young Readers,English,"['Picture Books', 'Childrens', 'Animals', 'Storytime', 'Fiction', 'Transport', 'Humor']"
9780671319649,Sheepfarmer's Daughter ,Elizabeth Moon,Baen,English,"['Fantasy', 'Fiction', 'Epic Fantasy', 'High Fantasy', 'Military Fiction', 'Adventure', 'Science Fiction Fantasy']"
9781250161598,Shelter in Place,Nora Roberts,St. Martin's Press,English,"['Romance', 'Romantic Suspense', 'Fiction', 'Suspense', 'Thriller', 'Mystery', 'Contemporary']"
9780671021009,She's Come Undone,Wally Lamb,Pocket,English,"['Fiction', 'Contemporary', 'Chick Lit', 'Adult Fiction', 'Coming Of Age', 'Novels', 'Adult']"
9780689862229,Shiloh ,Phyllis Reynolds Naylor,Aladdin,English,"['Fiction', 'Childrens', 'Classics', 'Animals', 'Young Adult', 'Middle Grade', 'Realistic Fiction']"
9780061009501,Shinju ,Laura Joh Rowland,HarperTorch,English,"['Mystery', 'Historical Fiction', 'Japan', 'Fiction', 'Historical', 'Historical Mystery', 'Crime']"
9780393316001,Ship Fever: Stories,Andrea Barrett,W. W. Norton Company,English,"['Short Stories', 'Fiction', 'Historical Fiction', 'Literary Fiction', 'Nature', 'Historical', 'Literature']"
9780006498858,Ship of Magic ,Robin Hobb,Voyager,English,"['Fantasy', 'Fiction', 'High Fantasy', 'Epic Fantasy', 'Adult', 'Adventure', 'Pirates']"
9780545123266,Shiver ,Maggie Stiefvater,Scholastic Press,English,"['Young Adult', 'Fantasy', 'Romance', 'Paranormal', 'Werewolves', 'Fiction', 'Paranormal Romance']"
9780446404242,Shooting at Loons ,Margaret Maron,Mysterious Press,English,"['Mystery', 'Fiction', 'Mystery Thriller', 'Southern', 'Cozy Mystery', 'Crime', 'Adult']"
9780393013801,Shout,Laurie Halse Anderson,W. W. Norton,English,"['Science', 'Nonfiction', 'Biology', 'Evolution', 'Essays', 'Natural History', 'History']"
9780698195264,Shout,Laurie Halse Anderson,Penguin Young Readers Group,English,"['Poetry', 'Young Adult', 'Feminism', 'Audiobook', 'Mental Health', 'Biography Memoir', 'Contemporary']"
9780374466237,Shrek!,William Steig,"Farrar, Straus and Giroux (BYR)",English,"['Picture Books', 'Fantasy', 'Childrens', 'Fiction', 'Humor', 'Fairy Tales', 'Classics']"
9780380731862,Shutter Island,Dennis Lehane,HarperTorch,English,"['Mystery', 'Fiction', 'Thriller', 'Horror', 'Mystery Thriller', 'Suspense', 'Crime']"
9781250194718,"Sigh, Gone: A Misfit's Memoir of Great Books, Punk Rock, and the Fight to Fit In",Phuc  Tran,Flatiron Books,English,"['Memoir', 'Nonfiction', 'Biography', 'Audiobook', 'Biography Memoir', 'Race', 'Music']"
9781442426641,Silence ,Becca Fitzpatrick,Simon & Schuster,English,"['Fantasy', 'Young Adult', 'Romance', 'Angels', 'Paranormal', 'Paranormal Romance', 'Supernatural']"
9780425281277,Silence Fallen ,Patricia Briggs,Ace,English,"['Urban Fantasy', 'Fantasy', 'Paranormal', 'Vampires', 'Romance', 'Werewolves', 'Shapeshifters']"
9780307700285,Silent House,Orhan Pamuk,Knopf,English,"['Fiction', 'Turkish Literature', 'Turkish', 'Novels', 'Historical Fiction', 'Literary Fiction', 'Literature']"
9780778324928,Silent in the Sanctuary ,Deanna Raybourn,Mira,English,"['Mystery', 'Historical Fiction', 'Historical', 'Romance', 'Historical Mystery', 'Fiction', 'Historical Romance']"
9780345460684,Silent Partner ,Jonathan Kellerman,Ballantine Books,English,"['Mystery', 'Fiction', 'Crime', 'Thriller', 'Mystery Thriller', 'Suspense', 'Detective']"
9780380752942,Silver Angel,Johanna Lindsey,Avon,English,"['Historical Romance', 'Romance', 'Historical', 'Fiction', 'Harem', 'Historical Fiction', 'Adult']"
9780425280621,Silver Bastard ,Joanna Wylde,Penguin Publishing Group,English,"['Romance', 'Contemporary', 'Contemporary Romance', 'Erotica', 'Abuse', 'Adult', 'Dark']"
9780380786220,"Silver Birch, Blood Moon",Ellen Datlow,Avon Books,English,"['Fantasy', 'Short Stories', 'Fairy Tales', 'Anthologies', 'Fiction', 'Retellings', 'Horror']"
9780441018192,Silver Borne ,Patricia Briggs,Ace Books,English,"['Urban Fantasy', 'Fantasy', 'Paranormal', 'Romance', 'Werewolves', 'Vampires', 'Paranormal Romance']"
9780671019624,Silver Linings,Jayne Ann Krentz,Pocket Books,English,"['Romance', 'Contemporary', 'Contemporary Romance', 'Romantic Suspense', 'Fiction', 'Suspense', 'Mystery']"
9781595143211,Silver Shadows ,Richelle Mead,Razorbill,English,"['Young Adult', 'Fantasy', 'Vampires', 'Paranormal', 'Romance', 'Urban Fantasy', 'Magic']"
9780586064177,Silverthorn ,Raymond E. Feist,Grafton Books,English,"['Fantasy', 'Fiction', 'Epic Fantasy', 'High Fantasy', 'Science Fiction Fantasy', 'Magic', 'Adventure']"
9780517194072,Simisola ,Ruth Rendell,Random House Value Publishing,English,"['Mystery', 'Crime', 'Fiction', 'Detective', 'Mystery Thriller', 'British Literature', 'Thriller']"
9780062348678,Simon vs. the Homo Sapiens Agenda ,Becky Albertalli,Balzer + Bray,English,"['Young Adult', 'Romance', 'LGBT', 'Contemporary', 'Fiction', 'Queer', 'Realistic Fiction']"
9780446519137,Simple Abundance: A Daybook of Comfort of Joy,Sarah Ban Breathnach,Warner Books,English,"['Self Help', 'Nonfiction', 'Spirituality', 'Inspirational', 'Psychology', 'Personal Development', 'Philosophy']"
9780062129383,Since We Fell,Dennis Lehane,Ecco,English,"['Fiction', 'Mystery', 'Thriller', 'Mystery Thriller', 'Audiobook', 'Suspense', 'Crime']"
9781942847007,"Sincerely, Carter ",Whitney G.,WGW Books,English,"['Romance', 'New Adult', 'Contemporary', 'Contemporary Romance', 'College', 'Humor', 'Adult']"
9780340924389,Single & Single,John le Carre,Hodder and Stoughton Ltd.,English,"['Fiction', 'Thriller', 'Espionage', 'Mystery', 'Crime', 'Spy Thriller', 'Suspense']"
9781479359080,Sins & Needles ,Karina Halle,Metal Blonde Books,English,"['Romance', 'Contemporary', 'New Adult', 'Contemporary Romance', 'Adult', 'Dark', 'Suspense']"
9780751510195,Six Feet Under ,Dorothy Simpson,Warner Futura,English,"['Mystery', 'Fiction', 'Crime', 'British Literature', 'Detective', 'Cozy Mystery', 'International']"
9781250045638,Sixth Grave on the Edge ,Darynda Jones,St. Martin's Press,English,"['Paranormal', 'Urban Fantasy', 'Romance', 'Fantasy', 'Paranormal Romance', 'Mystery', 'Demons']"
9780060525118,Size 12 Is Not Fat ,Meg Cabot,William Morrow Paperbacks,English,"['Chick Lit', 'Mystery', 'Romance', 'Fiction', 'Contemporary', 'Adult', 'Young Adult']"
9780060525125,Size 14 Is Not Fat Either ,Meg Cabot,William Morrow Paperbacks,English,"['Chick Lit', 'Mystery', 'Romance', 'Fiction', 'Contemporary', 'Adult', 'Humor']"
9780751504385,Skeleton Crew,Stephen King,Time Warner Paperbacks,English,"['Horror', 'Short Stories', 'Fiction', 'Fantasy', 'Thriller', 'Anthologies', 'Supernatural']"
9780307394958,Skeletons at the Feast,Chris Bohjalian,Crown,English,"['Historical Fiction', 'Fiction', 'World War II', 'Historical', 'Holocaust', 'War', 'Germany']"
9780061000171,Skinwalkers ,Tony Hillerman,HarperPaperbacks,English,"['Mystery', 'Fiction', 'Mystery Thriller', 'Westerns', 'Crime', 'Detective', 'Native Americans']"
9780099481683,Skipping Christmas,John Grisham,Arrow,English,"['Fiction', 'Christmas', 'Humor', 'Holiday', 'Contemporary', 'Audiobook', 'Adult']"
9781250168450,Sky in the Deep ,Adrienne Young,Wednesday Books,English,"['Fantasy', 'Young Adult', 'Historical Fiction', 'Romance', 'Young Adult Fantasy', 'Fiction', 'Historical']"
9780674810839,Slavery and Social Death: A Comparative Study,Orlando Patterson,Harvard University Press,English,"['History', 'Nonfiction', 'Sociology', 'Race', 'Politics', 'Anthropology', 'Philosophy']"
9782266071284,Sleepers,Lorenzo Carcaterra,Pocket,English,"['Fiction', 'Crime', 'True Crime', 'Thriller', 'Mystery', 'Mystery Thriller', 'Abuse']"
9781101886694,Sleeping Giants ,Sylvain Neuvel,Del Rey,English,"['Science Fiction', 'Fiction', 'Fantasy', 'Audiobook', 'Adult', 'Mystery', 'Science Fiction Fantasy']"
9780765311863,Sleeping in Flame ,Jonathan Carroll,Orb Books,English,"['Fantasy', 'Fiction', 'Magical Realism', 'Horror', 'Urban Fantasy', 'Novels', 'Science Fiction Fantasy']"
9780989508476,Sloth ,Ella James,,English,"['Romance', 'New Adult', 'Dark', 'BDSM', 'Erotica', 'Contemporary', 'College']"
9780099490623,Slow Man,J.M. Coetzee,Vintage Books,English,"['Fiction', 'Literature', 'Novels', 'Africa', 'Contemporary', 'Nobel Prize', 'Literary Fiction']"
9780451461896,Small Favor ,Jim Butcher,Roc,English,"['Fantasy', 'Urban Fantasy', 'Fiction', 'Mystery', 'Paranormal', 'Magic', 'Audiobook']"
9780552152976,Small Gods ,Terry Pratchett,Corgi,English,"['Fantasy', 'Fiction', 'Humor', 'Comedy', 'Science Fiction Fantasy', 'Religion', 'Audiobook']"
9780345544957,Small Great Things,Jodi Picoult,Ballantine Books,English,"['Fiction', 'Contemporary', 'Audiobook', 'Adult', 'Adult Fiction', 'Book Club', 'Race']"
9780385315142,Smilla's Sense of Snow,Peter Høeg,Delta,English,"['Fiction', 'Mystery', 'Crime', 'Thriller', 'Denmark', 'Scandinavian Literature', 'Mystery Thriller']"
9780380789023,Smoke and Mirrors: Short Fiction and Illusions,Neil Gaiman,Avon Books,English,"['Fantasy', 'Short Stories', 'Fiction', 'Horror', 'Anthologies', 'Science Fiction', 'Urban Fantasy']"
9780440001553,Smoke Bitten ,Patricia Briggs,Ace,English,"['Urban Fantasy', 'Fantasy', 'Paranormal', 'Vampires', 'Romance', 'Fae', 'Werewolves']"
9780307932235,Smokin' Seventeen ,Janet Evanovich,Random House Audio,English,"['Mystery', 'Fiction', 'Humor', 'Chick Lit', 'Romance', 'Crime', 'Mystery Thriller']"
9780312336936,Snobs,Julian Fellowes,St. Martin's Griffin,English,"['Fiction', 'Historical Fiction', 'Contemporary', 'British Literature', 'Humor', 'Chick Lit', 'Audiobook']"
9780679764021,Snow Falling on Cedars,David Guterson,Vintage,English,"['Fiction', 'Historical Fiction', 'Mystery', 'Historical', 'Literature', 'Literary Fiction', 'Novels']"
9780812968064,Snow Flower and the Secret Fan,Lisa See,Random House,English,"['Historical Fiction', 'Fiction', 'China', 'Historical', 'Book Club', 'Adult', 'Asian Literature']"
9780380718757,"Snow White, Blood Red",Ellen Datlow,Eos,English,"['Fantasy', 'Short Stories', 'Fairy Tales', 'Fiction', 'Anthologies', 'Horror', 'Retellings']"
9780385517881,Snuff,Chuck Palahniuk,Doubleday,English,"['Fiction', 'Contemporary', 'Novels', 'Adult', 'American', 'Horror', 'Humor']"
9780330491235,"So Long, and Thanks for All the Fish ",Douglas Adams,Pan Books,English,"['Science Fiction', 'Fiction', 'Humor', 'Fantasy', 'Comedy', 'Science Fiction Fantasy', 'Classics']"
9780152047382,So You Want to Be a Wizard ,Diane Duane,HMH Books for Young Readers,English,"['Fantasy', 'Young Adult', 'Fiction', 'Magic', 'Urban Fantasy', 'Middle Grade', 'Childrens']"
9780786851713,Sold,Patricia McCormick,"Little, Brown Books for Young Readers",English,"['Young Adult', 'Fiction', 'Realistic Fiction', 'Poetry', 'Historical Fiction', 'Contemporary', 'Teen']"
9780143012641,Solomon Gursky Was Here,Mordecai Richler,Penguin Canada,English,"['Fiction', 'Canada', 'Historical Fiction', 'Novels', 'Jewish', 'Canadian Literature', 'Literary Fiction']"
9780688160876,Someday Angeline ,Louis Sachar,HarperCollins,English,"['Childrens', 'Fiction', 'Middle Grade', 'Young Adult', 'Realistic Fiction', 'Juvenile', 'Family']"
9781984879295,Someone Else's Shoes,Jojo Moyes,Pamela Dorman Books,English,"['Fiction', 'Audiobook', 'Romance', 'Chick Lit', 'Contemporary', 'Adult', 'Adult Fiction']"
9780142401774,Someone Like You,Sarah Dessen,Penguin,English,"['Young Adult', 'Romance', 'Contemporary', 'Fiction', 'Chick Lit', 'Realistic Fiction', 'Teen']"
9781524797188,Something in the Water,Catherine Steadman,Ballantine,English,"['Thriller', 'Fiction', 'Mystery', 'Audiobook', 'Mystery Thriller', 'Suspense', 'Adult']"
9780892964307,Something in the Water ,Charlotte MacLeod,Mysterious Press,English,"['Mystery', 'Fiction', 'Cozy Mystery', 'Audiobook', 'Humor']"
9780143035411,Something Rotten ,Jasper Fforde,Penguin Books,English,"['Fantasy', 'Fiction', 'Mystery', 'Humor', 'Books About Books', 'Science Fiction', 'Alternate History']"
9780380690961,Something The Cat Dragged In ,Charlotte MacLeod,Avon Books,English,"['Mystery', 'Cozy Mystery', 'Fiction', 'Crime', 'Humor', 'Audiobook', 'Cats']"
9780060298784,Something Under the Bed is Drooling ,Bill Watterson,Greenwillow Books,English,"['Fantasy', 'Young Adult', 'Fiction', 'Childrens', 'Middle Grade', 'Magic', 'Adventure']"
9781982173401,Something Wilder,Christina Lauren,Gallery Books,English,"['Romance', 'Contemporary', 'Fiction', 'Audiobook', 'Contemporary Romance', 'Adult', 'Chick Lit']"
9780671799380,Son of the Morning,Linda Howard,Pocket Books,English,"['Romance', 'Time Travel', 'Historical Romance', 'Romantic Suspense', 'Historical', 'Paranormal', 'Contemporary']"
9780439918480,Song of the Sparrow,Lisa Ann Sandell,Scholastic Press,English,"['Historical Fiction', 'Young Adult', 'Fantasy', 'Poetry', 'Romance', 'Historical', 'Retellings']"
9781857993288,Sophie’s World,Jostein Gaarder,Phoenix,English,"['Fiction', 'Classics', 'Young Adult', 'Novels', 'Fantasy', 'Literature', 'Contemporary']"
9780345369352,Sorceress of Darshiva ,David Eddings,Del Rey Books,English,"['Fantasy', 'Fiction', 'Epic Fantasy', 'Science Fiction Fantasy', 'High Fantasy', 'Young Adult', 'Adventure']"
9781481497619,Sorcery of Thorns ,Margaret  Rogerson,Margaret K. McElderry Books,English,"['Fantasy', 'Young Adult', 'Romance', 'Young Adult Fantasy', 'Magic', 'Fiction', 'Audiobook']"
9780060936235,Soul Mountain,Gao Xingjian,Harper Perennial,English,"['Fiction', 'China', 'Nobel Prize', 'Asia', 'Literature', 'Chinese Literature', 'Novels']"
9780575066892,Soul Music ,Terry Pratchett,Gollancz,English,"['Fantasy', 'Fiction', 'Humor', 'Comedy', 'Science Fiction Fantasy', 'Music', 'Audiobook']"
9780316056632,Soulless ,Gail Carriger,Orbit,English,"['Steampunk', 'Fantasy', 'Romance', 'Paranormal', 'Vampires', 'Urban Fantasy', 'Fiction']"
9781407034546,Sourcery ,Terry Pratchett,Transworld Digital,English,"['Fantasy', 'Fiction', 'Humor', 'Comedy', 'Science Fiction Fantasy', 'Magic', 'Audiobook']"
9780385413053,South of Broad,Pat Conroy,Nan A. Talese,English,"['Fiction', 'Southern', 'Historical Fiction', 'Contemporary', 'Audiobook', 'Coming Of Age', 'Novels']"
9780670038312,Sovereign ,C.J. Sansom,Viking Books,English,"['Historical Fiction', 'Mystery', 'Fiction', 'Historical', 'Crime', 'Historical Mystery', 'Tudor Period']"
9780449203798,Space,James A. Michener,Fawcett Crest,English,"['Fiction', 'Historical Fiction', 'Space', 'Science Fiction', 'Historical', 'Novels', 'Adventure']"
9780593593806,Spare,Prince Harry,Random House,English,"['Nonfiction', 'Memoir', 'Audiobook', 'Biography', 'Autobiography', 'Biography Memoir', 'Adult']"
9780374311254,Speak,Laurie Halse Anderson,"Farrar, Straus and Giroux (BYR)",English,"['Young Adult', 'Fiction', 'Contemporary', 'Realistic Fiction', 'Mental Health', 'Coming Of Age', 'Teen']"
9780812550757,Speaker for the Dead ,Orson Scott Card,Tor Books,English,"['Science Fiction', 'Fiction', 'Fantasy', 'Science Fiction Fantasy', 'Young Adult', 'Audiobook', 'Space']"
9780345302748,Speaker of Mandarin ,Ruth Rendell,Ballantine Books,English,"['Mystery', 'Crime', 'Fiction', 'Detective', 'British Literature', 'China', 'Mystery Thriller']"
9780670037773,Special Topics in Calamity Physics,Marisha Pessl,Penguin Books Ltd,English,"['Fiction', 'Mystery', 'Contemporary', 'Literary Fiction', 'Novels', 'Young Adult', 'Coming Of Age']"
9780689865404,Specials ,Scott Westerfeld,Simon Pulse,English,"['Young Adult', 'Dystopia', 'Science Fiction', 'Fiction', 'Fantasy', 'Romance', 'Teen']"
9781423121329,Spell Bound ,Rachel Hawkins,Hyperion Book CH,English,"['Young Adult', 'Fantasy', 'Paranormal', 'Romance', 'Magic', 'Vampires', 'Witches']"
9780061668067,Spells ,Aprilynne Pike,HarperTeen,English,"['Fantasy', 'Young Adult', 'Romance', 'Paranormal', 'Fairies', 'Fae', 'Fiction']"
9780765348258,Spin ,Robert Charles Wilson,Tor Science Fiction,English,"['Science Fiction', 'Fiction', 'Hugo Awards', 'Science Fiction Fantasy', 'Time Travel', 'Fantasy', 'Dystopia']"
9780441008650,Spindle's End,Robin McKinley,Ace,English,"['Fantasy', 'Young Adult', 'Fairy Tales', 'Fiction', 'Retellings', 'Romance', 'Fairy Tale Retellings']"
9781595142504,Spirit Bound ,Richelle Mead,Razorbill,English,"['Young Adult', 'Fantasy', 'Vampires', 'Paranormal', 'Romance', 'Urban Fantasy', 'Paranormal Romance']"
9780380780747,Splendid ,Julia Quinn,Avon,English,"['Historical Romance', 'Romance', 'Historical', 'Historical Fiction', 'Regency', 'Fiction', 'Regency Romance']"
9780399154300,Spook Country ,William Gibson,Putnam Adult,English,"['Fiction', 'Science Fiction', 'Cyberpunk', 'Thriller', 'Espionage', 'Science Fiction Fantasy', 'Novels']"
9780393329124,Spook: Science Tackles the Afterlife,Mary Roach,W.W. Norton & Company (NYC),English,"['Nonfiction', 'Science', 'Humor', 'Paranormal', 'History', 'Death', 'Religion']"
9780099448471,Sputnik Sweetheart,Haruki Murakami,Vintage,English,"['Fiction', 'Japan', 'Japanese Literature', 'Magical Realism', 'Contemporary', 'Romance', 'Novels']"
9780679889168,Squire ,Tamora Pierce,Random House Books for Young Readers,English,"['Fantasy', 'Young Adult', 'Fiction', 'Young Adult Fantasy', 'Magic', 'Adventure', 'High Fantasy']"
9780446403016,St. Peter's Fair ,Ellis Peters,Mysterious Press,English,"['Mystery', 'Historical Fiction', 'Fiction', 'Historical', 'Crime', 'Medieval', 'Historical Mystery']"
9780752817019,Stalking the Angel ,Robert Crais,Orion Pub Co,English,"['Mystery', 'Fiction', 'Crime', 'Thriller', 'Detective', 'Mystery Thriller', 'Suspense']"
9781938404993,Stand ,A.L. Jackson,A.L. Jackson Books Inc.,English,"['Romance', 'Contemporary Romance', 'Music', 'New Adult', 'Contemporary', 'Musicians', 'Audiobook']"
9780671456108,Star Trek II: The Wrath Of Khan,Vonda N. McIntyre,Pocket,English,"['Star Trek', 'Science Fiction', 'Fiction', 'Media Tie In', 'Science Fiction Fantasy', 'Star Trek Original Series', 'Novels']"
9780671495008,Star Trek III: The Search for Spock,Vonda N. McIntyre,Pocket Books,English,"['Star Trek', 'Science Fiction', 'Fiction', 'Science Fiction Fantasy', 'Media Tie In', 'Star Trek Original Series', 'Speculative Fiction']"
9780062011992,Starcrossed ,Josephine Angelini,HarperTeen,English,"['Fantasy', 'Young Adult', 'Mythology', 'Romance', 'Paranormal', 'Greek Mythology', 'Paranormal Romance']"
9780062011992,Starcrossed ,Josephine Angelini,HarperTeen,English,"['Fantasy', 'Young Adult', 'Mythology', 'Romance', 'Paranormal', 'Greek Mythology', 'Paranormal Romance']"
9780061142024,Stardust,Neil Gaiman,Harper Perennial,English,"['Fantasy', 'Fiction', 'Young Adult', 'Adventure', 'Audiobook', 'Magic', 'Science Fiction Fantasy']"
9780747263692,Stardust,Neil Gaiman,Headline Book Publishing,English,"['Fantasy', 'Fiction', 'Young Adult', 'Adventure', 'Audiobook', 'Magic', 'Science Fiction Fantasy']"
9780425127230,Stardust ,Robert B. Parker,G.P. Putnam's Sons,English,"['Mystery', 'Fiction', 'Detective', 'Crime', 'Thriller', 'Mystery Thriller', 'Suspense']"
9780061284403,Stargazer ,Claudia Gray,HarperTeen,English,"['Young Adult', 'Vampires', 'Fantasy', 'Paranormal', 'Romance', 'Paranormal Romance', 'Supernatural']"
9780439488402,Stargirl ,Jerry Spinelli,Scholastic,English,"['Young Adult', 'Fiction', 'Contemporary', 'Realistic Fiction', 'Romance', 'Middle Grade', 'Childrens']"
9781250799050,Starling House,Alix E. Harrow,Tor Books,English,"['Fantasy', 'Horror', 'Gothic', 'Fiction', 'Romance', 'Mystery', 'Adult']"
9781250091840,Stars Above ,Marissa Meyer,Feiwel & Friends,English,"['Fantasy', 'Science Fiction', 'Young Adult', 'Retellings', 'Short Stories', 'Dystopia', 'Fiction']"
9780553274189,Startide Rising ,David Brin,Bantam Spectra,English,"['Science Fiction', 'Fiction', 'Space Opera', 'Hugo Awards', 'Science Fiction Fantasy', 'Fantasy', 'Aliens']"
9780062049803,State of Wonder,Ann Patchett,HarperCollins Publishers,English,"['Fiction', 'Literary Fiction', 'Contemporary', 'Book Club', 'Adult Fiction', 'Mystery', 'Audiobook']"
9780380817610,Stations of the Tide,Michael Swanwick,Eos,English,"['Science Fiction', 'Fantasy', 'Fiction', 'Cyberpunk', 'Speculative Fiction', 'Mystery', 'Novels']"
9780062294807,Stay with Me ,J. Lynn,Avon,English,"['Romance', 'New Adult', 'Contemporary', 'Contemporary Romance', 'College', 'Young Adult', 'Fiction']"
9780060094898,Staying Fat for Sarah Byrnes,Chris Crutcher,Greenwillow Books,English,"['Young Adult', 'Fiction', 'Realistic Fiction', 'Sports', 'Teen', 'Contemporary', 'Coming Of Age']"
9780312932640,Steel Guitar ,Linda Barnes,St. Martin's Paperbacks,English,"['Mystery', 'Fiction', 'Mystery Thriller', 'Crime', 'Audiobook', 'Detective', 'Adult']"
9781502446930,Stepbrother Dearest,Penelope Ward,CreateSpace Independent Publishing Platform,English,"['Romance', 'New Adult', 'Contemporary', 'Contemporary Romance', 'Erotica', 'Adult', 'Young Adult']"
9780393324822,Stiff: The Curious Lives of Human Cadavers,Mary Roach,W. W. Norton Company,English,"['Nonfiction', 'Science', 'Medical', 'Humor', 'Audiobook', 'Medicine', 'Death']"
9780595440092,Still Alice,Lisa Genova,Iuniverse Inc,English,"['Fiction', 'Contemporary', 'Psychology', 'Book Club', 'Adult Fiction', 'Adult', 'Audiobook']"
9780684835037,Still Life,A.S. Byatt,Scribner,English,"['Fiction', 'Historical Fiction', 'Literary Fiction', 'British Literature', 'Literature', 'Novels', 'Contemporary']"
9781250000644,Still Life ,Louise Penny,Minotaur Books,English,"['Mystery', 'Fiction', 'Mystery Thriller', 'Crime', 'Audiobook', 'Canada', 'Adult']"
9780446612760,Still Life With Crows ,Douglas Preston,Grand Central Publishing,English,"['Thriller', 'Mystery', 'Fiction', 'Horror', 'Mystery Thriller', 'Suspense', 'Crime']"
9780399562457,Still Me ,Jojo Moyes,Pamela Dorman Books,English,"['Romance', 'Fiction', 'Chick Lit', 'Contemporary', 'Audiobook', 'Adult', 'Adult Fiction']"
9780312595678,Still Missing,Chevy Stevens,St. Martin's Press,English,"['Thriller', 'Mystery', 'Fiction', 'Mystery Thriller', 'Suspense', 'Crime', 'Contemporary']"
9780393068573,Stitches: A Memoir,David Small,W. W. Norton & Company,English,"['Graphic Novels', 'Memoir', 'Nonfiction', 'Biography', 'Graphic Novels Comics', 'Adult', 'Biography Memoir']"
9780452285934,Stolen ,Kelley Armstrong,Plume,English,"['Urban Fantasy', 'Paranormal', 'Fantasy', 'Werewolves', 'Romance', 'Paranormal Romance', 'Fiction']"
9780593547502,Stone Cold Fox,Rachel Koller Croft,Berkley,English,"['Thriller', 'Fiction', 'Mystery', 'Mystery Thriller', 'Audiobook', 'Contemporary', 'Suspense']"
9780756402976,Stone of Farewell ,Tad Williams,DAW,English,"['Fantasy', 'Fiction', 'Epic Fantasy', 'High Fantasy', 'Science Fiction Fantasy', 'Adventure', 'Young Adult']"
9780312857066,Stone of Tears ,Terry Goodkind,Tor Books,English,"['Fantasy', 'Fiction', 'Epic Fantasy', 'High Fantasy', 'Science Fiction Fantasy', 'Magic', 'Adventure']"
9780140075625,Stones for Ibarra,Harriet Doerr,Penguin Books,English,"['Fiction', 'Literary Fiction', 'Literature', 'Contemporary', 'Adult Fiction', 'Novels', 'Classics']"
9780330426640,Stories of Your Life and Others,Ted Chiang,Small Beer Press,English,"['Short Stories', 'Science Fiction', 'Fiction', 'Fantasy', 'Speculative Fiction', 'Science Fiction Fantasy', 'Anthologies']"
9780451457813,Storm Front ,Jim Butcher,Penguin ROC,English,"['Fantasy', 'Urban Fantasy', 'Mystery', 'Fiction', 'Paranormal', 'Magic', 'Audiobook']"
9780778325642,Storm Glass ,Maria V. Snyder,Mira,English,"['Fantasy', 'Young Adult', 'Magic', 'Romance', 'Fiction', 'High Fantasy', 'Paranormal']"
9781534413528,Storm of Locusts ,Rebecca Roanhorse,Saga Press,English,"['Fantasy', 'Urban Fantasy', 'Fiction', 'Dystopia', 'Post Apocalyptic', 'Science Fiction', 'Mythology']"
9780142401651,Stormbreaker ,Anthony Horowitz,Penguin,English,"['Young Adult', 'Fiction', 'Adventure', 'Mystery', 'Thriller', 'Action', 'Espionage']"
9780060094928,Stotan!,Chris Crutcher,Greenwillow Books,English,"['Young Adult', 'Sports', 'Realistic Fiction', 'Teen', 'School', 'Coming Of Age', 'Contemporary']"
9780425208465,Straight,Dick Francis,G.P. Putnam's Sons,English,"['Mystery', 'Fiction', 'Thriller', 'Crime', 'Mystery Thriller', 'Suspense', 'Horses']"
9780316341684,Strange the Dreamer ,Laini Taylor,"Little, Brown Books for Young Readers",English,"['Fantasy', 'Young Adult', 'Romance', 'Fiction', 'Young Adult Fantasy', 'Audiobook', 'Magic']"
9780778324218,Stray ,Rachel Vincent,MIRA,English,"['Urban Fantasy', 'Paranormal', 'Fantasy', 'Shapeshifters', 'Romance', 'Paranormal Romance', 'Adult']"
9780684857534,Streets of Laredo ,Larry McMurtry,Simon Schuster,English,"['Westerns', 'Fiction', 'Historical Fiction', 'Historical', 'Adventure', 'Novels', 'Classics']"
9780679764090,Strega ,Andrew Vachss,Vintage Crime/Black Lizard,English,"['Mystery', 'Crime', 'Fiction', 'Noir', 'Thriller', 'Detective', 'Suspense']"
9780312965143,Strip Jack ,Ian Rankin,St. Martin's Paperbacks,English,"['Crime', 'Mystery', 'Fiction', 'Scotland', 'Thriller', 'Detective', 'Mystery Thriller']"
9780758216410,Succubus Blues ,Richelle Mead,Kensington,English,"['Urban Fantasy', 'Fantasy', 'Paranormal', 'Romance', 'Paranormal Romance', 'Vampires', 'Demons']"
9780553820270,Succubus Heat ,Richelle Mead,Kensington,English,"['Urban Fantasy', 'Paranormal', 'Fantasy', 'Romance', 'Paranormal Romance', 'Vampires', 'Demons']"
9780758232014,Succubus Revealed ,Richelle Mead,Kensington,English,"['Urban Fantasy', 'Paranormal', 'Fantasy', 'Romance', 'Paranormal Romance', 'Demons', 'Vampires']"
9780758232007,Succubus Shadows ,Richelle Mead,Kensington,English,"['Urban Fantasy', 'Paranormal', 'Fantasy', 'Romance', 'Paranormal Romance', 'Demons', 'Vampires']"
9780451223890,"Such a Pretty Fat: One Narcissist's Quest to Discover If Her Life Makes Her Ass Look Big, or Why Pie Is Not the Answer",Jen Lancaster,Berkley,English,"['Nonfiction', 'Memoir', 'Humor', 'Chick Lit', 'Biography', 'Biography Memoir', 'Comedy']"
9781250079121,Summer Days and Summer Nights: Twelve Love Stories,Stephanie Perkins,St. Martin's Griffin,English,"['Young Adult', 'Romance', 'Short Stories', 'Contemporary', 'Anthologies', 'Fiction', 'Fantasy']"
9780811215480,Summer in Baden-Baden,Leonid Tsypkin,New Directions,English,"['Fiction', 'Russia', 'Russian Literature', 'Literature', 'Novels', '20th Century', 'Classics']"
9780451458926,Summer Knight ,Jim Butcher,Dutton / Signet,English,"['Fantasy', 'Urban Fantasy', 'Fiction', 'Mystery', 'Paranormal', 'Magic', 'Audiobook']"
9780316420013,Summer of '69,Elin Hilderbrand,"Little, Brown and Company",English,"['Historical Fiction', 'Fiction', 'Audiobook', 'Chick Lit', 'Romance', 'Historical', 'Adult']"
9780553572414,Summer of Love,Lisa Mason,Spectra,English,"['Science Fiction', 'Time Travel', 'Fiction', 'Historical Fiction', 'Fantasy', 'Young Adult', 'Historical']"
9780440415800,Summer of the Monkeys,Wilson Rawls,Yearling,English,"['Fiction', 'Young Adult', 'Classics', 'Historical Fiction', 'Childrens', 'Middle Grade', 'Animals']"
9780689830594,Summer Story ,Jill Barklem,Atheneum,English,"['Picture Books', 'Childrens', 'Fiction', 'Animals', 'Fantasy', 'Classics', 'Short Stories']"
9780886777845,Summon the Keeper ,Tanya Huff,DAW,English,"['Fantasy', 'Urban Fantasy', 'Paranormal', 'Fiction', 'Humor', 'Romance', 'Magic']"
9780316014779,Sundays at Tiffany's,James Patterson,Little Brown and Company,English,"['Romance', 'Fiction', 'Chick Lit', 'Fantasy', 'Contemporary', 'Adult', 'Adult Fiction']"
9780060892173,Sunrise ,Erin Hunter,HarperCollins,English,"['Fantasy', 'Animals', 'Middle Grade', 'Childrens', 'Fiction', 'Cats', 'Young Adult']"
9780345454942,Sunset Express ,Robert Crais,Ballantine Books,English,"['Mystery', 'Fiction', 'Crime', 'Thriller', 'Detective', 'Mystery Thriller', 'Suspense']"
9780425191781,Sunshine,Robin McKinley,Berkley Books,English,"['Fantasy', 'Vampires', 'Urban Fantasy', 'Paranormal', 'Fiction', 'Horror', 'Young Adult']"
9783453139831,Superluminal,Vonda N. McIntyre,Heyne,German,"['Science Fiction', 'Fiction', 'Feminism', 'Fantasy', 'Animals', 'Novels', 'Science Fiction Fantasy']"
9780061985867,Supernaturally ,Kiersten White,HarperTeen,English,"['Young Adult', 'Paranormal', 'Fantasy', 'Vampires', 'Romance', 'Urban Fantasy', 'Supernatural']"
9780399592881,Surprise Me,Sophie Kinsella,The Dial Press,English,"['Chick Lit', 'Romance', 'Fiction', 'Contemporary', 'Audiobook', 'Adult', 'Humor']"
9780671666408,Surrender the Pink,Carrie Fisher,Simon & Schuster,English,"['Fiction', 'Humor', 'Romance', 'Chick Lit', 'Contemporary', 'Novels', 'Audiobook']"
9780099282648,Survivor,Chuck Palahniuk,Vintage,English,"['Fiction', 'Contemporary', 'Thriller', 'Novels', 'Humor', 'Literature', 'American']"
9781501102073,Sustained ,Emma Chase,Gallery Books,English,"['Romance', 'Contemporary', 'Contemporary Romance', 'Humor', 'Adult', 'New Adult', 'Fiction']"
9780062085610,Sweet Evil ,Wendy Higgins,HarperTeen,English,"['Young Adult', 'Paranormal', 'Fantasy', 'Romance', 'Angels', 'Demons', 'Paranormal Romance']"
9781476751801,Sweet Filthy Boy ,Christina Lauren,Gallery Books,English,"['Romance', 'New Adult', 'Contemporary', 'Contemporary Romance', 'Adult', 'Erotica', 'Fiction']"
9780553278590,Sweet Revenge,Nora Roberts,Bantam,English,"['Romance', 'Romantic Suspense', 'Fiction', 'Contemporary Romance', 'Contemporary', 'Mystery', 'Suspense']"
9780446365321,Sweet Starfire ,Jayne Ann Krentz,Grand Central Publishing,English,"['Romance', 'Paranormal Romance', 'Paranormal', 'Fantasy', 'Science Fiction', 'Fiction', 'Science Fiction Romance']"
9780446365321,Sweet Starfire ,Jayne Ann Krentz,Grand Central Publishing,English,"['Romance', 'Paranormal Romance', 'Paranormal', 'Fantasy', 'Science Fiction', 'Fiction', 'Science Fiction Romance']"
9780525619994,Sword Catcher ,Cassandra Clare,Del Rey Books,English,"['Fantasy', 'Romance', 'Adult', 'Young Adult', 'Fiction', 'High Fantasy', 'Magic']"
9780345432346,Sword in the Storm ,David Gemmell,Del Rey,English,"['Fantasy', 'Fiction', 'Epic Fantasy', 'Heroic Fantasy', 'Adventure', 'High Fantasy', 'Science Fiction Fantasy']"
9780886773762,Sword-Dancer ,Jennifer Roberson,DAW Books,English,"['Fantasy', 'Fiction', 'Romance', 'Science Fiction Fantasy', 'Sword and Sorcery', 'High Fantasy', 'Adventure']"
9781250826978,System Collapse ,Martha Wells,Tor Publishing Group/Tordotcom,English,"['Science Fiction', 'Fiction', 'Audiobook', 'Adult', 'Science Fiction Fantasy', 'Space', 'Space Opera']"
9780395562338,Tacky the Penguin,Helen Lester,Clarion Books,English,"['Picture Books', 'Childrens', 'Animals', 'Humor', 'Fiction', 'Storytime', 'Fantasy']"
9780142501542,Taggerung ,Brian Jacques,Firebird,English,"['Fantasy', 'Fiction', 'Young Adult', 'Childrens', 'Animals', 'Adventure', 'Middle Grade']"
9781101967225,Tailored for Trouble ,Mimi Jean Pamfiloff,Ballantine Books,English,"['Romance', 'Contemporary', 'Contemporary Romance', 'Humor', 'Chick Lit', 'New Adult', 'Adult']"
9780062941251,"Take a Hint, Dani Brown ",Talia Hibbert,Avon,English,"['Romance', 'Contemporary', 'Fiction', 'Adult', 'Contemporary Romance', 'Audiobook', 'LGBT']"
9780756400583,Take a Thief ,Mercedes Lackey,DAW,English,"['Fantasy', 'Fiction', 'Science Fiction Fantasy', 'Magic', 'Young Adult', 'High Fantasy', 'Epic Fantasy']"
9780312624699,Taken at Dusk ,C.C. Hunter,St. Martin's Press,English,"['Fantasy', 'Young Adult', 'Paranormal', 'Vampires', 'Romance', 'Werewolves', 'Supernatural']"
9780374525873,Tales from Ovid: 24 Passages from the Metamorphoses,Ted Hughes,"Farrar, Straus and Giroux",English,"['Poetry', 'Classics', 'Mythology', 'Fiction', 'Literature', 'Greek Mythology', 'Ancient History']"
9780708837139,Tales from the Nightside,Charles L. Grant,Futura / Macdonald & Co (Publishers) Ltd,English,"['Horror', 'Short Stories', 'Fiction', 'Anthologies', 'Collections', 'Fantasy', 'Literature']"
9780553568165,Tales of the Bounty Hunters,Kevin J. Anderson,Random House Worlds,English,"['Star Wars', 'Science Fiction', 'Fiction', 'Short Stories', 'Fantasy', 'Anthologies', 'Science Fiction Fantasy']"
9780061099182,Talking God ,Tony Hillerman,HarperTorch,English,"['Mystery', 'Fiction', 'Crime', 'Mystery Thriller', 'Westerns', 'Audiobook', 'Detective']"
9780316478526,Talking to Strangers: What We Should Know About the People We Don’t Know,Malcolm Gladwell,"Little, Brown and Company",English,"['Nonfiction', 'Psychology', 'Audiobook', 'Self Help', 'Sociology', 'Science', 'Business']"
9780679436546,Taltos ,Anne Rice,Random House Audio,English,"['Horror', 'Fantasy', 'Fiction', 'Paranormal', 'Witches', 'Supernatural', 'Urban Fantasy']"
9780142406526,Tam Lin,Pamela Dean,Firebird,English,"['Fantasy', 'Fiction', 'Fairy Tales', 'Young Adult', 'Urban Fantasy', 'Romance', 'Retellings']"
9780373579211,Taming Natasha ,Nora Roberts,Silhouette,English,"['Romance', 'Contemporary Romance', 'Contemporary', 'Fiction', 'Chick Lit', 'Adult', 'Harlequin']"
9780590432771,Tangerine,Edward Bloor,Apple,English,"['Young Adult', 'Fiction', 'Realistic Fiction', 'Sports', 'School', 'Middle Grade', 'Read For School']"
9780425247563,Tangle of Need ,Nalini Singh,Berkley,English,"['Paranormal Romance', 'Romance', 'Paranormal', 'Fantasy', 'Shapeshifters', 'Urban Fantasy', 'Adult']"
9780517885444,Tar Beach,Faith Ringgold,Dragonfly Books,English,"['Picture Books', 'Childrens', 'Cultural', 'African American', 'Fiction', 'Historical Fiction', 'Family']"
9780440235590,Tara Road,Maeve Binchy,Dell,English,"['Fiction', 'Chick Lit', 'Romance', 'Ireland', 'Contemporary', 'Irish Literature', 'Adult Fiction']"
9780864730190,Te Kaihau - the Windeater,Keri Hulme,Victoria University Press,English,"['Short Stories', 'Fiction', 'Poetry', 'Female Authors', 'Literary Fiction']"
9780375424496,Tea Time for the Traditionally Built ,Alexander McCall Smith,Pantheon Books,English,"['Mystery', 'Fiction', 'Africa', 'Botswana', 'Detective', 'Crime', 'Cozy Mystery']"
9781585861972,Tea with the Black Dragon ,R.A. MacAvoy,E-Rights/E-Reads Ltd,English,"['Fantasy', 'Mystery', 'Fiction', 'Dragons', 'Urban Fantasy', 'Romance', 'Science Fiction Fantasy']"
9780743243780,Teacher Man ,Frank McCourt,Scribner,English,"['Nonfiction', 'Memoir', 'Biography', 'Education', 'Autobiography', 'Teaching', 'Biography Memoir']"
9780425110423,Team Yankee,Harold Coyle,Berkley,English,"['Fiction', 'Military Fiction', 'War', 'Thriller', 'Historical Fiction', 'Action', 'Alternate History']"
9781416509639,Tehanu ,Ursula K. Le Guin,Pocket Books,English,"['Fantasy', 'Fiction', 'Young Adult', 'Science Fiction Fantasy', 'High Fantasy', 'Classics', 'Magic']"
9780440236702,Tell No One,Harlan Coben,Dell Publishing Company,English,"['Mystery', 'Thriller', 'Fiction', 'Mystery Thriller', 'Crime', 'Suspense', 'Audiobook']"
9780679644194,Tell the Wolves I'm Home,Carol Rifka Brunt,Random House,English,"['Fiction', 'Young Adult', 'Historical Fiction', 'Contemporary', 'Coming Of Age', 'LGBT', 'Adult']"
9780553261677,Temporary Insanity,Jay Johnstone,Bantam Books,English,"['Sports', 'Baseball', 'Biography', 'Humor', 'Nonfiction', 'Memoir']"
9781905654581,Tempted ,P.C. Cast,Atom,English,"['Young Adult', 'Vampires', 'Fantasy', 'Paranormal', 'Romance', 'Fiction', 'Supernatural']"
9780312936228,Ten Big Ones ,Janet Evanovich,St. Martin's Press,English,"['Mystery', 'Fiction', 'Humor', 'Chick Lit', 'Romance', 'Crime', 'Comedy']"
9780380750863,Tender Rebel ,Johanna Lindsey,Avon,English,"['Historical Romance', 'Romance', 'Historical', 'Regency', 'Historical Fiction', 'Fiction', 'Regency Romance']"
9780525421351,Tenth Grade Bleeds ,Heather Brewer,Dutton Children's Books,English,"['Vampires', 'Young Adult', 'Fantasy', 'Paranormal', 'Fiction', 'Supernatural', 'Urban Fantasy']"
9780375814686,Terrier ,Tamora Pierce,Random House,English,"['Fantasy', 'Young Adult', 'Fiction', 'Magic', 'Young Adult Fantasy', 'Mystery', 'Adventure']"
9780786933884,Test of the Twins ,Margaret Weis,Wizards of the Coast,English,"['Fantasy', 'Dragonlance', 'Fiction', 'Science Fiction Fantasy', 'High Fantasy', 'Epic Fantasy', 'Dragons']"
9780553289909,Texas! Chase ,Sandra       Brown,Bantam,English,"['Romance', 'Contemporary Romance', 'Contemporary', 'Fiction', 'Westerns', 'Western Romance', 'Audiobook']"
9780553289510,Texas! Lucky ,Sandra       Brown,Bantam,English,"['Romance', 'Contemporary Romance', 'Contemporary', 'Fiction', 'Audiobook', 'Chick Lit', 'Adult']"
9780553295009,Texas! Sage ,Sandra       Brown,Bantam,English,"['Romance', 'Contemporary Romance', 'Contemporary', 'Fiction', 'Audiobook', 'Westerns', 'Western Romance']"
9780684857503,Texasville,Larry McMurtry,Simon & Schuster,English,"['Fiction', 'Westerns', 'Contemporary', 'Literature', 'Literary Fiction', 'Novels', 'Humor']"
9780399231667,"Thank You, Mr. Falker",Patricia Polacco,Philomel Books,English,"['Picture Books', 'Childrens', 'Realistic Fiction', 'School', 'Fiction', 'Disability', 'Inspirational']"
9781529431292,That Time I Got Drunk and Saved a Human ,Kimberly Lemming,Jo Fletcher Books,English,"['Fantasy', 'Romance', 'Fantasy Romance', 'Dragons', 'Adult', 'Fiction', 'Paranormal Romance']"
9780440216414,The 27-Ingredient Chili Con Carne Murders ,Nancy Pickard,Dell,English,"['Mystery', 'Cozy Mystery', 'Fiction', 'Cookbooks', 'Mystery Thriller', 'Food', 'Cooking']"
9781594831119,The 5th Horseman ,James Patterson,Time Warner AudioBooks,English,"['Mystery', 'Fiction', 'Crime', 'Thriller', 'Suspense', 'Mystery Thriller', 'Murder Mystery']"
9780743269513,The 7 Habits of Highly Effective People: Powerful Lessons in Personal Change,Stephen R. Covey,Free Press,English,"['Self Help', 'Nonfiction', 'Business', 'Personal Development', 'Psychology', 'Leadership', 'Productivity']"
9781952457258,The ​Crown of Gilded Bones ,Jennifer L. Armentrout,Blue Box Press,English,"['Fantasy', 'Romance', 'Fantasy Romance', 'New Adult', 'Vampires', 'Fiction', 'Paranormal']"
9781401210823,"The Absolute Sandman, Volume 1",Neil Gaiman,Vertigo,English,"['Comics', 'Graphic Novels', 'Fantasy', 'Fiction', 'Horror', 'Graphic Novels Comics', 'Comic Book']"
9780316013680,The Absolutely True Diary of a Part-Time Indian,Sherman Alexie,"Little, Brown Books for Young Readers",English,"['Young Adult', 'Fiction', 'Contemporary', 'Realistic Fiction', 'Humor', 'Coming Of Age', 'School']"
9780307356369,The Abstinence Teacher,Tom Perrotta,Random House Canada,English,"['Fiction', 'Contemporary', 'Religion', 'Adult Fiction', 'Novels', 'Adult', 'Audiobook']"
9781400032181,The Accidental,Ali Smith,Anchor Books,English,"['Fiction', 'Contemporary', 'Literary Fiction', 'Novels', 'British Literature', '21st Century', 'Literature']"
9780441014996,The Accidental Time Machine,Joe Haldeman,Ace,English,"['Science Fiction', 'Time Travel', 'Fiction', 'Science Fiction Fantasy', 'Fantasy', 'Audiobook', 'Adventure']"
9780345452009,The Accidental Tourist,Anne Tyler,Vintage,English,"['Fiction', 'Contemporary', 'Romance', 'Literary Fiction', 'Novels', 'Adult Fiction', 'Literature']"
9780812983609,The Age of Miracles,Karen Thompson Walker,Random House,English,"['Fiction', 'Young Adult', 'Science Fiction', 'Dystopia', 'Coming Of Age', 'Fantasy', 'Post Apocalyptic']"
9780061122415,The Alchemist,Paulo Coelho,HarperCollins,English,"['Fiction', 'Fantasy', 'Philosophy', 'Novels', 'Spirituality', 'Self Help', 'Classics']"
9780552562522,The Alchemyst ,Michael Scott,Corgi Childrens,English,"['Fantasy', 'Young Adult', 'Fiction', 'Magic', 'Mythology', 'Adventure', 'Middle Grade']"
9781597800440,The Algebraist,Iain M. Banks,Night Shade Books,English,"['Science Fiction', 'Fiction', 'Space Opera', 'Science Fiction Fantasy', 'Space', 'Fantasy', 'Speculative Fiction']"
9780812976144,The Alienist ,Caleb Carr,Random House,English,"['Historical Fiction', 'Mystery', 'Fiction', 'Thriller', 'Crime', 'Historical', 'Mystery Thriller']"
9780345472458,The Amateur Marriage,Anne Tyler,Ballantine Books,English,"['Fiction', 'Contemporary', 'Literary Fiction', 'Historical Fiction', 'Novels', 'Marriage', 'Adult Fiction']"
9780312282998,The Amazing Adventures of Kavalier & Clay,Michael Chabon,Picador USA,English,"['Fiction', 'Historical Fiction', 'Novels', 'Literature', 'Historical', 'Literary Fiction', 'Contemporary']"
9780060012342,The Amazing Maurice and His Educated Rodents ,Terry Pratchett,Clarion Books,English,"['Fantasy', 'Fiction', 'Humor', 'Young Adult', 'Childrens', 'Comedy', 'Animals']"
9780440238157,The Amber Spyglass ,Philip Pullman,Laurel Leaf,English,"['Fantasy', 'Young Adult', 'Fiction', 'Adventure', 'Childrens', 'Science Fiction', 'Audiobook']"
9780618340781,The American Ambassador,Ward Just,Mariner Books,English,['Fiction']
9781668002773,The American Roommate Experiment ,Elena  Armas,Atria Books,English,"['Romance', 'Contemporary', 'Contemporary Romance', 'Fiction', 'Adult', 'Audiobook', 'Chick Lit']"
9780786818594,The Amulet of Samarkand ,Jonathan Stroud,Hyperion Books for Children,English,"['Fantasy', 'Young Adult', 'Fiction', 'Magic', 'Middle Grade', 'Childrens', 'Adventure']"
9780679749028,The Anatomy Lesson,Philip Roth,Vintage,English,"['Fiction', 'Novels', 'Literature', 'American', 'Literary Fiction', 'Jewish', 'Classics']"
9780446617796,The Angel Experiment ,James Patterson,Grand Central Publishing,English,"['Young Adult', 'Fantasy', 'Science Fiction', 'Fiction', 'Adventure', 'Paranormal', 'Action']"
9780451410894,The Anodyne Necklace ,Martha Grimes,Onyx,English,"['Mystery', 'Fiction', 'Crime', 'British Literature', 'Mystery Thriller', 'Detective', 'Cozy Mystery']"
9780007136360,The Antelope Wife,Louise Erdrich,Flamingo,English,"['Fiction', 'Fantasy', 'Magical Realism', 'Historical Fiction', 'Literary Fiction', 'Novels', 'Literature']"
9780525555216,The Anthropocene Reviewed,John Green,Dutton,English,"['Nonfiction', 'Essays', 'Audiobook', 'Memoir', 'History', 'Science', 'Adult']"
9780441004010,The Anubis Gates,Tim Powers,Ace Books,English,"['Fantasy', 'Science Fiction', 'Steampunk', 'Fiction', 'Time Travel', 'Historical Fiction', 'Historical']"
9780805060126,The Appointment,Herta Müller,Metropolitan Books,English,"['Fiction', 'Historical Fiction', 'Romania', 'Nobel Prize', 'German Literature', 'Literature', 'Literary Fiction']"
9780752858524,The Aquitaine Progression,Robert Ludlum,Orion,English,"['Thriller', 'Fiction', 'Mystery', 'Suspense', 'Espionage', 'Spy Thriller', 'Action']"
9780786808557,The Arctic Incident ,Eoin Colfer,Disney/Hyperion Books,English,"['Fantasy', 'Young Adult', 'Fiction', 'Middle Grade', 'Science Fiction', 'Childrens', 'Adventure']"
9780374520991,The Arkansas Testament,Derek Walcott,"Farrar, Straus and Giroux",English,"['Poetry', 'Nobel Prize', 'Post Colonial']"
9780679734031,The Art of Fiction: Notes on Craft for Young Writers,John Gardner,Vintage,English,"['Writing', 'Nonfiction', 'Crafts', 'Reference', 'Literary Criticism', 'Literature', 'Criticism']"
9781573221115,The Art of Happiness,Dalai Lama XIV,Riverhead Hardcover,English,"['Nonfiction', 'Philosophy', 'Spirituality', 'Self Help', 'Buddhism', 'Psychology', 'Religion']"
9781554681723,The Art of Racing in the Rain,Garth Stein,Harper Collins,English,"['Fiction', 'Animals', 'Dogs', 'Audiobook', 'Adult Fiction', 'Adult', 'Book Club']"
9780385517836,The Associate,John Grisham,Doubleday Books,English,"['Fiction', 'Thriller', 'Mystery', 'Legal Thriller', 'Crime', 'Suspense', 'Mystery Thriller']"
9781423128199,The Atlantis Complex ,Eoin Colfer,Disney/Hyperion Books,English,"['Fantasy', 'Young Adult', 'Fiction', 'Science Fiction', 'Middle Grade', 'Adventure', 'Magic']"
9780618126996,The Atlas of Middle-Earth,Karen Wynn Fonstad,Houghton Mifflin,English,"['Fantasy', 'Reference', 'Fiction', 'Art', 'Maps', 'High Fantasy', 'Science Fiction Fantasy']"
9780307237699,The Audacity of Hope: Thoughts on Reclaiming the American Dream,Barack Obama,Crown Publishers,English,"['Nonfiction', 'Politics', 'Biography', 'Memoir', 'Audiobook', 'Autobiography', 'History']"
9780439402033,The Austere Academy ,Lemony Snicket,"Scholastic, Inc.",English,"['Fiction', 'Young Adult', 'Childrens', 'Middle Grade', 'Fantasy', 'Mystery', 'Adventure']"
9780751507959,The Authoritative Calvin and Hobbes: A Calvin and Hobbes Treasury,Bill Watterson,Sphere,English,"['Comics', 'Humor', 'Graphic Novels', 'Fiction', 'Graphic Novels Comics', 'Childrens', 'Comedy']"
9780061662768,The Awakening ,Kelley Armstrong,HarperCollins,English,"['Young Adult', 'Fantasy', 'Paranormal', 'Urban Fantasy', 'Supernatural', 'Romance', 'Magic']"
9780061140976,The Awakening / The Struggle ,L.J. Smith,HarperTeen,English,"['Young Adult', 'Vampires', 'Fantasy', 'Paranormal', 'Romance', 'Fiction', 'Supernatural']"
9780452277755,The Bachman Books,Richard Bachman,Plume,English,"['Horror', 'Fiction', 'Short Stories', 'Thriller', 'Science Fiction', 'Fantasy', 'Suspense']"
9780439206471,The Bad Beginning ,Lemony Snicket,"Scholastic, Inc.",English,"['Fiction', 'Young Adult', 'Fantasy', 'Childrens', 'Middle Grade', 'Mystery', 'Adventure']"
9780345312525,The Baked Bean Supper Murders ,Virginia Rich,Ballantine Books,English,"['Mystery', 'Cozy Mystery', 'Fiction', 'Mystery Thriller', 'Cooking']"
9781250268426,The Ballad of Never After ,Stephanie Garber,Flatiron Books,English,"['Fantasy', 'Young Adult', 'Fantasy Romance', 'Young Adult Fantasy', 'Fiction', 'Magic', 'Romance']"
9780593498958,The Bandit Queens,Parini Shroff,Ballantine Books,English,"['Fiction', 'Mystery', 'Contemporary', 'India', 'Audiobook', 'Thriller', 'Mystery Thriller']"
9780439395625,The Bar Code Tattoo ,Suzanne Weyn,Scholastic Inc.,English,"['Young Adult', 'Dystopia', 'Science Fiction', 'Fiction', 'Romance', 'Fantasy', 'Teen']"
9780345807106,The Bat ,Jo Nesbø,Vintage Crime/Black Lizard,English,"['Mystery', 'Crime', 'Fiction', 'Thriller', 'Mystery Thriller', 'Detective', 'Audiobook']"
9781423101468,The Battle of the Labyrinth ,Rick Riordan,Hyperion Books for Children,English,"['Fantasy', 'Young Adult', 'Mythology', 'Fiction', 'Middle Grade', 'Adventure', 'Greek Mythology']"
9781573226523,The Beach,Alex Garland,Riverhead Books,English,"['Fiction', 'Travel', 'Thriller', 'Adventure', 'Contemporary', 'Asia', 'Novels']"
9780812474947,The Bean Trees ,Barbara Kingsolver,Perfection Learning,English,"['Fiction', 'Contemporary', 'Literary Fiction', 'Novels', 'Classics', 'Adult Fiction', 'Adult']"
9781101885932,The Bear and the Nightingale ,Katherine Arden,Del Rey,English,"['Fantasy', 'Historical Fiction', 'Fiction', 'Young Adult', 'Historical', 'Mythology', 'Fairy Tales']"
9780451475169,The Beast ,J.R. Ward,NAL,English,"['Paranormal', 'Romance', 'Paranormal Romance', 'Vampires', 'Fantasy', 'Urban Fantasy', 'Adult']"
9780811826846,The Beatles Anthology,The Beatles,Chronicle Books,English,"['Music', 'Nonfiction', 'Biography', 'History', 'Autobiography', 'Memoir', 'Pop Culture']"
9780060512187,The Beauty Myth,Naomi Wolf,Harper Perennial,English,"['Feminism', 'Nonfiction', 'Sociology', 'Psychology', 'Womens', 'Gender', 'Gender Studies']"
9780805099256,The Beauty of Darkness ,Mary E. Pearson,Henry Holt and Co. (BYR),English,"['Fantasy', 'Young Adult', 'Romance', 'Young Adult Fantasy', 'Fiction', 'High Fantasy', 'Audiobook']"
9780306813559,The Bedford Boys: One American Town's Ultimate D-Day Sacrifice,Alex Kershaw,Da Capo Press,English,"['History', 'Nonfiction', 'World War II', 'War', 'Military History', 'Military Fiction', 'American History']"
9780553381528,The Beekeeper's Apprentice ,Laurie R. King,Bantam,English,"['Mystery', 'Fiction', 'Historical Fiction', 'Historical', 'Mystery Thriller', 'Crime', 'Historical Mystery']"
9780553347234,The Beet Queen,Louise Erdrich,Bantam,English,"['Fiction', 'Historical Fiction', 'Literary Fiction', 'Novels', 'Contemporary', 'Literature', 'American']"
9781484728499,The Belles ,Dhonielle Clayton,Disney-Hyperion,English,"['Fantasy', 'Young Adult', 'Fiction', 'Dystopia', 'Young Adult Fantasy', 'Audiobook', 'Romance']"
9780142400302,The Bellmaker ,Brian Jacques,Firebird,English,"['Fantasy', 'Fiction', 'Young Adult', 'Childrens', 'Animals', 'Adventure', 'Middle Grade']"
9780141311371,The BFG,Roald Dahl,Puffin Books,English,"['Fantasy', 'Childrens', 'Fiction', 'Middle Grade', 'Young Adult', 'Humor', 'Classics']"
9780099366614,The Big Nowhere ,James Ellroy,Random House,English,"['Crime', 'Fiction', 'Mystery', 'Noir', 'Thriller', 'Historical Fiction', 'Detective']"
9780143037231,The Big Over Easy ,Jasper Fforde,Penguin,English,"['Fantasy', 'Mystery', 'Fiction', 'Humor', 'Crime', 'Comedy', 'Science Fiction Fantasy']"
9780590464635,The Biggest Pumpkin Ever,Steven Kroll,Cartwheel Books,English,"['Picture Books', 'Halloween', 'Childrens', 'Holiday', 'Fiction', 'Animals', 'Gardening']"
9780380674541,The Bilbao Looking Glass ,Charlotte MacLeod,Avon Books,English,"['Mystery', 'Cozy Mystery', 'Fiction', 'Humor', 'Romance', 'Mystery Thriller', 'Audiobook']"
9780061129759,The Bingo Palace,Louise Erdrich,Harper Perennial,English,"['Fiction', 'Novels', 'Literary Fiction', 'Literature', 'Historical Fiction', 'Magical Realism', 'Contemporary']"
9781533134134,The Bird and the Sword ,Amy Harmon,CreateSpace,English,"['Fantasy', 'Romance', 'Young Adult', 'Magic', 'Fantasy Romance', 'New Adult', 'Paranormal']"
9780802129031,The Bird King,G. Willow Wilson,Grove Press,English,"['Fantasy', 'Historical Fiction', 'Fiction', 'Historical', 'Magical Realism', 'Historical Fantasy', 'Adult']"
9780786702077,The Birthday Boys,Beryl Bainbridge,Carroll & Graf,English,"['Historical Fiction', 'Fiction', 'Adventure', 'Historical', 'Travel', 'British Literature', 'Literature']"
9781250848079,The Bitter Past ,Bruce Borgos,Minotaur Books,English,"['Mystery', 'Thriller', 'Fiction', 'Mystery Thriller', 'Suspense', 'Crime', 'Espionage']"
9781400078653,The Black Book,Orhan Pamuk,Vintage,English,"['Fiction', 'Turkish Literature', 'Turkish', 'Mystery', 'Novels', 'Literature', 'Nobel Prize']"
9780446698870,The Black Dahlia ,James Ellroy,Mysterious Press,English,"['Mystery', 'Fiction', 'Crime', 'Noir', 'Historical Fiction', 'True Crime', 'Thriller']"
9780446612739,The Black Echo ,Michael Connelly,Grand Central Publishing,English,"['Mystery', 'Fiction', 'Crime', 'Thriller', 'Mystery Thriller', 'Detective', 'Audiobook']"
9780446613446,The Black Ice ,Michael Connelly,Vision,English,"['Mystery', 'Fiction', 'Crime', 'Thriller', 'Mystery Thriller', 'Detective', 'Audiobook']"
9780886778903,The Black Swan ,Mercedes Lackey,DAW,English,"['Fantasy', 'Fairy Tales', 'Fiction', 'Romance', 'Retellings', 'Magic', 'Science Fiction Fantasy']"
9781857231083,The Black Unicorn ,Terry Brooks,Orbit,English,"['Fantasy', 'Fiction', 'Science Fiction Fantasy', 'Magic', 'Adventure', 'Humor', 'High Fantasy']"
9780743203319,The Blackwater Lightship,Colm Tóibín,Scribner,English,"['Fiction', 'Ireland', 'Irish Literature', 'LGBT', 'Literary Fiction', 'Contemporary', 'Queer']"
9780575079793,The Blade Itself ,Joe Abercrombie,Gollancz,English,"['Fantasy', 'Fiction', 'Epic Fantasy', 'High Fantasy', 'Adult', 'Dark Fantasy', 'Audiobook']"
9780575079793,The Blade Itself ,Joe Abercrombie,Gollancz,English,"['Fantasy', 'Fiction', 'Epic Fantasy', 'High Fantasy', 'Dark Fantasy', 'Adult', 'Audiobook']"
9780142003343,The Blank Slate: The Modern Denial of Human Nature,Steven Pinker,Penguin Books,English,"['Psychology', 'Science', 'Nonfiction', 'Philosophy', 'Sociology', 'Biology', 'Politics']"
9780393330472,The Blind Side,Michael   Lewis,W. W. Norton & Company,English,"['Sports', 'Nonfiction', 'Biography', 'Football', 'Biography Memoir', 'Business', 'Memoir']"
9780141026169,The Blind Watchmaker: Why the Evidence of Evolution Reveals a Universe Without Design,Richard Dawkins,Penguin,English,"['Science', 'Nonfiction', 'Biology', 'Philosophy', 'Religion', 'Atheism', 'Popular Science']"
9781423146735,The Blood of Olympus ,Rick Riordan,Disney-Hyperion Books,English,"['Fantasy', 'Mythology', 'Young Adult', 'Middle Grade', 'Fiction', 'Adventure', 'Greek Mythology']"
9780441012008,The Blue Sword,Robin McKinley,Ace,English,"['Fantasy', 'Young Adult', 'Fiction', 'Romance', 'Adventure', 'Magic', 'Young Adult Fantasy']"
9780425201442,The Body Farm ,Patricia Cornwell,Berkley,English,"['Mystery', 'Crime', 'Fiction', 'Thriller', 'Mystery Thriller', 'Suspense', 'Murder Mystery']"
9780061779817,The Body Finder ,Kimberly Derting,Harper,English,"['Young Adult', 'Paranormal', 'Mystery', 'Fantasy', 'Romance', 'Fiction', 'Supernatural']"
9781250219398,The Bodyguard,Katherine Center,St. Martin's Press,English,"['Romance', 'Fiction', 'Contemporary', 'Audiobook', 'Contemporary Romance', 'Chick Lit', 'Adult']"
9780515090499,The Bog,Michael Talbot,Jove,English,"['Horror', 'Fiction', 'Fantasy', 'Audiobook', 'Classics', 'Gothic', 'Thriller']"
9780689801730,The Boggart,Susan Cooper,Aladdin,English,"['Fantasy', 'Fiction', 'Childrens', 'Young Adult', 'Middle Grade', 'Scotland', 'Juvenile']"
9780743272506,The Boleyn Inheritance ,Philippa Gregory,Atria Books,English,"['Historical Fiction', 'Fiction', 'Historical', 'Romance', 'Tudor Period', 'British Literature', 'Adult']"
9780330293877,The Bone People,Keri Hulme,Picador,English,"['Fiction', 'Magical Realism', 'Literary Fiction', 'Contemporary', 'Historical Fiction', 'Fantasy', 'Literature']"
9780330293877,The Bone People,Keri Hulme,Picador,English,"['Fiction', 'Magical Realism', 'Literary Fiction', 'Historical Fiction', 'Contemporary', 'Fantasy', 'Literature']"
9780345457370,The Bonesetter's Daughter,Amy Tan,Ballantine Books,English,"['Fiction', 'Historical Fiction', 'China', 'Historical', 'Asia', 'Contemporary', 'Asian Literature']"
9780140104707,The Book and the Brotherhood,Iris Murdoch,Penguin Books,English,"['Fiction', 'Philosophy', 'Literary Fiction', 'Literature', 'Novels', 'British Literature', '20th Century']"
9780441002115,The Book of Atrix Wolfe,Patricia A. McKillip,Ace,English,"['Fantasy', 'Fiction', 'High Fantasy', 'Magic', 'Science Fiction Fantasy', 'Young Adult', 'Adult']"
9780440000211,The Book of Cold Cases,Simone St. James,Berkley,English,"['Mystery', 'Thriller', 'Mystery Thriller', 'Fiction', 'Horror', 'Paranormal', 'Audiobook']"
9780440000211,The Book of Cold Cases,Simone St. James,Berkley,English,"['Mystery', 'Thriller', 'Mystery Thriller', 'Fiction', 'Horror', 'Paranormal', 'Audiobook']"
9780553252606,The Book of Kells,R.A. MacAvoy,"Bantam Books, Inc.",English,"['Fantasy', 'Historical Fiction', 'Time Travel', 'Fiction', 'Ireland', 'Historical', 'Science Fiction']"
9780525429760,The Book of Longings,Sue Monk Kidd,Viking,English,"['Historical Fiction', 'Fiction', 'Historical', 'Audiobook', 'Religion', 'Adult', 'Feminism']"
9781984819888,The Book of Lost Friends,Lisa Wingate,Ballantine Books,English,"['Historical Fiction', 'Fiction', 'Historical', 'Audiobook', 'Adult', 'Civil War', 'Adult Fiction']"
9780345375216,"The Book of Lost Tales, Part One ",J.R.R. Tolkien,Del Rey/Ballantine Books,English,"['Fantasy', 'Fiction', 'Classics', 'High Fantasy', 'Science Fiction Fantasy', 'Short Stories', 'Epic Fantasy']"
9780743298858,The Book of Lost Things ,John Connolly,Atria Books,English,"['Fantasy', 'Fiction', 'Young Adult', 'Horror', 'Fairy Tales', 'Books About Books', 'Adventure']"
9780393351392,The Book of Negroes,Lawrence Hill,W. W. Norton & Company,English,"['Historical Fiction', 'Fiction', 'Canada', 'Historical', 'Africa', 'African American', 'Book Club']"
9780446576987,The Book of the Dead ,Douglas Preston,Grand Central Publishing,English,"['Thriller', 'Mystery', 'Fiction', 'Horror', 'Mystery Thriller', 'Suspense', 'Crime']"
9780752863887,The Bourne Supremacy ,Robert Ludlum,Orion,English,"['Fiction', 'Thriller', 'Mystery', 'Suspense', 'Espionage', 'Action', 'Adventure']"
9780752858494,The Bourne Ultimatum ,Robert Ludlum,Orion,English,"['Fiction', 'Thriller', 'Mystery', 'Espionage', 'Action', 'Suspense', 'Adventure']"
9781986221948,The Boy & His Ribbon ,Pepper Winters,Pepper Winters,English,"['Romance', 'Dark', 'Contemporary', 'New Adult', 'Contemporary Romance', 'Abuse', 'Coming Of Age']"
9781788951227,The Boy I Am,K.L. Kettle,Little Tiger Press Group,English,"['Dystopia', 'Young Adult', 'Science Fiction', 'Fiction', 'Fantasy', 'LGBT', 'Feminism']"
9780385339674,The Brethren,John Grisham,Delta,English,"['Fiction', 'Thriller', 'Mystery', 'Legal Thriller', 'Crime', 'Suspense', 'Mystery Thriller']"
9780330419451,The Briar King ,Greg Keyes,Tor / Pan Macmillan UK,English,"['Fantasy', 'Fiction', 'Epic Fantasy', 'High Fantasy', 'Science Fiction Fantasy', 'Adventure', 'Epic']"
9780451490827,The Bride Test ,Helen Hoang,Berkley,English,"['Romance', 'Contemporary', 'Fiction', 'Contemporary Romance', 'Adult', 'Audiobook', 'Chick Lit']"
9780892963881,The Bridesmaid,Ruth Rendell,Mysterious Press,English,"['Mystery', 'Fiction', 'Crime', 'Thriller', 'Suspense', 'Psychological Thriller', 'British Literature']"
9780316858540,The Bridge,Iain Banks,"Little, Brown",English,"['Fiction', 'Fantasy', 'Science Fiction', 'Contemporary', 'Scotland', 'Thriller', 'Literature']"
9780446364492,The Bridges of Madison County,Robert James Waller,Grand Central Publishing,English,"['Fiction', 'Romance', 'Classics', 'Chick Lit', 'Contemporary', 'Novels', 'Adult']"
9781400095957,The Brief History of the Dead,Kevin Brockmeier,Vintage,English,"['Fiction', 'Fantasy', 'Science Fiction', 'Horror', 'Novels', 'Death', 'Post Apocalyptic']"
9781594489587,The Brief Wondrous Life of Oscar Wao,Junot Díaz,Riverhead Books,English,"['Fiction', 'Contemporary', 'Magical Realism', 'Literary Fiction', 'Novels', 'Historical Fiction', 'Literature']"
9780553285819,The Bristling Wood ,Katharine Kerr,Spectra,English,"['Fantasy', 'Fiction', 'Epic Fantasy', 'High Fantasy', 'Science Fiction Fantasy', 'Magic', 'Epic']"
9780451476203,The Broken Girls,Simone St. James,Berkley,English,"['Mystery', 'Thriller', 'Fiction', 'Historical Fiction', 'Horror', 'Mystery Thriller', 'Paranormal']"
9781416549970,The Broken Window ,Jeffery Deaver,Simon & Schuster,English,"['Mystery', 'Thriller', 'Crime', 'Fiction', 'Mystery Thriller', 'Suspense', 'Detective']"
9780006513223,The Bronze Horseman ,Paullina Simons,HarperCollins,English,"['Historical Fiction', 'Romance', 'Historical', 'Historical Romance', 'Fiction', 'War', 'Russia']"
9780140131680,The Buddha of Suburbia,Hanif Kureishi,Penguin Books,English,"['Fiction', 'Contemporary', 'British Literature', 'Novels', 'LGBT', 'Coming Of Age', '20th Century']"
9780241512425,The Bullet That Missed ,Richard Osman,Viking,English,"['Mystery', 'Fiction', 'Crime', 'Audiobook', 'Mystery Thriller', 'Thriller', 'Humor']"
9780446677127,The Burden of Proof ,Scott Turow,Grand Central Publishing,English,"['Fiction', 'Mystery', 'Thriller', 'Legal Thriller', 'Crime', 'Suspense', 'Mystery Thriller']"
9780399244551,The Burning Bridge ,John Flanagan,Viking Books for Young Readers,English,"['Fantasy', 'Young Adult', 'Fiction', 'Adventure', 'Middle Grade', 'Childrens', 'Young Adult Fantasy']"
9781984825025,The Burning Girls,C.J. Tudor,Ballantine Books,English,"['Horror', 'Thriller', 'Mystery', 'Fiction', 'Mystery Thriller', 'Audiobook', 'Crime']"
9781368024129,The Burning Maze ,Rick Riordan,Disney-Hyperion Books,English,"['Fantasy', 'Mythology', 'Young Adult', 'Middle Grade', 'Fiction', 'Adventure', 'Greek Mythology']"
9780446611237,The Cabinet of Curiosities ,Douglas Preston,Warner Books,English,"['Mystery', 'Thriller', 'Fiction', 'Horror', 'Mystery Thriller', 'Suspense', 'Crime']"
9780373484980,The Calhoun Women: Lilah & Suzanna ,Nora Roberts,Silhouette,English,"['Romance', 'Contemporary Romance', 'Contemporary', 'Fiction', 'Anthologies', 'M F Romance', 'Chick Lit']"
9780373285099,"The Calhouns: Catherine, Amanda and Lilah ",Nora Roberts,Silhouette Books,English,"['Romance', 'Contemporary Romance', 'Fiction', 'Contemporary', 'Chick Lit', 'Mystery', 'Adult']"
9780061797057,The Calling ,Kelley Armstrong,Harper,English,"['Young Adult', 'Fantasy', 'Paranormal', 'Urban Fantasy', 'Supernatural', 'Romance', 'Shapeshifters']"
9780836218527,The Calvin and Hobbes Lazy Sunday Book ,Bill Watterson,Andrews McMeel Publishing,English,"['Comics', 'Humor', 'Graphic Novels', 'Fiction', 'Comic Strips', 'Comic Book', 'Childrens']"
9780836204384,The Calvin and Hobbes Tenth Anniversary Book,Bill Watterson,Andrews McMeel Publishing,English,"['Comics', 'Humor', 'Graphic Novels', 'Fiction', 'Graphic Novels Comics', 'Comic Strips', 'Comic Book']"
9781881780076,The Camp of the Saints,Jean Raspail,Social Contract Pr,English,"['Fiction', 'Politics', 'Dystopia', 'Literature', 'France', 'Race', 'Novels']"
9781476716763,The Candy House,Jennifer Egan,Scribner,English,"['Fiction', 'Science Fiction', 'Literary Fiction', 'Contemporary', 'Audiobook', 'Fantasy', 'Speculative Fiction']"
9780425116845,The Cardinal of the Kremlin ,Tom Clancy,Berkley Publishing Group,English,"['Fiction', 'Thriller', 'Espionage', 'Military Fiction', 'Action', 'Suspense', 'Mystery']"
9780064410120,The Carnivorous Carnival ,Lemony Snicket,HarperCollins Publishers,English,"['Fiction', 'Young Adult', 'Childrens', 'Middle Grade', 'Fantasy', 'Mystery', 'Adventure']"
9780807612989,The Carpathians,Janet Frame,George Braziller,English,"['Fiction', 'Magical Realism', 'Literary Fiction', '20th Century', 'Novels', 'Contemporary']"
9780061728914,The Carrie Diaries ,Candace Bushnell,Balzer + Bray,English,"['Young Adult', 'Chick Lit', 'Fiction', 'Romance', 'Contemporary', 'Teen', 'High School']"
9780062910691,The Cartographers,Peng Shepherd,William Morrow,English,"['Fantasy', 'Fiction', 'Mystery', 'Magical Realism', 'Thriller', 'Mystery Thriller', 'Audiobook']"
9780310226055,The Case for Christ,Lee Strobel,Zondervan,English,"['Christian', 'Nonfiction', 'Religion', 'Christianity', 'Faith', 'Theology', 'Spirituality']"
9780440409410,The Castle in the Attic ,Elizabeth Winthrop,Yearling,English,"['Fantasy', 'Childrens', 'Fiction', 'Middle Grade', 'Young Adult', 'Adventure', 'Magic']"
9780316228534,The Casual Vacancy,J.K. Rowling,"Little, Brown and Company",English,"['Fiction', 'Contemporary', 'Mystery', 'Adult', 'Adult Fiction', 'Drama', 'Unfinished']"
9780393305999,The Casualty,Heinrich Böll,W. W. Norton & Company,English,"['Short Stories', 'Fiction', 'German Literature', 'Germany', 'War', 'World War II', 'Historical Fiction']"
9780316058216,The Cat Who Came for Christmas ,Cleveland Amory,Back Bay Books,English,"['Nonfiction', 'Animals', 'Christmas', 'Cats', 'Memoir', 'Biography', 'Holiday']"
9780515115642,The Cat Who Came to Breakfast ,Lilian Jackson Braun,Jove Books,English,"['Mystery', 'Fiction', 'Cozy Mystery', 'Cats', 'Animals', 'Crime', 'Audiobook']"
9781101158326,The Cat Who Had 14 Tales,Lilian Jackson Braun,Penguin Group (USA),English,"['Mystery', 'Fiction', 'Short Stories', 'Cats', 'Cozy Mystery', 'Animals', 'Crime']"
9780515090505,The Cat Who Played Brahms ,Lilian Jackson Braun,Jove,English,"['Mystery', 'Fiction', 'Cozy Mystery', 'Cats', 'Animals', 'Crime', 'Detective']"
9780747250371,The Cat Who Played Post Office ,Lilian Jackson Braun,Headline,English,"['Mystery', 'Fiction', 'Cats', 'Cozy Mystery', 'Animals', 'Crime', 'Detective']"
9780515129946,The Cat Who Robbed a Bank ,Lilian Jackson Braun,Berkley,English,"['Mystery', 'Fiction', 'Cozy Mystery', 'Cats', 'Animals', 'Crime', 'Humor']"
9780515120271,The Cat Who Said Cheese ,Lilian Jackson Braun,Jove Books,English,"['Mystery', 'Fiction', 'Cats', 'Cozy Mystery', 'Animals', 'Crime', 'Audiobook']"
9780515090161,The Cat Who Saw Red ,Lilian Jackson Braun,Jove Books,English,"['Mystery', 'Fiction', 'Cats', 'Cozy Mystery', 'Animals', 'Crime', 'Mystery Thriller']"
9780515099546,The Cat Who Sniffed Glue ,Lilian Jackson Braun,Berkley,English,"['Mystery', 'Fiction', 'Cats', 'Cozy Mystery', 'Animals', 'Crime', 'Mystery Thriller']"
9780515122404,The Cat Who Tailed a Thief ,Lilian Jackson Braun,Berkley,English,"['Mystery', 'Fiction', 'Cozy Mystery', 'Cats', 'Animals', 'Audiobook', 'Crime']"
9780515102659,The Cat Who Talked to Ghosts ,Lilian Jackson Braun,Jove Books,English,"['Mystery', 'Fiction', 'Cats', 'Cozy Mystery', 'Animals', 'Crime', 'Mystery Thriller']"
9780441094998,The Cat Who Walks Through Walls,Robert A. Heinlein,Ace,English,"['Science Fiction', 'Fiction', 'Science Fiction Fantasy', 'Fantasy', 'Time Travel', 'Mystery', 'Adventure']"
9780679762898,The Catcher Was a Spy: The Mysterious Life of Moe Berg,Nicholas Dawidoff,Vintage,English,"['Baseball', 'Sports', 'Biography', 'History', 'Nonfiction', 'Espionage', 'World War II']"
9781416928140,The Celery Stalks at Midnight ,James Howe,Atheneum Books for Young Readers,English,"['Childrens', 'Fiction', 'Fantasy', 'Humor', 'Mystery', 'Animals', 'Middle Grade']"
9780553567731,The Cereal Murders ,Diane Mott Davidson,Bantam,English,"['Mystery', 'Fiction', 'Cozy Mystery', 'Mystery Thriller', 'Audiobook', 'Food', 'Culinary']"
9781368098175,The Chalice of the Gods ,Rick Riordan,Disney Hyperion,English,"['Fantasy', 'Mythology', 'Middle Grade', 'Young Adult', 'Fiction', 'Greek Mythology', 'Adventure']"
9781524760984,The Chalk Man,C.J. Tudor,Crown,English,"['Thriller', 'Mystery', 'Fiction', 'Horror', 'Mystery Thriller', 'Crime', 'Suspense']"
9780385339667,The Chamber,John Grisham,Delta Trade Paperbacks,English,"['Fiction', 'Thriller', 'Mystery', 'Legal Thriller', 'Crime', 'Suspense', 'Mystery Thriller']"
9780063144040,The Change,Kirsten Miller,William Morrow,English,"['Fantasy', 'Fiction', 'Mystery', 'Magical Realism', 'Thriller', 'Audiobook', 'Mystery Thriller']"
9780063144040,The Change,Kirsten Miller,William Morrow,English,"['Fantasy', 'Fiction', 'Mystery', 'Magical Realism', 'Thriller', 'Audiobook', 'Mystery Thriller']"
9781101906750,The Chilbury Ladies' Choir,Jennifer    Ryan,Crown Publishing Group,English,"['Historical Fiction', 'Fiction', 'World War II', 'Historical', 'War', 'British Literature', 'Audiobook']"
9780007246229,The Children of Húrin,J.R.R. Tolkien,HarperCollins,English,"['Fantasy', 'Fiction', 'Classics', 'High Fantasy', 'Epic Fantasy', 'Adventure', 'Science Fiction Fantasy']"
9780345407863,The Children of Henry VIII,Alison Weir,Ballantine Books,English,"['History', 'Nonfiction', 'Biography', 'Tudor Period', 'Historical', 'British Literature', 'European History']"
9780307279903,The Children of Men,P.D. James,Vintage,English,"['Fiction', 'Science Fiction', 'Dystopia', 'Post Apocalyptic', 'Mystery', 'Thriller', 'Fantasy']"
9780141035109,The Chimney Sweeper's Boy,Barbara Vine,Penguin Books Ltd.,English,"['Mystery', 'Fiction', 'Crime', 'Thriller', 'Mystery Thriller', 'British Literature', 'Suspense']"
9780698192980,The Chosen ,J.R. Ward,Ballantine Books,English,"['Paranormal', 'Romance', 'Vampires', 'Paranormal Romance', 'Fantasy', 'Urban Fantasy', 'Adult']"
9780312555115,The Chosen One,Carol Lynch Williams,St. Martin's Griffin,English,"['Young Adult', 'Fiction', 'Contemporary', 'Realistic Fiction', 'Religion', 'Teen', 'Cults']"
9781250274618,The Christie Affair,Nina de Gramont,St. Martin's Press,English,"['Historical Fiction', 'Mystery', 'Fiction', 'Audiobook', 'Historical', 'Romance', 'Mystery Thriller']"
9781250274618,The Christie Affair,Nina de Gramont,St. Martin's Press,English,"['Historical Fiction', 'Mystery', 'Fiction', 'Audiobook', 'Historical', 'Romance', 'Mystery Thriller']"
9781567920086,The Christmas Oratorio,Göran Tunström,Verba Mundi,English,"['Fiction', 'Sweden', 'Classics', 'Swedish Literature', '20th Century', 'Novels', 'Modern Classics']"
9780552128346,The Chronicles of Mavin Manyshaped ,Sheri S. Tepper,Corgi,English,"['Fantasy', 'Science Fiction', 'Science Fiction Fantasy', 'Fiction']"
9780552139137,The Chronicles of Pern: First Fall ,Anne McCaffrey,Corgi,English,"['Fantasy', 'Science Fiction', 'Dragons', 'Fiction', 'Science Fiction Fantasy', 'Short Stories', 'Adult']"
9780786226740,The Cider House Rules,John Irving,Thorndike Press,English,"['Fiction', 'Classics', 'Historical Fiction', 'Literature', 'Literary Fiction', 'Contemporary', 'Novels']"
9780671496661,The Citadel of the Autarch ,Gene Wolfe,Timescape Books,English,"['Fantasy', 'Science Fiction', 'Fiction', 'Science Fiction Fantasy', 'Novels', 'Audiobook', 'Classics']"
9780375822742,The City of Ember ,Jeanne DuPrau,Random House Children's Books,English,"['Young Adult', 'Dystopia', 'Fantasy', 'Science Fiction', 'Fiction', 'Middle Grade', 'Childrens']"
9780375822742,The City of Ember ,Jeanne DuPrau,Random House Children's Books,English,"['Young Adult', 'Dystopia', 'Fantasy', 'Science Fiction', 'Fiction', 'Middle Grade', 'Childrens']"
9780394746210,"The Civil War, Vol. 2: Fredericksburg to Meridian",Shelby Foote,Vintage Books,English,"['History', 'Civil War', 'Nonfiction', 'American History', 'American Civil War', 'War', 'Military History']"
9780385339087,The Client,John Grisham,Delta Trade Paperbacks,English,"['Fiction', 'Thriller', 'Mystery', 'Crime', 'Suspense', 'Legal Thriller', 'Mystery Thriller']"
9780446699556,The Closers ,Michael Connelly,Grand Central Publishing,English,"['Mystery', 'Fiction', 'Crime', 'Thriller', 'Detective', 'Mystery Thriller', 'Audiobook']"
9780671657154,The Closing of the American Mind,Allan Bloom,Simon & Schuster,English,"['Philosophy', 'Nonfiction', 'Education', 'Politics', 'History', 'Cultural', 'Sociology']"
9780375503061,The Clothes They Stood Up In,Alan Bennett,Random House,English,"['Fiction', 'Humor', 'Audiobook', 'Short Stories', 'Mystery', 'British Literature', 'Comedy']"
9780156032834,The Club Dumas,Arturo Perez-Reverte,HarperVia,English,"['Mystery', 'Fiction', 'Thriller', 'Historical Fiction', 'Books About Books', 'Spain', 'Mystery Thriller']"
9780385495325,The Code Book: The Science of Secrecy from Ancient Egypt to Quantum Cryptography,Simon Singh,Anchor,English,"['Nonfiction', 'Science', 'History', 'Mathematics', 'Computer Science', 'Technology', 'Popular Science']"
9781982115852,"The Code Breaker: Jennifer Doudna, Gene Editing, and the Future of the Human Race",Walter Isaacson,Simon & Schuster,English,"['Science', 'Nonfiction', 'Biography', 'History', 'Biology', 'Audiobook', 'Biography Memoir']"
9780743296786,The Cold Moon ,Jeffery Deaver,Simon & Schuster,English,"['Mystery', 'Thriller', 'Fiction', 'Crime', 'Mystery Thriller', 'Suspense', 'Detective']"
9781250284396,The Collected Regrets of Clover,Mikki Brammer,St Martin's Press,English,"['Fiction', 'Contemporary', 'Romance', 'Audiobook', 'Literary Fiction', 'Adult', 'Death']"
9780446531092,The Collectors ,David Baldacci,Warner Books,English,"['Fiction', 'Mystery', 'Thriller', 'Suspense', 'Crime', 'Mystery Thriller', 'Audiobook']"
9780060855925,The Color of Magic ,Terry Pratchett,Harper,English,"['Fantasy', 'Fiction', 'Humor', 'Comedy', 'Science Fiction Fantasy', 'Science Fiction', 'Magic']"
9781573225786,The Color of Water: A Black Man's Tribute to His White Mother,James   McBride,Riverhead Books,English,"['Nonfiction', 'Memoir', 'Biography', 'Race', 'African American', 'Biography Memoir', 'School']"
9780749391683,The Commitments ,Roddy Doyle,Vintage,English,"['Fiction', 'Ireland', 'Music', 'Irish Literature', 'Humor', 'Contemporary', 'Comedy']"
9780740748479,The Complete Calvin and Hobbes,Bill Watterson,Andrews McMeel Publishing,English,"['Comics', 'Humor', 'Graphic Novels', 'Fiction', 'Classics', 'Comedy', 'Comic Strips']"
9780141014081,The Complete Maus,Art Spiegelman,Penguin Books,English,"['Graphic Novels', 'Comics', 'Nonfiction', 'History', 'Biography', 'Memoir', 'Historical']"
9780141014081,The Complete Maus,Art Spiegelman,Penguin Books,English,"['Graphic Novels', 'Comics', 'Nonfiction', 'History', 'Biography', 'Memoir', 'Historical']"
9780141014081,The Complete Maus,Art Spiegelman,Penguin Books,English,"['Graphic Novels', 'Comics', 'Nonfiction', 'History', 'Biography', 'Memoir', 'Historical']"
9780141014081,The Complete Maus,Art Spiegelman,Penguin Books,English,"['Graphic Novels', 'Comics', 'Nonfiction', 'History', 'Biography', 'Memoir', 'Historical']"
9780375714832,The Complete Persepolis,Marjane Satrapi,Pantheon Books,English,"['Graphic Novels', 'Nonfiction', 'Comics', 'Memoir', 'Biography', 'History', 'Feminism']"
9780395957769,The Complete Poems,Anne Sexton,Mariner Books,English,"['Poetry', 'Classics', 'Fiction', 'Feminism', '20th Century', 'American', 'Womens']"
9780723258049,The Complete Tales,Beatrix Potter,Warne,English,"['Classics', 'Childrens', 'Fiction', 'Picture Books', 'Short Stories', 'Fantasy', 'Animals']"
9780446617581,The Concrete Blonde ,Michael Connelly,Grand Central Publishing,English,"['Mystery', 'Fiction', 'Crime', 'Thriller', 'Detective', 'Mystery Thriller', 'Suspense']"
9780751511154,The Confession of Brother Haluin ,Ellis Peters,Warner Books (NY),English,"['Mystery', 'Historical Fiction', 'Fiction', 'Historical', 'Crime', 'Medieval', 'Historical Mystery']"
9780743287203,The Constant Gardener,John le Carre,Scribner,English,"['Fiction', 'Thriller', 'Mystery', 'Africa', 'Espionage', 'Crime', 'Mystery Thriller']"
9780801841156,The Content of the Form: Narrative Discourse and Historical Representation,Hayden White,Johns Hopkins University Press,English,"['History', 'Philosophy', 'Theory', 'Nonfiction', 'Criticism', 'Academic', '20th Century']"
9780345345035,The Cooking School Murders ,Virginia Rich,Ballantine Books,English,"['Mystery', 'Cozy Mystery', 'Fiction', 'Food and Drink', 'Mystery Thriller', 'Cookbooks', 'Contemporary']"
9780380733385,The Copenhagen Connection,Elizabeth Peters,Avon,English,"['Mystery', 'Fiction', 'Romance', 'Romantic Suspense', 'Audiobook', 'Adventure', 'Denmark']"
9781841156736,The Corrections,Jonathan Franzen,Fourth Estate Paperbacks,English,"['Fiction', 'Contemporary', 'Novels', 'Literary Fiction', 'Literature', 'American', 'Family']"
9780399150869,The Cove  ,Catherine Coulter,G. P. Putnam's Sons,English,"['Mystery', 'Romance', 'Thriller', 'Fiction', 'Suspense', 'Romantic Suspense', 'Mystery Thriller']"
9781841954318,The Crimson Petal and the White,Michel Faber,Canongate Books,English,"['Historical Fiction', 'Fiction', 'Historical', 'Victorian', 'Romance', 'British Literature', 'Adult']"
9780062392176,The Crown ,Kiera Cass,HarperTeen,English,"['Romance', 'Young Adult', 'Dystopia', 'Fantasy', 'Fiction', 'Audiobook', 'Science Fiction']"
9780062422583,The Crown's Game ,Evelyn Skye,Balzer + Bray,English,"['Fantasy', 'Young Adult', 'Historical Fiction', 'Romance', 'Magic', 'Young Adult Fantasy', 'Historical']"
9780786942466,The Crystal Shard ,R.A. Salvatore,Wizards of the Coast,English,"['Fantasy', 'Forgotten Realms', 'Fiction', 'High Fantasy', 'Dungeons and Dragons', 'Epic Fantasy', 'Science Fiction Fantasy']"
9781400032716,The Curious Incident of the Dog in the Night-Time,Mark Haddon,Vintage,English,"['Fiction', 'Mystery', 'Young Adult', 'Classics', 'Autistic Spectrum Disorder', 'Novels', 'Contemporary']"
9780007133611,The Curse of Chalion ,Lois McMaster Bujold,Voyager,English,"['Fantasy', 'Fiction', 'High Fantasy', 'Epic Fantasy', 'Science Fiction Fantasy', 'Romance', 'Audiobook']"
9780060741044,The Dance of Anger: A Woman's Guide to Changing the Patterns of Intimate Relationships,Harriet Lerner,William Morrow & Company,English,"['Nonfiction', 'Psychology', 'Self Help', 'Relationships', 'Personal Development', 'Feminism', 'Mental Health']"
9780060924638,The Dance of Deception: A Guide to Authenticity and Truth-Telling in Women's Relationships,Harriet Lerner,William Morrow Paperbacks,English,"['Psychology', 'Self Help', 'Nonfiction', 'Relationships', 'Feminism', 'Personal Development', 'Communication']"
9780449210376,The Danger,Dick Francis,Fawcett,English,"['Mystery', 'Fiction', 'Thriller', 'Crime', 'Suspense', 'Mystery Thriller', 'British Literature']"
9780345490384,The Dante Club ,Matthew Pearl,Ballantine Books,English,"['Mystery', 'Fiction', 'Historical Fiction', 'Thriller', 'Historical', 'Crime', 'Mystery Thriller']"
9780450524684,The Dark Half,Stephen King,New English Library,English,"['Horror', 'Fiction', 'Thriller', 'Fantasy', 'Supernatural', 'Mystery', 'Paranormal']"
9780425204023,The Dark Place ,Aaron Elkins,Berkley,English,"['Mystery', 'Fiction', 'Anthropology', 'Crime', 'Cozy Mystery', 'Mystery Thriller', 'Contemporary']"
9781484746424,The Dark Prophecy ,Rick Riordan,Disney-Hyperion Books,English,"['Fantasy', 'Mythology', 'Young Adult', 'Middle Grade', 'Fiction', 'Adventure', 'Greek Mythology']"
9780061000034,The Dark Wind ,Tony Hillerman,HarperPaperbacks,English,"['Mystery', 'Fiction', 'Crime', 'Westerns', 'Mystery Thriller', 'Audiobook', 'Detective']"
9780451451804,The Darkest Road ,Guy Gavriel Kay,Roc,English,"['Fantasy', 'Fiction', 'Epic Fantasy', 'High Fantasy', 'Science Fiction Fantasy', 'Canada', 'Arthurian']"
9780373776573,The Darkest Seduction ,Gena Showalter,HQN Books,English,"['Paranormal Romance', 'Paranormal', 'Romance', 'Demons', 'Fantasy', 'Angels', 'Mythology']"
9780804113649,The Daughters of Cain ,Colin Dexter,Ivy Books,English,"['Mystery', 'Crime', 'Fiction', 'Detective', 'British Literature', 'Mystery Thriller', 'Audiobook']"
9780836217353,The Days Are Just Packed ,Bill Watterson,Andrews McMeel Publishing,English,"['Comics', 'Humor', 'Fiction', 'Graphic Novels', 'Comic Strips', 'Graphic Novels Comics', 'Comedy']"
9780593336489,The Dead Romantics,Ashley Poston,Berkley,English,"['Romance', 'Fiction', 'Contemporary', 'Paranormal', 'Fantasy', 'Audiobook', 'Contemporary Romance']"
9780385736848,The Dead-Tossed Waves ,Carrie Ryan,Delacorte Books for Young Readers,English,"['Young Adult', 'Zombies', 'Dystopia', 'Horror', 'Fantasy', 'Fiction', 'Post Apocalyptic']"
9780671458065,The Dean's December,Bellow,Pocket Books,English,"['Fiction', 'Romania', 'Classics', 'American', 'Literature', 'Novels', 'Literary Fiction']"
9780385738774,The Death Cure ,James Dashner,Delacorte Books for Young Readers,English,"['Young Adult', 'Dystopia', 'Science Fiction', 'Fiction', 'Fantasy', 'Adventure', 'Post Apocalyptic']"
9781501156212,The Death of Mrs. Westaway,Ruth Ware,Scout Press,English,"['Mystery', 'Thriller', 'Fiction', 'Mystery Thriller', 'Audiobook', 'Suspense', 'Adult']"
9780380788149,The Death of the Necromancer ,Martha Wells,Eos,English,"['Fantasy', 'Mystery', 'Fiction', 'Steampunk', 'Science Fiction Fantasy', 'Urban Fantasy', 'Magic']"
9780451411877,The Deer Leap ,Martha Grimes,Onyx,English,"['Mystery', 'Fiction', 'Crime', 'British Literature', 'Detective', 'Mystery Thriller', 'Cozy Mystery']"
9780679418603,"The Deluxe Transitive Vampire: The Ultimate Handbook of Grammar for the Innocent, the Eager, and the Doomed",Karen Elizabeth Gordon,Pantheon,English,"['Writing', 'Reference', 'Nonfiction', 'Language', 'Vampires', 'Humor', 'Linguistics']"
9780375508561,The Demon in the Freezer,Richard Preston,Random House,English,"['Nonfiction', 'Science', 'History', 'Medical', 'Medicine', 'Biology', 'Disease']"
9780345409461,The Demon-Haunted World: Science as a Candle in the Dark,Carl Sagan,Ballantine Books,English,"['Science', 'Nonfiction', 'Philosophy', 'Religion', 'History', 'Skepticism', 'Atheism']"
9780515131758,The Descent ,Jeff Long,Berkley,English,"['Horror', 'Fiction', 'Thriller', 'Science Fiction', 'Fantasy', 'Adventure', 'Mystery']"
9780739303405,The Devil in the White City,Erik Larson,Random House Audio Publishing Group,English,"['Nonfiction', 'History', 'True Crime', 'Crime', 'Historical', 'Mystery', 'Audiobook']"
9780609608449,"The Devil in the White City: Murder, Magic, and Madness at the Fair That Changed America",Erik Larson,Crown Publishers,English,"['Nonfiction', 'History', 'True Crime', 'Crime', 'Historical', 'Mystery', 'Audiobook']"
9780142401095,The Devil's Arithmetic,Jane Yolen,Puffin Books,English,"['Historical Fiction', 'Young Adult', 'Holocaust', 'Fiction', 'Historical', 'World War II', 'Time Travel']"
9780446405157,The Devil's Novice ,Ellis Peters,Mysterious Press,English,"['Mystery', 'Historical Fiction', 'Fiction', 'Historical', 'Crime', 'Medieval', 'Historical Mystery']"
9780553380965,"The Diamond Age: Or, a Young Lady's Illustrated Primer",Neal Stephenson,Spectra,English,"['Science Fiction', 'Fiction', 'Cyberpunk', 'Steampunk', 'Fantasy', 'Science Fiction Fantasy', 'Speculative Fiction']"
9780062943514,The Diamond Eye,Kate Quinn,William Morrow,English,"['Historical Fiction', 'Fiction', 'Historical', 'Audiobook', 'World War II', 'War', 'Adult']"
9780345367693,The Diamond Throne ,David Eddings,Del Rey,English,"['Fantasy', 'Fiction', 'Epic Fantasy', 'High Fantasy', 'Science Fiction Fantasy', 'Adventure', 'Magic']"
9780553294613,The Difference Engine,William Gibson,Spectra,English,"['Science Fiction', 'Steampunk', 'Fiction', 'Alternate History', 'Cyberpunk', 'Fantasy', 'Historical Fiction']"
9780752211619,The Dilbert Future: Thriving on Stupidity in the 21st Century ,Scott Adams,Boxtree,English,"['Humor', 'Business', 'Nonfiction', 'Comics', 'Comedy', 'Graphic Novels', 'Management']"
9780451411396,The Dirty Duck ,Martha Grimes,Onyx,English,"['Mystery', 'Fiction', 'Crime', 'British Literature', 'Mystery Thriller', 'Detective', 'Cozy Mystery']"
9780679734451,The Divine Invasion,Philip K. Dick,Vintage,English,"['Science Fiction', 'Fiction', 'Religion', 'Fantasy', 'Philosophy', 'Novels', 'Science Fiction Fantasy']"
9780375701214,The Diving Bell and the Butterfly,Jean-Dominique Bauby,Vintage,English,"['Nonfiction', 'Memoir', 'Biography', 'Biography Memoir', 'Autobiography', 'France', 'Medicine']"
9780679762225,The Djinn in the Nightingale's Eye: Five Fairy Stories,A.S. Byatt,Vintage International,English,"['Short Stories', 'Fantasy', 'Fiction', 'Fairy Tales', 'Magical Realism', 'Literary Fiction', 'Literature']"
9781565847873,The Dogs of Riga ,Henning Mankell,The New Press,English,"['Mystery', 'Crime', 'Fiction', 'Thriller', 'Sweden', 'Scandinavian Literature', 'Mystery Thriller']"
9780345419385,The Dolphins of Pern ,Anne McCaffrey,Del Rey,English,"['Fantasy', 'Science Fiction', 'Dragons', 'Fiction', 'Science Fiction Fantasy', 'Adult', 'Adventure']"
9780373483976,The Donovan Legacy ,Nora Roberts,Silhouette,English,"['Romance', 'Fiction', 'Paranormal Romance', 'Fantasy', 'Contemporary Romance', 'Paranormal', 'Contemporary']"
9781843431930,The Door,Magda Szabó,Harvill Press,English,"['Fiction', 'Hungary', 'Historical Fiction', 'Classics', 'Hungarian Literature', 'Literary Fiction', 'Novels']"
9780698119604,The Door in the Hedge,Robin McKinley,Firebird,English,"['Fantasy', 'Young Adult', 'Short Stories', 'Fairy Tales', 'Fiction', 'Retellings', 'Romance']"
9780698119604,The Door in the Hedge,Robin McKinley,Firebird,English,"['Fantasy', 'Young Adult', 'Short Stories', 'Fairy Tales', 'Fiction', 'Retellings', 'Romance']"
9780763619619,The Dot,Peter H. Reynolds,Candlewick Press,English,"['Picture Books', 'Art', 'Childrens', 'Fiction', 'Inspirational', 'Realistic Fiction', 'Growth Mindset']"
9780765305114,The Dragon Reborn ,Robert Jordan,Tor Fantasy,English,"['Fantasy', 'Fiction', 'Epic Fantasy', 'High Fantasy', 'Science Fiction Fantasy', 'Audiobook', 'Adventure']"
9780756402693,The Dragonbone Chair ,Tad Williams,DAW,English,"['Fantasy', 'Fiction', 'Epic Fantasy', 'High Fantasy', 'Science Fiction Fantasy', 'Dragons', 'Adventure']"
9780451210852,The Drawing of the Three ,Stephen King,Signet,English,"['Fantasy', 'Fiction', 'Horror', 'Science Fiction', 'Adventure', 'Westerns', 'Audiobook']"
9781573229869,The Dream of Scipio,Iain Pears,Riverhead Books,English,"['Historical Fiction', 'Fiction', 'Mystery', 'Historical', 'France', 'Literary Fiction', 'Literature']"
9780812994162,The Dreamers,Karen Thompson Walker,Random House,English,"['Fiction', 'Science Fiction', 'Contemporary', 'Fantasy', 'Adult', 'Audiobook', 'Dystopia']"
9780349100470,The Drowned and the Saved,Primo Levi,Abacus,English,"['History', 'Nonfiction', 'Holocaust', 'Memoir', 'Philosophy', 'Biography', 'War']"
9780708853283,The Druid of Shannara ,Terry Brooks,Orbit,English,"['Fantasy', 'Fiction', 'Epic Fantasy', 'Science Fiction Fantasy', 'High Fantasy', 'Adventure', 'Magic']"
9781857233803,The Druid of Shannara ,Terry Brooks,Del Rey,English,"['Fantasy', 'Fiction', 'Epic Fantasy', 'Science Fiction Fantasy', 'High Fantasy', 'Adventure', 'Magic']"
9780380800827,The Duke and I ,Julia Quinn,Avon Books,English,"['Romance', 'Historical Romance', 'Historical Fiction', 'Historical', 'Fiction', 'Audiobook', 'Adult']"
9780062963673,The Dutch House,Ann Patchett,Harper,English,"['Fiction', 'Historical Fiction', 'Audiobook', 'Literary Fiction', 'Contemporary', 'Historical', 'Adult']"
9780425204399,The Edge,Dick Francis,G.P. Putnam's Sons,English,"['Mystery', 'Fiction', 'Thriller', 'Crime', 'Suspense', 'Mystery Thriller', 'Canada']"
9781480095533,The Edge of Never ,J.A. Redmerski,Createspace Independent Pub,English,"['Romance', 'New Adult', 'Contemporary', 'Contemporary Romance', 'Young Adult', 'Fiction', 'Chick Lit']"
9780345366238,The Eight ,Katherine Neville,Ballantine Books,English,"['Fiction', 'Mystery', 'Historical Fiction', 'Thriller', 'Fantasy', 'Historical', 'Adventure']"
9781933372600,The Elegance of the Hedgehog,Muriel Barbery,Europa Editions,English,"['Fiction', 'France', 'Philosophy', 'Literary Fiction', 'Book Club', 'Novels', 'Contemporary']"
9780375708114,"The Elegant Universe: Superstrings, Hidden Dimensions, and the Quest for the Ultimate Theory",Brian Greene,Vintage Books USA,English,"['Science', 'Nonfiction', 'Physics', 'Astronomy', 'Popular Science', 'Space', 'Philosophy']"
9780380783601,The Elementals,Michael McDowell,Avon,English,"['Horror', 'Fiction', 'Gothic', 'Paranormal', 'Southern Gothic', 'Fantasy', 'Audiobook']"
9781857238273,The Elf Queen of Shannara ,Terry Brooks,Orbit,English,"['Fantasy', 'Fiction', 'Epic Fantasy', 'Science Fiction Fantasy', 'High Fantasy', 'Adventure', 'Magic']"
9780736693417,The Elfstones of Shannara  ,Terry Brooks,Books on Tape,English,"['Fantasy', 'Fiction', 'Epic Fantasy', 'Science Fiction Fantasy', 'High Fantasy', 'Adventure', 'Young Adult']"
9780062059963,The Elite ,Kiera Cass,HarperTeen,English,"['Romance', 'Young Adult', 'Dystopia', 'Fantasy', 'Fiction', 'Audiobook', 'Science Fiction']"
9780099448884,The Emigrants,W.G. Sebald,Vintage,English,"['Fiction', 'German Literature', 'Historical Fiction', 'Germany', 'Novels', 'Literature', '20th Century']"
9780307264190,The Emperor's Children,Claire Messud,Alfred A. Knopf,English,"['Fiction', 'Contemporary', 'Novels', 'Literary Fiction', 'New York', 'Book Club', 'American']"
9780062678164,The Empire of Gold ,S.A. Chakraborty,Harper Voyager,English,"['Fantasy', 'Fiction', 'Historical Fiction', 'Adult', 'Audiobook', 'Romance', 'Mythology']"
9780684855639,The Empty Chair ,Jeffery Deaver,Simon & Schuster,English,"['Mystery', 'Thriller', 'Fiction', 'Crime', 'Mystery Thriller', 'Suspense', 'Detective']"
9780064410168,The End ,Lemony Snicket,HarperCollins Publishers,English,"['Fiction', 'Young Adult', 'Childrens', 'Middle Grade', 'Fantasy', 'Mystery', 'Adventure']"
9780771068713,The English Patient,Michael Ondaatje,McClelland & Stewart,English,"['Fiction', 'Historical Fiction', 'Classics', 'Romance', 'War', 'Historical', 'Canada']"
9780060566210,The Ersatz Elevator ,Lemony Snicket,HarperCollins Publishers,English,"['Fiction', 'Young Adult', 'Childrens', 'Middle Grade', 'Fantasy', 'Mystery', 'Adventure']"
9780836218053,The Essential Calvin and Hobbes: A Calvin and Hobbes Treasury,Bill Watterson,Andrews McMeel Publishing,English,"['Comics', 'Humor', 'Graphic Novels', 'Fiction', 'Graphic Novels Comics', 'Childrens', 'Comedy']"
9780141321318,The Eternity Code ,Eoin Colfer,Puffin,English,"['Fantasy', 'Young Adult', 'Fiction', 'Middle Grade', 'Science Fiction', 'Childrens', 'Adventure']"
9780525954989,The Evening and the Morning ,Ken Follett,Viking,English,"['Historical Fiction', 'Fiction', 'Historical', 'Audiobook', 'Fantasy', 'British Literature', 'Medieval']"
9780812511819,The Eye of the World ,Robert Jordan,Tor Books,English,"['Fantasy', 'Fiction', 'Epic Fantasy', 'High Fantasy', 'Science Fiction Fantasy', 'Audiobook', 'Adventure']"
9780142001806,The Eyre Affair ,Jasper Fforde,Penguin Books,English,"['Fantasy', 'Fiction', 'Mystery', 'Humor', 'Science Fiction', 'Books About Books', 'Time Travel']"
9780965900584,"The Fabric of the Cosmos: Space, Time, and the Texture of Reality",Brian Greene,Alfred Knopf,English,"['Science', 'Nonfiction', 'Physics', 'Astronomy', 'Popular Science', 'Space', 'Philosophy']"
9780965900584,"The Fabric of the Cosmos: Space, Time, and the Texture of Reality",Brian Greene,Alfred Knopf,English,"['Science', 'Nonfiction', 'Physics', 'Astronomy', 'Popular Science', 'Space', 'Philosophy']"
9780804108584,The Face of a Stranger ,Anne Perry,Fawcett,English,"['Mystery', 'Historical Fiction', 'Fiction', 'Historical Mystery', 'Historical', 'Crime', 'Mystery Thriller']"
9780440910091,The Face On the Milk Carton,Caroline B. Cooney,Bantam Books,English,"['Young Adult', 'Mystery', 'Fiction', 'Childrens', 'Realistic Fiction', 'Teen', 'Middle Grade']"
9780385323284,The Face on the Milk Carton ,Caroline B. Cooney,Delacorte Press,English,"['Young Adult', 'Mystery', 'Fiction', 'Childrens', 'Realistic Fiction', 'Teen', 'Middle Grade']"
9780373802456,The Fairy Godmother ,Mercedes Lackey,Luna,English,"['Fantasy', 'Romance', 'Fairy Tales', 'Fiction', 'Magic', 'Science Fiction Fantasy', 'Retellings']"
9780810959255,The Fairy-Tale Detectives ,Michael Buckley,Amulet Books,English,"['Fantasy', 'Mystery', 'Middle Grade', 'Childrens', 'Fiction', 'Fairy Tales', 'Young Adult']"
9780553288209,The Fall of Hyperion ,Dan Simmons,Spectra,English,"['Science Fiction', 'Fiction', 'Fantasy', 'Space Opera', 'Science Fiction Fantasy', 'Audiobook', 'Time Travel']"
9780060722296,The Falls,Joyce Carol Oates,Harper Perennial,English,"['Fiction', 'Historical Fiction', 'Literary Fiction', 'Contemporary', 'Novels', 'Literature', 'American']"
9780836212006,The Far Side,Gary Larson,Andrews McMeel Publishing,English,"['Comics', 'Humor', 'Graphic Novels', 'Fiction', 'Comedy', 'Comic Strips', 'Cartoon']"
9780836220629,The Far Side Gallery,Gary Larson,Andrews McMeel Publishing,English,"['Comics', 'Humor', 'Graphic Novels', 'Fiction', 'Comedy', 'Comic Strips', 'Graphic Novels Comics']"
9780836220629,The Far Side Gallery,Gary Larson,Andrews McMeel Publishing,English,"['Comics', 'Humor', 'Graphic Novels', 'Fiction', 'Comedy', 'Comic Strips', 'Graphic Novels Comics']"
9780836204254,The Far Side® Gallery 5,Gary Larson,Andrews McMeel Publishing,English,"['Comics', 'Humor', 'Fiction', 'Graphic Novels', 'Comedy', 'Comic Strips', 'Cartoon']"
9781984853752,The Farm,Joanne Ramos,Random House,English,"['Fiction', 'Dystopia', 'Science Fiction', 'Contemporary', 'Adult', 'Audiobook', 'Feminism']"
9780394753669,The Fatal Shore: The Epic of Australia's Founding,Robert Hughes,Vintage Books,English,"['History', 'Nonfiction', 'Australia', 'World History', 'Historical', 'Travel', '19th Century']"
9780571207763,The Feast of the Goat,Mario Vargas Llosa,Faber and Faber,English,"['Fiction', 'Historical Fiction', 'Novels', 'Spanish Literature', 'Latin American', 'Nobel Prize', 'Literature']"
9780525619475,The Ferryman,Justin Cronin,Ballantine Books,English,"['Science Fiction', 'Fiction', 'Dystopia', 'Fantasy', 'Thriller', 'Mystery', 'Audiobook']"
9780440221661,The Fiery Cross ,Diana Gabaldon,Dell,English,"['Historical Fiction', 'Romance', 'Fantasy', 'Fiction', 'Time Travel', 'Historical', 'Historical Romance']"
9780679721826,The Fifth Child,Doris Lessing,Vintage International,English,"['Fiction', 'Horror', 'Classics', 'Gothic', 'Novels', 'Nobel Prize', 'Literature']"
9780552154222,The Fifth Elephant ,Terry Pratchett,Corgi,English,"['Fantasy', 'Fiction', 'Humor', 'Comedy', 'Science Fiction Fantasy', 'Audiobook', 'Mystery']"
9780062336385,The Fill-In Boyfriend,Kasie West,HarperTeen,English,"['Romance', 'Young Adult', 'Contemporary', 'Chick Lit', 'Young Adult Contemporary', 'High School', 'Fiction']"
9780765311788,The Final Empire ,Brandon Sanderson,Tor Books,English,"['Fantasy', 'Fiction', 'High Fantasy', 'Epic Fantasy', 'Adult', 'Magic', 'Audiobook']"
9780316371124,The Final Gambit ,Jennifer Lynn Barnes,"Little, Brown Books for Young Readers",English,"['Mystery', 'Young Adult', 'Romance', 'Fiction', 'Mystery Thriller', 'Contemporary', 'Thriller']"
9780593201237,The Final Girl Support Group,Grady Hendrix,Berkley,English,"['Horror', 'Thriller', 'Fiction', 'Mystery', 'Mystery Thriller', 'Adult', 'Audiobook']"
9780062200631,The Fireman,Joe Hill,William Morrow,English,"['Horror', 'Fiction', 'Science Fiction', 'Fantasy', 'Thriller', 'Dystopia', 'Post Apocalyptic']"
9781857232097,The Fires of Heaven ,Robert Jordan,Orbit,English,"['Fantasy', 'Fiction', 'Epic Fantasy', 'High Fantasy', 'Science Fiction Fantasy', 'Audiobook', 'Epic']"
9780582418271,The Firm,John Grisham,Addison Wesley Publishing Company,English,"['Fiction', 'Thriller', 'Mystery', 'Crime', 'Suspense', 'Mystery Thriller', 'Legal Thriller']"
9780440211457,The Firm ,John Grisham,Dell,English,"['Fiction', 'Thriller', 'Mystery', 'Crime', 'Legal Thriller', 'Suspense', 'Mystery Thriller']"
9780671751173,The First Evil ,R.L. Stine,Simon Pulse,English,"['Horror', 'Young Adult', 'Fiction', 'Childrens', 'Paranormal', 'Teen', 'Thriller']"
9780783816012,The First Man,Albert Camus,G K Hall & Co,English,"['Fiction', 'Philosophy', 'Classics', 'France', 'Literature', 'French Literature', 'Novels']"
9780783816012,The First Man,Albert Camus,G K Hall & Co,English,"['Fiction', 'Philosophy', 'Classics', 'France', 'Literature', 'French Literature', 'Novels']"
9780380710812,The First Man in Rome ,Colleen McCullough,Avon,English,"['Historical Fiction', 'Fiction', 'Historical', 'Italy', 'Roman', 'Ancient History', 'Novels']"
9780451410382,The Five Bells and Bladebone ,Martha Grimes,NAL,English,"['Mystery', 'Fiction', 'Crime', 'British Literature', 'Mystery Thriller', 'Cozy Mystery', 'Detective']"
9780156029582,The Flanders Panel,Arturo Perez-Reverte,Harvest Books,English,"['Mystery', 'Fiction', 'Historical Fiction', 'Thriller', 'Crime', 'Art', 'Spain']"
9781787474406,The Flatshare,Beth O'Leary,Quercus,English,"['Romance', 'Contemporary', 'Fiction', 'Chick Lit', 'Contemporary Romance', 'Audiobook', 'Adult']"
9781476797380,The Flood Girls,Richard  Fifield,Gallery Books,English,"['Fiction', 'Contemporary', 'Humor', 'Audiobook', 'Chick Lit', 'Adult Fiction', 'Adult']"
9780575090859,The Forest of Hands and Teeth ,Carrie Ryan,Gollancz,English,"['Young Adult', 'Zombies', 'Horror', 'Fantasy', 'Dystopia', 'Fiction', 'Post Apocalyptic']"
9781982158934,The Forest of Vanishing Stars,Kristin Harmel,Gallery Books,English,"['Historical Fiction', 'Fiction', 'World War II', 'Historical', 'Audiobook', 'War', 'Holocaust']"
9780440413509,The Forestwife ,Theresa Tomlinson,Yearling,English,"['Fantasy', 'Young Adult', 'Historical Fiction', 'Fiction', 'Historical', 'Medieval', 'Retellings']"
9780330449601,The Forgotten Garden,Kate Morton,Pan Books,English,"['Fiction', 'Historical Fiction', 'Mystery', 'Historical', 'Romance', 'Adult Fiction', 'Adult']"
9780571219353,The Fortress of Solitude,Jonathan Lethem,Faber and Faber,English,"['Fiction', 'New York', 'Contemporary', 'Novels', 'Literature', 'Literary Fiction', 'Historical Fiction']"
9780670037728,The Fourth Bear ,Jasper Fforde,Viking Penguin,English,"['Fantasy', 'Mystery', 'Fiction', 'Humor', 'Crime', 'Comedy', 'Fairy Tales']"
9780061092039,The Fourth Estate,Jeffrey Archer,HarperPaperbacks,English,"['Fiction', 'Thriller', 'Drama', 'Historical Fiction', 'Mystery', 'Novels', 'Mystery Thriller']"
9780099642619,The Fourth Protocol,Frederick Forsyth,Arrow Books,English,"['Fiction', 'Thriller', 'Espionage', 'Mystery', 'Suspense', 'Spy Thriller', 'Adventure']"
9780061140983,The Fury / Dark Reunion ,L.J. Smith,HarperTeen,English,"['Young Adult', 'Vampires', 'Fantasy', 'Paranormal', 'Romance', 'Supernatural', 'Fiction']"
9780553295092,The Gap Into Conflict: The Real Story ,Stephen R. Donaldson,Spectra Books,English,"['Science Fiction', 'Fiction', 'Fantasy', 'Space Opera', 'Science Fiction Fantasy', 'Speculative Fiction', 'Space']"
9780553071795,The Gap Into Madness: Chaos and Order ,Stephen R. Donaldson,Spectra / Bantam Books,English,"['Science Fiction', 'Fiction', 'Fantasy', 'Space Opera', 'Science Fiction Fantasy', 'Adventure', 'Speculative Fiction']"
9780553562606,The Gap Into Power: A Dark and Hungry God Arises ,Stephen R. Donaldson,Spectra,English,"['Science Fiction', 'Fiction', 'Fantasy', 'Space Opera', 'Science Fiction Fantasy', 'Speculative Fiction', 'Novels']"
9780553562606,The Gap Into Power: A Dark and Hungry God Arises ,Stephen R. Donaldson,Spectra,English,"['Science Fiction', 'Fiction', 'Fantasy', 'Space Opera', 'Science Fiction Fantasy', 'Speculative Fiction', 'Novels']"
9780553071801,The Gap Into Ruin: This Day All Gods Die ,Stephen R. Donaldson,Spectra,English,"['Science Fiction', 'Fiction', 'Fantasy', 'Space Opera', 'Science Fiction Fantasy', 'Speculative Fiction', 'Epic']"
9780684804521,The Garden of Eden,Ernest Hemingway,Scribner,English,"['Classics', 'Fiction', 'Literature', 'Novels', 'Romance', 'American', 'France']"
9780385524940,The Gargoyle,Andrew  Davidson,Doubleday,English,"['Fiction', 'Fantasy', 'Historical Fiction', 'Romance', 'Historical', 'Contemporary', 'Gothic']"
9780006482703,The Gate to Women's Country,Sheri S. Tepper,Voyager,English,"['Science Fiction', 'Fiction', 'Fantasy', 'Dystopia', 'Feminism', 'Post Apocalyptic', 'Science Fiction Fantasy']"
9780006482703,The Gate to Women's Country,Sheri S. Tepper,Voyager,English,"['Science Fiction', 'Fiction', 'Fantasy', 'Dystopia', 'Feminism', 'Post Apocalyptic', 'Science Fiction Fantasy']"
9780440240945,The Gates of Rome ,Conn Iggulden,Dell Books,English,"['Historical Fiction', 'Fiction', 'Historical', 'Fantasy', 'War', 'Roman', 'Italy']"
9780756400606,The Gates of Sleep ,Mercedes Lackey,DAW,English,"['Fantasy', 'Fiction', 'Fairy Tales', 'Magic', 'Romance', 'Historical Fiction', 'Science Fiction Fantasy']"
9780756400606,The Gates of Sleep ,Mercedes Lackey,DAW,English,"['Fantasy', 'Fiction', 'Fairy Tales', 'Magic', 'Romance', 'Historical Fiction', 'Science Fiction Fantasy']"
9780061797026,The Gathering ,Kelley Armstrong,Harper,English,"['Young Adult', 'Fantasy', 'Paranormal', 'Urban Fantasy', 'Romance', 'Supernatural', 'Fiction']"
9781400043330,The General in His Labyrinth,Gabriel García Márquez,Everyman's Library,English,"['Fiction', 'Historical Fiction', 'Classics', 'Magical Realism', 'Literature', 'Novels', 'Spanish Literature']"
9780446364805,The General's Daughter,Nelson DeMille,Grand Central Publishing,English,"['Fiction', 'Mystery', 'Thriller', 'Suspense', 'Crime', 'Mystery Thriller', 'Military Fiction']"
9780062382801,The Gentleman's Guide to Vice and Virtue ,Mackenzi Lee,Katherine Tegen Books,English,"['Historical Fiction', 'Young Adult', 'Romance', 'LGBT', 'Historical', 'Fiction', 'Queer']"
9780091796266,The Ghost,Robert   Harris,Hutchinson,English,"['Fiction', 'Thriller', 'Mystery', 'Crime', 'Politics', 'Mystery Thriller', 'Historical Fiction']"
9780441286027,The Ghost Light,Fritz Leiber,Ace Books,English,"['Fantasy', 'Horror', 'Science Fiction', 'Short Stories', 'Fiction']"
9781594489259,"The Ghost Map: The Story of London's Most Terrifying Epidemic—and How It Changed Science, Cities, and the Modern World",Steven Johnson,Riverhead Hardcover,English,"['History', 'Nonfiction', 'Science', 'Medicine', 'Medical', 'Historical', 'Health']"
9780452276727,The Ghost Road ,Pat Barker,A William Abrahams Book/Plume,English,"['Fiction', 'Historical Fiction', 'War', 'World War I', 'Historical', 'Literature', 'British Literature']"
9780061003455,The Ghostway ,Tony Hillerman,HarperTorch,English,"['Mystery', 'Fiction', 'Mystery Thriller', 'Westerns', 'Crime', 'Audiobook', 'Native Americans']"
9780449001158,The Gift of Asher Lev,Chaim Potok,Fawcett Books,English,"['Fiction', 'Jewish', 'Judaism', 'Religion', 'Classics', 'Historical Fiction', 'Literature']"
9781250144546,The Gilded Wolves ,Roshani Chokshi,Wednesday Books,English,"['Fantasy', 'Young Adult', 'Historical Fiction', 'Historical', 'Young Adult Fantasy', 'Fiction', 'LGBT']"
9781250144546,The Gilded Wolves ,Roshani Chokshi,Wednesday Books,English,"['Fantasy', 'Young Adult', 'Historical Fiction', 'Historical', 'Young Adult Fantasy', 'Fiction', 'LGBT']"
9780375704536,The Girl at the Lion d'Or,Sebastian Faulks,Vintage,English,"['Fiction', 'Historical Fiction', 'France', 'Historical', 'Romance', 'War', 'Literature']"
9781250200358,The Girl He Used to Know,Tracey Garvis Graves,St. Martin's Press,English,"['Romance', 'Fiction', 'Contemporary', 'Contemporary Romance', 'Chick Lit', 'Adult', 'Audiobook']"
9781594633669,The Girl on the Train,Paula Hawkins,Riverhead Books,English,"['Fiction', 'Mystery', 'Thriller', 'Mystery Thriller', 'Crime', 'Suspense', 'Contemporary']"
9780446582223,The Girl She Used to Be,David Cristofano,Grand Central Publishing,English,"['Fiction', 'Mystery', 'Romance', 'Chick Lit', 'Contemporary', 'Adult Fiction', 'Suspense']"
9780553807219,The Girl Who Chased the Moon,Sarah Addison Allen,Bantam,English,"['Fiction', 'Magical Realism', 'Fantasy', 'Romance', 'Chick Lit', 'Contemporary', 'Magic']"
9781250780867,The Girl Who Fell Beneath the Sea,Axie Oh,Feiwel & Friends,English,"['Fantasy', 'Young Adult', 'Romance', 'Mythology', 'Fiction', 'Retellings', 'Young Adult Fantasy']"
9781565126800,The Girl Who Fell from the Sky,Heidi W. Durrow,Algonquin Books,English,"['Fiction', 'Young Adult', 'Historical Fiction', 'Coming Of Age', 'African American', 'Audiobook', 'Race']"
9780385732390,The Girl Who Invented Romance,Caroline B. Cooney,Delacorte Books for Young Readers,English,"['Young Adult', 'Romance', 'Realistic Fiction', 'Teen', 'Fiction', 'Chick Lit', 'Novels']"
9780307269997,The Girl Who Kicked the Hornet's Nest ,Stieg Larsson,Knopf,English,"['Fiction', 'Mystery', 'Thriller', 'Crime', 'Mystery Thriller', 'Suspense', 'Contemporary']"
9781416524298,The Girl Who Loved Tom Gordon,Stephen King,Pocket,English,"['Horror', 'Fiction', 'Thriller', 'Suspense', 'Mystery', 'Fantasy', 'Survival']"
9780307269980,The Girl Who Played with Fire ,Stieg Larsson,Alfred A. Knopf,English,"['Fiction', 'Mystery', 'Thriller', 'Crime', 'Mystery Thriller', 'Suspense', 'Contemporary']"
9780307269980,The Girl Who Played with Fire ,Stieg Larsson,Alfred A. Knopf,English,"['Fiction', 'Mystery', 'Thriller', 'Crime', 'Mystery Thriller', 'Suspense', 'Contemporary']"
9780307269980,The Girl Who Played with Fire ,Stieg Larsson,Alfred A. Knopf,English,"['Fiction', 'Mystery', 'Thriller', 'Crime', 'Mystery Thriller', 'Suspense', 'Contemporary']"
9780349003528,The Girl Who...,Andreina Cordani,"Little, Brown Book Group UK",English,"['Young Adult', 'Contemporary', 'Mystery', 'Fiction', 'Crime', 'Thriller', 'Mystery Thriller']"
9780670069019,The Girl with the Dragon Tattoo ,Stieg Larsson,Viking Canada,English,"['Fiction', 'Mystery', 'Thriller', 'Crime', 'Mystery Thriller', 'Suspense', 'Contemporary']"
9780812998603,The Girls,Emma Cline,Random House,English,"['Fiction', 'Historical Fiction', 'Contemporary', 'Audiobook', 'Literary Fiction', 'Historical', 'Adult']"
9780143035473,The Girls' Guide to Hunting and Fishing,Melissa Bank,Penguin Books,English,"['Fiction', 'Chick Lit', 'Short Stories', 'Contemporary', 'Romance', 'Adult Fiction', 'Humor']"
9780385732550,The Giver ,Lois Lowry,Ember,English,"['Young Adult', 'Fiction', 'Classics', 'Dystopia', 'Science Fiction', 'Fantasy', 'School']"
9780399562488,The Giver of Stars,Jojo Moyes,Pamela Dorman Books,English,"['Historical Fiction', 'Fiction', 'Audiobook', 'Romance', 'Historical', 'Adult', 'Book Club']"
9780575075795,The Glamour,Christopher Priest,Gollancz / Orion,English,"['Fantasy', 'Science Fiction', 'Fiction', 'Mystery', 'Speculative Fiction', 'Contemporary', 'Literature']"
9780743247542,The Glass Castle,Jeannette Walls,Scribner,English,"['Nonfiction', 'Memoir', 'Biography', 'Biography Memoir', 'Autobiography', 'Book Club', 'Audiobook']"
9780525521143,The Glass Hotel,Emily St. John Mandel,Alfred A. Knopf,English,"['Fiction', 'Contemporary', 'Mystery', 'Literary Fiction', 'Audiobook', 'Adult', 'Canada']"
9780375758775,The Glass Palace,Amitav Ghosh,Random House Trade Paperbacks,English,"['Fiction', 'Historical Fiction', 'Historical', 'Indian Literature', 'Novels', 'Literary Fiction', 'Literature']"
9781595148414,The Glittering Court ,Richelle Mead,Razorbill,English,"['Fantasy', 'Young Adult', 'Romance', 'Fiction', 'Historical Fiction', 'Young Adult Fantasy', 'Historical']"
9780618680009,The God Delusion,Richard Dawkins,Houghton Mifflin Co.,English,"['Nonfiction', 'Religion', 'Science', 'Philosophy', 'Atheism', 'Psychology', 'Spirituality']"
9780618680009,The God Delusion,Richard Dawkins,Houghton Mifflin Co.,English,"['Nonfiction', 'Religion', 'Science', 'Philosophy', 'Atheism', 'Psychology', 'Spirituality']"
9780679457312,The God of Small Things,Arundhati Roy,Random House,English,"['Fiction', 'India', 'Historical Fiction', 'Classics', 'Contemporary', 'Literary Fiction', 'Indian Literature']"
9780671449025,The Going To Bed Book,Sandra Boynton,Boynton Bookworks,English,"['Picture Books', 'Childrens', 'Fiction', 'Animals', 'Kids', 'Humor', 'Juvenile']"
9780812579840,The Golden Age ,John C. Wright,Tor Books,English,"['Science Fiction', 'Fiction', 'Space Opera', 'Fantasy', 'Science Fiction Fantasy', 'Singularity', 'Novels']"
9780679879244,The Golden Compass ,Philip Pullman,Knopf,English,"['Fantasy', 'Young Adult', 'Fiction', 'Childrens', 'Adventure', 'Middle Grade', 'Science Fiction']"
9781250273208,The Golden Couple,Greer Hendricks,St. Martin's Press,English,"['Thriller', 'Fiction', 'Mystery', 'Audiobook', 'Mystery Thriller', 'Suspense', 'Adult']"
9781595143181,The Golden Lily ,Richelle Mead,Razorbill,English,"['Young Adult', 'Fantasy', 'Vampires', 'Paranormal', 'Romance', 'Urban Fantasy', 'Magic']"
9780062430267,The Good Daughter ,Karin Slaughter,William Morrow,English,"['Thriller', 'Mystery', 'Fiction', 'Mystery Thriller', 'Audiobook', 'Crime', 'Suspense']"
9780312426088,The Good German,Joseph Kanon,Picador,English,"['Historical Fiction', 'Fiction', 'Mystery', 'World War II', 'Thriller', 'Germany', 'Historical']"
9781250120953,The Good Sister,Sally Hepworth,St. Martin's Press,English,"['Thriller', 'Fiction', 'Mystery', 'Audiobook', 'Mystery Thriller', 'Suspense', 'Contemporary']"
9780586090046,The Good Terrorist,Doris Lessing,Harper Collins Publishers,English,"['Fiction', 'Novels', 'Politics', 'Literary Fiction', 'Literature', 'British Literature', 'Nobel Prize']"
9781582349909,The Goose Girl ,Shannon Hale,Bloomsbury Children's Books,English,"['Fantasy', 'Young Adult', 'Romance', 'Fairy Tales', 'Fiction', 'Retellings', 'Middle Grade']"
9781250145444,The Grace Year,Kim Liggett,Wednesday Books,English,"['Young Adult', 'Dystopia', 'Fantasy', 'Fiction', 'Science Fiction', 'Horror', 'Audiobook']"
9781409172888,The Grave's a Fine and Private Place ,Alan Bradley,Orion,English,"['Mystery', 'Fiction', 'Historical Fiction', 'Audiobook', 'Historical', 'Young Adult', 'British Literature']"
9780060530921,The Graveyard Book,Neil Gaiman,HarperCollins,English,"['Fantasy', 'Young Adult', 'Fiction', 'Horror', 'Middle Grade', 'Paranormal', 'Childrens']"
9780312851408,The Great Hunt ,Robert Jordan,Tor Books,English,"['Fantasy', 'Fiction', 'Epic Fantasy', 'High Fantasy', 'Science Fiction Fantasy', 'Audiobook', 'Adventure']"
9789382665465,The Great War of Hind ,Vaibhav Anand,Srishti Publishers,English,"['Mythology', 'Fantasy', 'Fiction', 'India']"
9789382665465,The Great War of Hind ,Vaibhav Anand,Srishti Publishers,English,"['Mythology', 'Fantasy', 'Fiction', 'India']"
9780142400296,The Green Man: Tales from the Mythic Forest,Ellen Datlow,Firebird,English,"['Fantasy', 'Short Stories', 'Anthologies', 'Fiction', 'Mythology', 'Young Adult', 'Fairy Tales']"
9780451933027,The Green Mile,Stephen King,Penguin Signet,English,"['Horror', 'Fiction', 'Fantasy', 'Thriller', 'Mystery', 'Classics', 'Crime']"
9780553574661,The Grilling Season ,Diane Mott Davidson,Bantam,English,"['Mystery', 'Fiction', 'Cozy Mystery', 'Culinary', 'Mystery Thriller', 'Food', 'Cooking']"
9780064410144,The Grim Grotto ,Lemony Snicket,HarperCollins Publishers,English,"['Fiction', 'Young Adult', 'Childrens', 'Middle Grade', 'Fantasy', 'Mystery', 'Adventure']"
9780312254995,The Ground Beneath Her Feet,Salman Rushdie,Picador,English,"['Fiction', 'Magical Realism', 'India', 'Literature', 'Music', 'Novels', 'Romance']"
9780060533984,The Growing Pains of Adrian Mole ,Sue Townsend,HarperTeen,English,"['Fiction', 'Young Adult', 'Humor', 'Comedy', 'British Literature', 'Contemporary', 'Childrens']"
9780333710937,The Gruffalo ,Julia Donaldson,Macmillan Pub Ltd,English,"['Picture Books', 'Childrens', 'Fiction', 'Animals', 'Fantasy', 'Poetry', 'Storytime']"
9780385340991,The Guernsey Literary and Potato Peel Pie Society,Mary Ann Shaffer,The Dial Press,English,"['Historical Fiction', 'Fiction', 'Romance', 'Historical', 'World War II', 'Book Club', 'War']"
9780525542285,The Guncle ,Steven  Rowley,G.P. Putnam's Sons,English,"['Fiction', 'LGBT', 'Contemporary', 'Audiobook', 'Humor', 'Adult', 'Queer']"
9780753814017,The Gunpowder Plot: Terror and Faith in 1605,Antonia Fraser,W&N,English,"['History', 'Nonfiction', 'British Literature', 'Historical', 'Religion', '17th Century', 'Politics']"
9780553248647,The Haj,Leon Uris,Bantam,English,"['Historical Fiction', 'Fiction', 'Israel', 'Historical', 'Novels', 'Jewish', 'Thriller']"
9781423160922,The Hammer of Thor ,Rick Riordan,Disney-Hyperion Books,English,"['Fantasy', 'Mythology', 'Young Adult', 'Middle Grade', 'Fiction', 'Adventure', 'LGBT']"
9780312969134,The Hanging Garden ,Ian Rankin,Minotaur Books,English,"['Crime', 'Mystery', 'Fiction', 'Scotland', 'Thriller', 'Detective', 'Mystery Thriller']"
9781538715635,The Happy Ever After Playlist ,Abby Jimenez,Forever,English,"['Romance', 'Contemporary', 'Fiction', 'Contemporary Romance', 'Audiobook', 'Chick Lit', 'Adult']"
9780553270228,The Haunted Mesa,Louis L'Amour,Bantam,English,"['Westerns', 'Fiction', 'Mystery', 'Historical Fiction', 'Fantasy', 'Horror', 'Science Fiction']"
9780241480748,The Hawthorne Legacy ,Jennifer Lynn Barnes,Penguin,English,"['Mystery', 'Young Adult', 'Romance', 'Fiction', 'Contemporary', 'Mystery Thriller', 'Thriller']"
9781250147905,The Hazel Wood ,Melissa Albert,Flatiron Books,English,"['Fantasy', 'Young Adult', 'Fiction', 'Young Adult Fantasy', 'Fairy Tales', 'Mystery', 'Audiobook']"
9780451490841,The Heart Principle ,Helen Hoang,Berkley,English,"['Romance', 'Contemporary', 'Fiction', 'Contemporary Romance', 'Adult', 'Audiobook', 'Chick Lit']"
9780399155345,The Help,Kathryn Stockett,G.P. Putnam's Sons,English,"['Fiction', 'Historical Fiction', 'Historical', 'Adult', 'Adult Fiction', 'Contemporary', 'Audiobook']"
9780778310204,The Henna Artist ,Alka Joshi,Mira Books,English,"['Historical Fiction', 'Fiction', 'Audiobook', 'India', 'Historical', 'Adult', 'Book Club']"
9780446400008,The Heretic's Apprentice ,Ellis Peters,Mysterious Press,English,"['Mystery', 'Historical Fiction', 'Fiction', 'Historical', 'Medieval', 'Crime', 'Historical Mystery']"
9780316037532,The Heretic's Daughter,Kathleen Kent,"Little, Brown and Company",English,"['Historical Fiction', 'Fiction', 'Historical', 'Witches', 'Book Club', 'Adult', 'Audiobook']"
9780751511147,The Hermit of Eyton Forest ,Ellis Peters,Sphere,English,"['Mystery', 'Historical Fiction', 'Fiction', 'Historical', 'Historical Mystery', 'Medieval', 'Crime']"
9780441013050,The Hero and the Crown,Robin McKinley,Penguin Berkley,,"['Fantasy', 'Young Adult', 'Fiction', 'Dragons', 'Adventure', 'Romance', 'Magic']"
9780688025939,The Hero and the Crown ,Robin McKinley,Greenwillow Books,English,"['Fantasy', 'Young Adult', 'Fiction', 'Dragons', 'Adventure', 'Romance', 'Magic']"
9780765316899,The Hero of Ages ,Brandon Sanderson,Tor Books,English,"['Fantasy', 'Fiction', 'Epic Fantasy', 'High Fantasy', 'Adult', 'Audiobook', 'Magic']"
9781416978978,The Hidden ,Jessica Verday,Simon Pulse,English,"['Young Adult', 'Paranormal', 'Ghosts', 'Romance', 'Fantasy', 'Supernatural', 'Paranormal Romance']"
9781484732748,The Hidden Oracle ,Rick Riordan,Disney-Hyperion Books,English,"['Fantasy', 'Mythology', 'Young Adult', 'Middle Grade', 'Fiction', 'Adventure', 'Greek Mythology']"
9780593465271,The Hill We Climb: An Inaugural Poem for the Country,Amanda Gorman,Viking Books,English,"['Nonfiction', 'Politics', 'Audiobook', 'History', 'Adult', 'Contemporary', 'Social Justice']"
9780593465271,The Hill We Climb: An Inaugural Poem for the Country,Amanda Gorman,Viking Books,English,"['Nonfiction', 'Politics', 'Audiobook', 'History', 'Adult', 'Contemporary', 'Social Justice']"
9780571224647,The History Boys,Alan Bennett,Faber & Faber,English,"['Plays', 'Drama', 'Fiction', 'LGBT', 'Theatre', 'Classics', 'Queer']"
9780393328622,The History of Love,Nicole Krauss,W. W. Norton & Company,English,"['Fiction', 'Historical Fiction', 'Romance', 'Contemporary', 'Literary Fiction', 'Novels', 'Book Club']"
9781860467226,The History of the Siege of Lisbon,José Saramago,Harvill Press,English,"['Fiction', 'Portugal', 'Historical Fiction', 'Portuguese Literature', 'Literature', 'Nobel Prize', 'Novels']"
9780575074019,The Hollow Chocolate Bunnies of the Apocalypse,Robert Rankin,Gollancz,English,"['Fantasy', 'Fiction', 'Humor', 'Mystery', 'Comedy', 'Science Fiction', 'Science Fiction Fantasy']"
9781859844885,The Holocaust Industry: Reflections on the Exploitation of Jewish Suffering,Norman G. Finkelstein,Verso,English,"['History', 'Nonfiction', 'Politics', 'Holocaust', 'Religion', 'War', 'Jewish']"
9780446403634,The Holy Thief ,Ellis Peters,Mysterious Press,English,"['Mystery', 'Historical Fiction', 'Fiction', 'Historical', 'Medieval', 'Crime', 'Historical Mystery']"
9781982123918,The Honey-Don't List,Christina Lauren,Gallery Books,English,"['Romance', 'Contemporary', 'Fiction', 'Contemporary Romance', 'Audiobook', 'Adult', 'Chick Lit']"
9780671578640,The Honor of the Queen ,David Weber,Baen,English,"['Science Fiction', 'Space Opera', 'Fiction', 'Military Fiction', 'Military Science Fiction', 'Space', 'Science Fiction Fantasy']"
9781942874003,The Hooker and the Hermit ,L.H. Cosway,Smashwords,English,"['Romance', 'Sports', 'Contemporary', 'Contemporary Romance', 'Sports Romance', 'Humor', 'New Adult']"
9780440222651,The Horse Whisperer,Nicholas Evans,Dell Publishing Company,English,"['Fiction', 'Romance', 'Animals', 'Horses', 'Contemporary', 'Drama', 'Adult']"
9780316068048,The Host ,Stephenie Meyer,"Little, Brown and Company",English,"['Young Adult', 'Fantasy', 'Science Fiction', 'Romance', 'Fiction', 'Dystopia', 'Paranormal']"
9781405206129,The Hostile Hospital ,Lemony Snicket,Egmont,English,"['Fiction', 'Young Adult', 'Childrens', 'Middle Grade', 'Fantasy', 'Mystery', 'Adventure']"
9780385479561,The Hot Zone,Richard   Preston,Anchor Books Doubleday,English,"['Nonfiction', 'Science', 'History', 'Medicine', 'Medical', 'Horror', 'Thriller']"
9780316258678,The Hotel Nantucket,Elin Hilderbrand,"Little, Brown and Company",English,"['Fiction', 'Romance', 'Audiobook', 'Chick Lit', 'Contemporary', 'Historical Fiction', 'Mystery']"
9780060393496,The Hour I First Believed,Wally Lamb,Harper,English,"['Fiction', 'Historical Fiction', 'Contemporary', 'Adult Fiction', 'Adult', 'Literary Fiction', 'Novels']"
9780312305062,The Hours,Michael Cunningham,Picador,English,"['Fiction', 'Historical Fiction', 'Contemporary', 'Literary Fiction', 'LGBT', 'Novels', 'Classics']"
9780330448444,The House at Riverton,Kate Morton,Pan,English,"['Historical Fiction', 'Fiction', 'Mystery', 'Historical', 'Romance', 'Gothic', 'British Literature']"
9781982186142,The House Is on Fire,Rachel Beanland,Simon & Schuster,English,"['Historical Fiction', 'Fiction', 'Historical', 'Mystery', 'Audiobook', 'Adult', 'Adult Fiction']"
9781982197360,The House of Eve,Sadeqa Johnson,Simon & Schuster,English,"['Historical Fiction', 'Fiction', 'Audiobook', 'Romance', 'Historical', 'Race', 'African American']"
9780689852237,The House of the Scorpion ,Nancy Farmer,Atheneum Books for Young Readers,English,"['Young Adult', 'Science Fiction', 'Dystopia', 'Fiction', 'Fantasy', 'Teen', 'Adventure']"
9780553383805,The House of the Spirits,Isabel Allende,Dial Press Trade Paperback,English,"['Fiction', 'Magical Realism', 'Historical Fiction', 'Fantasy', 'Spanish Literature', 'Historical', 'Novels']"
9780679734772,The House on Mango Street,Sandra Cisneros,Knopf Doubleday Publishing Group,English,"['Fiction', 'Classics', 'Young Adult', 'Short Stories', 'School', 'Coming Of Age', 'Contemporary']"
9780312427801,The Housekeeper and the Professor,Yōko Ogawa,Picador,English,"['Fiction', 'Japan', 'Japanese Literature', 'Contemporary', 'Literary Fiction', 'Asia', 'Asian Literature']"
9780804111096,The Hundred Secret Senses,Amy Tan,Ivy Books,English,"['Fiction', 'Historical Fiction', 'China', 'Asia', 'Asian Literature', 'Contemporary', 'Novels']"
9780439023481,The Hunger Games ,Suzanne Collins,Scholastic Press,English,"['Young Adult', 'Fiction', 'Fantasy', 'Dystopia', 'Science Fiction', 'Teen', 'Audiobook']"
9780425172902,The Hunt for Red October ,Tom Clancy,Berkley Trade,English,"['Fiction', 'Thriller', 'Military Fiction', 'Mystery', 'Suspense', 'Espionage', 'Adventure']"
9780553278002,The Icarus Agenda,Robert Ludlum,Bantam,English,"['Fiction', 'Thriller', 'Mystery', 'Espionage', 'Suspense', 'Adventure', 'Action']"
9780333733677,The Ice House,Minette Walters,Macmillan,English,"['Mystery', 'Crime', 'Fiction', 'Thriller', 'Mystery Thriller', 'Suspense', 'British Literature']"
9780316706001,The Ice Storm,Rick Moody,Back Bay Books,English,"['Fiction', 'Novels', 'Literary Fiction', 'Contemporary', 'American', 'Literature', 'Historical Fiction']"
9780399244568,The Icebound Land ,John Flanagan,Viking Books for Young Readers,English,"['Fantasy', 'Young Adult', 'Fiction', 'Adventure', 'Middle Grade', 'Childrens', 'Young Adult Fantasy']"
9781400052172,The Immortal Life of Henrietta Lacks,Rebecca Skloot,Crown Publishing Group,English,"['Nonfiction', 'Science', 'History', 'Biography', 'Medicine', 'Audiobook', 'Medical']"
9780373210510,The Immortal Rules ,Julie Kagawa,Harlequin Teen,English,"['Vampires', 'Young Adult', 'Fantasy', 'Paranormal', 'Dystopia', 'Romance', 'Urban Fantasy']"
9780373210510,The Immortal Rules ,Julie Kagawa,Harlequin Teen,English,"['Vampires', 'Young Adult', 'Fantasy', 'Paranormal', 'Dystopia', 'Romance', 'Urban Fantasy']"
9780735213180,The Immortalists,Chloe  Benjamin,G.P. Putnam's Sons,English,"['Fiction', 'Fantasy', 'Historical Fiction', 'Contemporary', 'Audiobook', 'Magical Realism', 'Literary Fiction']"
9781595143198,The Indigo Spell ,Richelle Mead,Razorbill,English,"['Young Adult', 'Fantasy', 'Vampires', 'Paranormal', 'Romance', 'Magic', 'Urban Fantasy']"
9780751500288,The Indispensable Calvin and Hobbes,Bill Watterson,Sphere,English,"['Comics', 'Humor', 'Graphic Novels', 'Fiction', 'Childrens', 'Graphic Novels Comics', 'Comedy']"
9780060924980,The Infinite Plan,"Margaret Sayers Peden (Translated By) Allende, Isabel; Isabel Allende",HarperPerennial,English,"['Fiction', 'Historical Fiction', 'Magical Realism', 'Spanish Literature', 'Novels', 'Romance', 'Literature']"
9781368052405,The Inheritance Games ,Jennifer Lynn Barnes,"Little, Brown Books for Young Readers",English,"['Mystery', 'Young Adult', 'Romance', 'Fiction', 'Fantasy', 'Contemporary', 'Mystery Thriller']"
9780802142818,The Inheritance of Loss,Kiran Desai,Grove Press,English,"['Fiction', 'India', 'Historical Fiction', 'Indian Literature', 'Literary Fiction', 'Asia', 'Literature']"
9780316473538,The Ink Black Heart ,Robert Galbraith,Mulholland Books,English,"['Mystery', 'Fiction', 'Crime', 'Audiobook', 'Thriller', 'Mystery Thriller', 'Contemporary']"
9780670033447,The Inner Circle,T. Coraghessan Boyle,Viking Adult,English,"['Fiction', 'Historical Fiction', 'Literary Fiction', 'Novels', 'Sexuality', 'Contemporary', 'Romance']"
9780439813765,The Invention of Hugo Cabret,Brian Selznick,Scholastic Press,English,"['Historical Fiction', 'Fiction', 'Young Adult', 'Middle Grade', 'Childrens', 'Graphic Novels', 'Fantasy']"
9780765387561,The Invisible Life of Addie LaRue,V.E. Schwab,Tor Books,English,"['Fantasy', 'Fiction', 'Romance', 'Historical Fiction', 'Adult', 'Historical', 'Magical Realism']"
9780373210138,The Iron Daughter ,Julie Kagawa,Harlequin Teen,English,"['Fantasy', 'Young Adult', 'Romance', 'Paranormal', 'Fae', 'Fairies', 'Magic']"
9780380972333,The Iron Dragon's Daughter,Michael Swanwick,Avon Books,English,"['Fantasy', 'Fiction', 'Science Fiction', 'Dragons', 'Steampunk', 'Science Fiction Fantasy', 'Urban Fantasy']"
9780373210084,The Iron King ,Julie Kagawa,Harlequin Teen,English,"['Fantasy', 'Young Adult', 'Romance', 'Paranormal', 'Fae', 'Fairies', 'Urban Fantasy']"
9780373210367,The Iron Knight ,Julie Kagawa,Harlequin TEEN,English,"['Fantasy', 'Young Adult', 'Romance', 'Fae', 'Paranormal', 'Fairies', 'Magic']"
9780373210183,The Iron Queen ,Julie Kagawa,Harlequin Teen,English,"['Fantasy', 'Young Adult', 'Romance', 'Fae', 'Paranormal', 'Fairies', 'Magic']"
9780373210183,The Iron Queen ,Julie Kagawa,Harlequin Teen,English,"['Fantasy', 'Young Adult', 'Romance', 'Fae', 'Paranormal', 'Fairies', 'Magic']"
9780156030373,The Island of the Day Before,Umberto Eco,HarperVia,English,"['Fiction', 'Historical Fiction', 'Literature', 'Fantasy', 'Italian Literature', 'Historical', 'Novels']"
9780312942373,The Isle of Glass ,Judith Tarr,St Martins Pr,English,"['Fantasy', 'Historical Fiction', 'Fiction', 'Historical Fantasy', 'Historical', 'Alternate History', 'High Fantasy']"
9781982155261,The It Girl,Ruth Ware,Scout Press,English,"['Mystery', 'Thriller', 'Fiction', 'Mystery Thriller', 'Audiobook', 'Suspense', 'Adult']"
9780452286535,The Jane Austen Book Club,Karen Joy Fowler,G.P. Putnam's Sons,English,"['Fiction', 'Chick Lit', 'Romance', 'Contemporary', 'Books About Books', 'Adult Fiction', 'Adult']"
9781250248732,The Jane Austen Society,Natalie Jenner,St. Martin's Press,English,"['Historical Fiction', 'Fiction', 'Historical', 'Audiobook', 'Romance', 'Books About Books', 'Adult']"
9780312989385,The Janson Directive ,Robert Ludlum,St. Martin's Paperbacks,English,"['Fiction', 'Thriller', 'Espionage', 'Mystery', 'Suspense', 'Action', 'Mystery Thriller']"
9780804109819,The Jewel That Was Ours ,Colin Dexter,Ivy Books,English,"['Mystery', 'Fiction', 'Crime', 'British Literature', 'Detective', 'Mystery Thriller', 'Audiobook']"
9780679731832,The Journalist and the Murderer,Janet Malcolm,Vintage,English,"['Nonfiction', 'True Crime', 'Journalism', 'Crime', 'Psychology', 'Writing', 'Essays']"
9780765389121,The Kaiju Preservation Society,John Scalzi,Tor Books,English,"['Science Fiction', 'Fiction', 'Fantasy', 'Humor', 'Adventure', 'Audiobook', 'Adult']"
9780440223924,The Keys to the Street,Ruth Rendell,Dell Publishing,English,"['Mystery', 'Fiction', 'Crime', 'Thriller', 'Mystery Thriller', 'Suspense', 'British Literature']"
9780345311993,The Killing Doll,Ruth Rendell,Fawcett,English,"['Mystery', 'Fiction', 'Crime', 'Thriller', 'Horror', 'Suspense', 'Mystery Thriller']"
9780345379054,The King Beyond the Gate ,David Gemmell,Del Rey,English,"['Fantasy', 'Fiction', 'Epic Fantasy', 'Heroic Fantasy', 'High Fantasy', 'Sword and Sorcery', 'Adventure']"
9780060835774,The King of Attolia ,Megan Whalen Turner,Greenwillow Books,English,"['Fantasy', 'Young Adult', 'Fiction', 'Adventure', 'Romance', 'Young Adult Fantasy', 'High Fantasy']"
9780385339650,The King of Torts,John Grisham,Delta,English,"['Fiction', 'Thriller', 'Mystery', 'Legal Thriller', 'Suspense', 'Crime', 'Mystery Thriller']"
9781524739010,The Kingdom of Back,Marie Lu,G.P. Putnam's Sons Books for Young Readers,English,"['Fantasy', 'Historical Fiction', 'Young Adult', 'Historical', 'Fiction', 'Young Adult Fantasy', 'Magical Realism']"
9780008239442,The Kingdom of Copper ,S.A. Chakraborty,Harper Voyager,English,"['Fantasy', 'Fiction', 'Historical Fiction', 'Adult', 'Audiobook', 'Magic', 'Mythology']"
9780008239442,The Kingdom of Copper ,S.A. Chakraborty,Harper Voyager,English,"['Fantasy', 'Fiction', 'Historical Fiction', 'Adult', 'Audiobook', 'Magic', 'Mythology']"
9780060224974,The King's Equal,Katherine Paterson,HarperCollins,English,"['Picture Books', 'Fantasy', 'Childrens', 'Fiction', 'Fairy Tales', 'Middle Grade', 'Juvenile']"
9781793307507,The Kiss Thief,L.J. Shen,Independently published,English,"['Romance', 'Contemporary', 'New Adult', 'Contemporary Romance', 'Dark', 'Adult', 'Fiction']"
9781933718002,The Kissing Hand,Audrey Penn,Tanglewood,English,"['Picture Books', 'Childrens', 'Animals', 'Family', 'Fiction', 'School', 'Love']"
9780143038108,The Kitchen God's Wife,Amy Tan,Penguin Books,English,"['Fiction', 'Historical Fiction', 'China', 'Asia', 'Contemporary', 'Asian Literature', 'Historical']"
9781439153666,The Kitchen House,Kathleen Grissom,Atria Books,English,"['Historical Fiction', 'Fiction', 'Historical', 'Book Club', 'Audiobook', 'Adult', 'Adult Fiction']"
9780765309891,The Knight  ,Gene Wolfe,Tor Books,English,"['Fantasy', 'Fiction', 'Science Fiction', 'Science Fiction Fantasy', 'Speculative Fiction', 'Novels', 'High Fantasy']"
9780679824121,The Knight at Dawn ,Mary Pope Osborne,Random House,English,"['Fantasy', 'Childrens', 'Fiction', 'Historical Fiction', 'Chapter Books', 'Adventure', 'Middle Grade']"
9780060852573,The Lacuna,Barbara Kingsolver,Harper,English,"['Fiction', 'Historical Fiction', 'Historical', 'Novels', 'Literary Fiction', 'Art', 'Book Club']"
9780452285453,The Lady and the Unicorn,Tracy Chevalier,Penguin Books,English,"['Historical Fiction', 'Fiction', 'Historical', 'Art', 'France', 'Romance', 'Medieval']"
9780345495358,The Lady Elizabeth,Alison Weir,Ballantine Books,English,"['Historical Fiction', 'Historical', 'Fiction', 'Tudor Period', 'British Literature', '16th Century', 'Adult']"
9781400047857,The Lady in the Tower ,Jean Plaidy,Crown,English,"['Historical Fiction', 'Historical', 'Fiction', 'Tudor Period', 'British Literature', '16th Century', 'Romance']"
9780375704970,The Lake of Darkness,Ruth Rendell,Vintage Crime/Black Lizard,English,"['Mystery', 'Fiction', 'Crime', 'Thriller', 'British Literature', 'Suspense', 'Mystery Thriller']"
9780345487155,The Lake of Dead Languages,Carol Goodman,Ballantine,English,"['Mystery', 'Fiction', 'Thriller', 'Mystery Thriller', 'Gothic', 'Suspense', 'Contemporary']"
9785550472644,The Landower Legacy,Victoria Holt,Doubleday,English,"['Romance', 'Gothic', 'Historical Fiction', 'Fiction', 'Historical Romance', 'Mystery', 'Gothic Romance']"
9780345525543,The Language of Flowers,Vanessa Diffenbaugh,Ballantine Books,English,"['Fiction', 'Romance', 'Contemporary', 'Book Club', 'Adult Fiction', 'Adult', 'Chick Lit']"
9780385479172,The Language of Life: A Festival of Poets,Bill Moyers,Bantam Doubleday Dell,English,"['Poetry', 'Nonfiction', 'Anthologies', 'Philosophy', 'Cultural', 'Reference', 'Literature']"
9780553564921,The Last Command ,Timothy Zahn,Random House Worlds,English,"['Star Wars', 'Science Fiction', 'Fiction', 'Fantasy', 'Space Opera', 'Science Fiction Fantasy', 'Audiobook']"
9780552154185,The Last Continent ,Terry Pratchett,Corgi,English,"['Fantasy', 'Fiction', 'Humor', 'Comedy', 'Science Fiction Fantasy', 'Audiobook', 'Magic']"
9780752809441,The Last Coyote ,Michael Connelly,Orion,English,"['Mystery', 'Fiction', 'Crime', 'Thriller', 'Detective', 'Mystery Thriller', 'Suspense']"
9780345451903,The Last Detective ,Robert Crais,Ballantine Books,English,"['Mystery', 'Fiction', 'Crime', 'Thriller', 'Detective', 'Mystery Thriller', 'Suspense']"
9780241512449,The Last Devil to Die ,Richard Osman,Viking,English,"['Mystery', 'Fiction', 'Crime', 'Audiobook', 'Mystery Thriller', 'Cozy Mystery', 'Thriller']"
9780241512449,The Last Devil to Die ,Richard Osman,Viking,English,"['Mystery', 'Fiction', 'Crime', 'Audiobook', 'Mystery Thriller', 'Cozy Mystery', 'Thriller']"
9780099468455,The Last Family in England,Matt Haig,Vintage Books,English,"['Fiction', 'Animals', 'Audiobook', 'Contemporary', 'Dogs', 'Fantasy', 'Family']"
9781728215723,The Last Flight,Julie   Clark,Sourcebooks Landmark,English,"['Thriller', 'Fiction', 'Mystery', 'Mystery Thriller', 'Suspense', 'Adult', 'Audiobook']"
9781786492913,The Last House Guest,Megan Miranda,Corvus,English,"['Mystery', 'Thriller', 'Fiction', 'Mystery Thriller', 'Audiobook', 'Suspense', 'Adult']"
9781250267962,The Last House on the Street,Diane Chamberlain,St. Martin's Press,English,"['Historical Fiction', 'Mystery', 'Fiction', 'Audiobook', 'Thriller', 'Mystery Thriller', 'Historical']"
9780385339681,The Last Juror,John Grisham,Delta,English,"['Fiction', 'Thriller', 'Mystery', 'Legal Thriller', 'Crime', 'Suspense', 'Mystery Thriller']"
9780060887186,The Last Kingdom ,Bernard Cornwell,HarperCollins,English,"['Historical Fiction', 'Fiction', 'Historical', 'Fantasy', 'Medieval', 'Adventure', 'Audiobook']"
9781401323257,The Last Lecture,Randy Pausch,Hachette Books,English,"['Nonfiction', 'Memoir', 'Biography', 'Self Help', 'Inspirational', 'Philosophy', 'Autobiography']"
9780385313315,"The Last Lion: Winston Spencer Churchill: Alone, 1932-40",William Manchester,Bantam,English,"['Biography', 'History', 'Nonfiction', 'Politics', 'World War II', 'Biography Memoir', 'War']"
9780385313315,"The Last Lion: Winston Spencer Churchill: Alone, 1932-40",William Manchester,Bantam,English,"['Biography', 'History', 'Nonfiction', 'Politics', 'World War II', 'Biography Memoir', 'War']"
9780751525359,The Last Precinct ,Patricia Cornwell,,English,"['Mystery', 'Fiction', 'Crime', 'Thriller', 'Mystery Thriller', 'Suspense', 'Murder Mystery']"
9780062358202,The Last Romantics,Tara Conklin,Mariner Books,English,"['Fiction', 'Contemporary', 'Audiobook', 'Literary Fiction', 'Family', 'Romance', 'Adult Fiction']"
9780786887002,The Last Samurai,Helen DeWitt,Miramax,English,"['Fiction', 'Contemporary', 'Novels', 'Literary Fiction', 'Literature', 'American', 'Historical Fiction']"
9780446547567,The Last Song,Nicholas Sparks,Grand Central,English,"['Romance', 'Fiction', 'Young Adult', 'Contemporary', 'Chick Lit', 'Adult', 'Drama']"
9780399162435,The Last Star ,Rick Yancey,G.P. Putnam's Sons Books for Young Readers,English,"['Young Adult', 'Science Fiction', 'Dystopia', 'Fiction', 'Aliens', 'Fantasy', 'Romance']"
9780553572582,The Last Suppers ,Diane Mott Davidson,Bantam Books,English,"['Mystery', 'Cozy Mystery', 'Fiction', 'Mystery Thriller', 'Culinary', 'Food', 'Audiobook']"
9780385469623,The Last Tsar: The Life and Death of Nicholas II,Edvard Radzinsky,Anchor,English,"['History', 'Biography', 'Nonfiction', 'Russia', 'Russian History', 'Biography Memoir', 'Romanovs']"
9780989598415,The Law of Attraction ,N.M. Silber,Mendelssohn Levy Publishing,English,"['Romance', 'Contemporary Romance', 'Contemporary', 'Humor', 'Chick Lit', 'Adult', 'New Adult']"
9781563898587,"The League of Extraordinary Gentlemen, Vol. 1",Alan Moore,America's Best Comics,English,"['Graphic Novels', 'Comics', 'Fantasy', 'Fiction', 'Steampunk', 'Graphic Novels Comics', 'Science Fiction']"
9780142501092,The Legend of Luke ,Brian Jacques,Firebird,English,"['Fantasy', 'Young Adult', 'Fiction', 'Childrens', 'Adventure', 'Animals', 'Middle Grade']"
9780099457053,The Liar,Stephen Fry,Arrow,English,"['Fiction', 'Humor', 'Contemporary', 'Comedy', 'British Literature', 'LGBT', 'Novels']"
9781476740188,The Library Book,Susan Orlean,Simon & Schuster,English,"['Nonfiction', 'History', 'Books About Books', 'Audiobook', 'True Crime', 'Adult', 'Historical']"
9780553804676,The Lies of Locke Lamora ,Scott Lynch,Bantam Spectra,English,"['Fantasy', 'Fiction', 'Adventure', 'High Fantasy', 'Adult', 'Epic Fantasy', 'Audiobook']"
9780767919364,The Life and Times of the Thunderbolt Kid,Bill Bryson,Crown,English,"['Nonfiction', 'Memoir', 'Humor', 'Biography', 'Autobiography', 'Biography Memoir', 'Audiobook']"
9780345425508,The Life of Elizabeth I,Alison Weir,Ballantine Books,English,"['History', 'Biography', 'Nonfiction', 'Historical', 'Tudor Period', 'British Literature', 'Biography Memoir']"
9781451681734,The Light Between Oceans,M.L. Stedman,Scribner,English,"['Fiction', 'Historical Fiction', 'Australia', 'Historical', 'Book Club', 'Romance', 'Adult']"
9780061020704,The Light Fantastic ,Terry Pratchett,HarperTorch,English,"['Fantasy', 'Fiction', 'Humor', 'Comedy', 'Science Fiction Fantasy', 'Magic', 'Adventure']"
9781501196416,The Light Over London,Julia  Kelly,Gallery Books,English,"['Historical Fiction', 'Fiction', 'World War II', 'Historical', 'Romance', 'War', 'Audiobook']"
9780307275738,The Lighthouse ,P.D. James,Vintage,English,"['Mystery', 'Fiction', 'Crime', 'Detective', 'Mystery Thriller', 'British Literature', 'Thriller']"
9780670018864,The Likeness ,Tana French,Viking Adult,English,"['Mystery', 'Fiction', 'Crime', 'Thriller', 'Mystery Thriller', 'Ireland', 'Audiobook']"
9780670018864,The Likeness ,Tana French,Viking Adult,English,"['Mystery', 'Fiction', 'Crime', 'Thriller', 'Mystery Thriller', 'Ireland', 'Audiobook']"
9780735222359,The Lincoln Highway,Amor Towles,Viking,English,"['Fiction', 'Historical Fiction', 'Audiobook', 'Historical', 'Literary Fiction', 'Adventure', 'Book Club']"
9780739464465,The Line of Beauty,Alan Hollinghurst,Bloomsbury,English,"['Fiction', 'LGBT', 'Queer', 'Gay', 'Literary Fiction', 'Historical Fiction', 'Contemporary']"
9780671737832,The Lion's Lady ,Julie Garwood,Pocket Books,English,"['Historical Romance', 'Romance', 'Historical', 'Historical Fiction', 'Regency', 'Fiction', 'Regency Romance']"
9780060733490,The Lions of Al-Rassan,Guy Gavriel Kay,Harper Voyager,English,"['Fantasy', 'Historical Fiction', 'Fiction', 'Historical Fantasy', 'Historical', 'Epic Fantasy', 'Science Fiction Fantasy']"
9780671042783,The Little Drummer Girl,John le Carre,Pocket,English,"['Fiction', 'Thriller', 'Espionage', 'Mystery', 'Mystery Thriller', 'Suspense', 'Spy Thriller']"
9781400031696,The Little Friend,Donna Tartt,Vintage,English,"['Fiction', 'Mystery', 'Literary Fiction', 'Contemporary', 'Crime', 'Thriller', 'Novels']"
9780859536592,"The Little Mouse, the Red Ripe Strawberry, and the Big Hungry Bear",Don Wood,Childs Play Intl Ltd,English,"['Picture Books', 'Childrens', 'Animals', 'Storytime', 'Fiction', 'Food', 'Humor']"
9780859536592,"The Little Mouse, the Red Ripe Strawberry, and the Big Hungry Bear",Don Wood,Childs Play Intl Ltd,English,"['Picture Books', 'Childrens', 'Animals', 'Storytime', 'Fiction', 'Food', 'Humor']"
9781594488801,The Little Stranger,Sarah Waters,Riverhead Books,English,"['Historical Fiction', 'Fiction', 'Horror', 'Gothic', 'Mystery', 'Historical', 'Paranormal']"
9780688163655,The Lives of Christopher Chant ,Diana Wynne Jones,Greenwillow Books,English,"['Fantasy', 'Young Adult', 'Fiction', 'Childrens', 'Middle Grade', 'Magic', 'Adventure']"
9780802141675,The Lone Ranger and Tonto Fistfight in Heaven,Sherman Alexie,Grove Press,English,"['Fiction', 'Short Stories', 'Humor', 'Literature', 'Contemporary', 'Young Adult', 'Literary Fiction']"
9780393062625,The Lonely Polygamist,Brady Udall,W. W. Norton & Company,English,"['Fiction', 'Contemporary', 'Adult Fiction', 'Polygamy', 'Religion', 'Literary Fiction', 'Novels']"
9780449224854,The Lonely Silver Rain ,John D. MacDonald,Random House Publishing Group,English,"['Mystery', 'Fiction', 'Crime', 'Thriller', 'Detective', 'Mystery Thriller', 'Suspense']"
9780671742515,The Long Dark Tea-Time of the Soul ,Douglas Adams,Pocket Books,English,"['Fiction', 'Fantasy', 'Science Fiction', 'Humor', 'Mystery', 'Comedy', 'Science Fiction Fantasy']"
9780142402450,The Long Patrol ,Brian Jacques,Firebird,English,"['Fantasy', 'Fiction', 'Young Adult', 'Childrens', 'Animals', 'Adventure', 'Middle Grade']"
9780451196712,The Long Walk,Richard Bachman,Berkley,English,"['Horror', 'Fiction', 'Dystopia', 'Thriller', 'Science Fiction', 'Fantasy', 'Audiobook']"
9780375414862,The Looming Tower: Al-Qaeda and the Road to 9/11,Lawrence Wright,Knopf,English,"['History', 'Nonfiction', 'Politics', 'Terrorism', 'War', 'Religion', 'American History']"
9781400077540,The Loser,Thomas Bernhard,Vintage,English,"['Fiction', 'German Literature', 'Novels', 'Classics', 'Music', 'Literature', '20th Century']"
9780778311010,The Lost Apothecary,Sarah Penner,Park Row,English,"['Historical Fiction', 'Fiction', 'Mystery', 'Fantasy', 'Historical', 'Audiobook', 'Adult']"
9780385513531,The Lost City of Z: A Tale of Deadly Obsession in the Amazon,David Grann,Doubleday/Random House (NY),English,"['Nonfiction', 'History', 'Adventure', 'Travel', 'Biography', 'Audiobook', 'Mystery']"
9780060920081,The Lost Continent: Travels in Small-Town America,Bill Bryson,William Morrow Paperbacks,English,"['Travel', 'Nonfiction', 'Humor', 'Memoir', 'Audiobook', 'American', 'Biography']"
9780778330271,The Lost Girls of Paris,Pam Jenoff,Park Row,English,"['Historical Fiction', 'Fiction', 'Historical', 'World War II', 'Audiobook', 'War', 'Mystery']"
9781423113393,The Lost Hero ,Rick Riordan,Disney-Hyperion Books,English,"['Fantasy', 'Young Adult', 'Mythology', 'Fiction', 'Middle Grade', 'Adventure', 'Greek Mythology']"
9780385504225,The Lost Symbol ,Dan Brown,Doubleday,English,"['Fiction', 'Mystery', 'Thriller', 'Mystery Thriller', 'Suspense', 'Adventure', 'Historical Fiction']"
9780752224411,The Lost World ,Michael Crichton,"Alfred A. Knopf, Inc.",English,"['Science Fiction', 'Fiction', 'Thriller', 'Adventure', 'Horror', 'Fantasy', 'Dinosaurs']"
9780593336823,The Love Hypothesis,Ali Hazelwood,Berkley Books,English,"['Contemporary', 'Fiction', 'Contemporary Romance', 'Adult', 'Audiobook', 'Chick Lit', 'New Adult']"
9780375403958,The Love of a Good Woman,Alice Munro,Alfred A. Knopf,English,"['Short Stories', 'Fiction', 'Canada', 'Literary Fiction', 'Contemporary', 'Canadian Literature', 'Nobel Prize']"
9780316166683,The Lovely Bones,Alice Sebold,"Little, Brown and Company",English,"['Fiction', 'Mystery', 'Young Adult', 'Contemporary', 'Fantasy', 'Crime', 'Thriller']"
9780374193683,The Lover's Dictionary,David Levithan,"Farrar, Straus and Giroux",English,"['Romance', 'Fiction', 'Contemporary', 'Young Adult', 'Poetry', 'Adult', 'Adult Fiction']"
9780446579933,The Lucky One,Nicholas Sparks,Grand Central Publishing,English,"['Romance', 'Fiction', 'Chick Lit', 'Contemporary', 'Adult', 'Contemporary Romance', 'Adult Fiction']"
9780425201374,The Lunatic Cafe ,Laurell K. Hamilton,Berkley,English,"['Urban Fantasy', 'Vampires', 'Fantasy', 'Paranormal', 'Romance', 'Horror', 'Paranormal Romance']"
9780425201374,The Lunatic Cafe ,Laurell K. Hamilton,Berkley,English,"['Urban Fantasy', 'Vampires', 'Fantasy', 'Paranormal', 'Romance', 'Horror', 'Paranormal Romance']"
9781501156007,The Lying Game,Ruth Ware,Scout Press,English,"['Mystery', 'Thriller', 'Fiction', 'Mystery Thriller', 'Audiobook', 'Suspense', 'Adult']"
9780373218479,The MacGregor Brides ,Nora Roberts,Silhouette,English,"['Romance', 'Contemporary Romance', 'Fiction', 'Contemporary', 'Chick Lit', 'Adult', 'Harlequin']"
9780373218554,The MacGregor Grooms ,Nora Roberts,Silhouette,English,"['Romance', 'Contemporary Romance', 'Fiction', 'Contemporary', 'Chick Lit', 'Anthologies', 'Harlequin']"
9780380756292,The Magic of You ,Johanna Lindsey,Avon,English,"['Historical Romance', 'Romance', 'Historical', 'Regency', 'Historical Fiction', 'Fiction', 'Adult']"
9780590403603,The Magic School Bus at the Waterworks ,Joanna Cole,Scholastic Press,English,"['Science', 'Picture Books', 'Childrens', 'Nonfiction', 'School', 'Adventure', 'Humor']"
9780670020553,The Magicians ,Lev Grossman,Viking,English,"['Fantasy', 'Fiction', 'Magic', 'Urban Fantasy', 'Young Adult', 'Audiobook', 'Adult']"
9780593355688,The Magnificent Lives of Marjorie Post,Allison Pataki,Ballantine Books,English,"['Historical Fiction', 'Fiction', 'Historical', 'Audiobook', 'Romance', 'Adult', 'Book Club']"
9780553299441,The Magnificent Rogue,Iris Johansen,Bantam Books,English,"['Romance', 'Historical Romance', 'Historical', 'Historical Fiction', 'Medieval', 'Fiction', 'Scotland']"
9780805006797,The Maid of the North: Feminist Folk Tales from Around the World,Ethel Johnston Phelps,Holt Paperbacks,English,"['Feminism', 'Short Stories', 'Fairy Tales', 'Fiction', 'Fantasy', 'Folklore', 'Childrens']"
9781250304452,The Maidens,Alex Michaelides,Celadon Books,English,"['Mystery', 'Thriller', 'Fiction', 'Mystery Thriller', 'Audiobook', 'Adult', 'Mythology']"
9780684813783,The Making of the Atomic Bomb,Richard Rhodes,Simon & Schuster,English,"['History', 'Science', 'Nonfiction', 'Physics', 'War', 'Politics', 'World War II']"
9780684813783,The Making of the Atomic Bomb,Richard Rhodes,Simon & Schuster,English,"['History', 'Science', 'Nonfiction', 'Physics', 'War', 'Politics', 'World War II']"
9780553381641,The Mammoth Hunters ,Jean M. Auel,Bantam,English,"['Historical Fiction', 'Fiction', 'Fantasy', 'Historical', 'Romance', 'Adventure', 'Prehistoric']"
9780451208705,The Man from St. Petersburg,Ken Follett,Penguin Books,English,"['Fiction', 'Historical Fiction', 'Thriller', 'Mystery', 'Suspense', 'Historical', 'Espionage']"
9781565849938,The Man Who Smiled ,Henning Mankell,The New Press,English,"['Mystery', 'Crime', 'Fiction', 'Thriller', 'Scandinavian Literature', 'Sweden', 'Detective']"
9781423140603,The Mark of Athena ,Rick Riordan,Disney-Hyperion Books,English,"['Fantasy', 'Mythology', 'Young Adult', 'Fiction', 'Middle Grade', 'Adventure', 'Greek Mythology']"
9781937044961,The Marriage Bargain ,Jennifer Probst,Entangled Publishing (Indulgence),English,"['Contemporary Romance', 'Contemporary', 'Adult', 'Chick Lit', 'New Adult', 'Fiction', 'Humor']"
9781250230102,The Mary Shelley Club,Goldy Moldavsky,Henry Holt and Co. (BYR),English,"['Horror', 'Young Adult', 'Thriller', 'Mystery', 'Mystery Thriller', 'Fiction', 'Contemporary']"
9780451220042,The Masque of the Black Tulip ,Lauren Willig,NAL,English,"['Historical Fiction', 'Romance', 'Mystery', 'Historical', 'Historical Romance', 'Fiction', 'Chick Lit']"
9781451650075,The Master ,Kresley Cole,Gallery Books,English,"['Romance', 'Contemporary Romance', 'Erotica', 'Contemporary', 'BDSM', 'Erotic Romance', 'Adult']"
9780552142748,The Masterharper of Pern ,Anne McCaffrey,Corgi,English,"['Fantasy', 'Science Fiction', 'Dragons', 'Fiction', 'Science Fiction Fantasy', 'Young Adult', 'Adult']"
9780679762232,The Matisse Stories,A.S. Byatt,Vintage,English,"['Short Stories', 'Fiction', 'Art', 'Literary Fiction', 'Literature', 'British Literature', 'Modern']"
9780385737944,The Maze Runner ,James Dashner,Delacorte Press,English,"['Young Adult', 'Dystopia', 'Science Fiction', 'Fiction', 'Fantasy', 'Post Apocalyptic', 'Teen']"
9780063204201,The Measure,Nikki Erlick,William Morrow,English,"['Fiction', 'Science Fiction', 'Audiobook', 'Fantasy', 'Dystopia', 'Contemporary', 'Book Club']"
9780061357909,The Measure of a Man: A Spiritual Autobiography,Sidney Poitier,HarperSanFrancisco,English,"['Nonfiction', 'Biography', 'Memoir', 'Autobiography', 'Biography Memoir', 'African American', 'Audiobook']"
9780330353823,The Memoirs of Cleopatra,Margaret George,PAN BOOKS LTD (ENGLAND),English,"['Historical Fiction', 'Fiction', 'Historical', 'Egypt', 'Romance', 'Africa', 'Adult']"
9780143037149,The Memory Keeper's Daughter,Kim Edwards,Penguin Books,English,"['Fiction', 'Contemporary', 'Historical Fiction', 'Adult Fiction', 'Adult', 'Book Club', 'Drama']"
9781101870600,The Memory Police,Yōko Ogawa,Pantheon,English,"['Fiction', 'Science Fiction', 'Dystopia', 'Japan', 'Fantasy', 'Japanese Literature', 'Magical Realism']"
9780743437318,The Merchant of Death ,D.J. MacHale,Aladdin Paperbacks,English,"['Fantasy', 'Young Adult', 'Fiction', 'Science Fiction', 'Adventure', 'Middle Grade', 'Childrens']"
9780143036692,The Mermaid Chair,Sue Monk Kidd,Penguin,English,"['Fiction', 'Romance', 'Chick Lit', 'Contemporary', 'Adult Fiction', 'Adult', 'Novels']"
9781401303365,The Middle Place,Kelly Corrigan,Voice,English,"['Memoir', 'Nonfiction', 'Biography', 'Biography Memoir', 'Audiobook', 'Book Club', 'Adult']"
9780399167850,The Midnight Star ,Marie Lu,G.P. Putnam's Sons Books for Young Readers,English,"['Fantasy', 'Young Adult', 'Romance', 'Dystopia', 'Young Adult Fantasy', 'Fiction', 'Magic']"
9780143116233,"The Midwife: A Memoir of Birth, Joy, and Hard Times",Jennifer Worth,Penguin Group,English,"['Nonfiction', 'Memoir', 'History', 'Biography', 'Historical', 'Audiobook', 'Biography Memoir']"
9780064406307,The Midwife's Apprentice,Karen Cushman,HarperCollins,English,"['Historical Fiction', 'Young Adult', 'Fiction', 'Middle Grade', 'Childrens', 'Historical', 'Medieval']"
9780763625894,The Miraculous Journey of Edward Tulane,Kate DiCamillo,Candlewick Press,English,"['Fantasy', 'Fiction', 'Childrens', 'Middle Grade', 'Young Adult', 'Adventure', 'Animals']"
9780805096606,The Mirror & the Light ,Hilary Mantel,Henry Holt and Company,English,"['Historical Fiction', 'Fiction', 'Historical', 'Literary Fiction', 'British Literature', 'Audiobook', 'Literature']"
9780439272636,The Miserable Mill ,Lemony Snicket,"Scholastic, Inc.",English,"['Fiction', 'Young Adult', 'Childrens', 'Middle Grade', 'Fantasy', 'Mystery', 'Adventure']"
9780393314250,The Mismeasure of Man,Stephen Jay Gould,W. W. Norton & Company,English,"['Science', 'Nonfiction', 'History', 'Psychology', 'Anthropology', 'Biology', 'Evolution']"
9781511660662,The Mistake ,Elle Kennedy,CreateSpace Independent Publishing Platform,English,"['Romance', 'New Adult', 'Sports Romance', 'Sports', 'Contemporary', 'College', 'Contemporary Romance']"
9780345350497,The Mists of Avalon ,Marion Zimmer Bradley,Ballantine Books,English,"['Fantasy', 'Fiction', 'Historical Fiction', 'Arthurian', 'Mythology', 'Classics', 'Historical']"
9780345350497,The Mists of Avalon ,Marion Zimmer Bradley,Ballantine Books,English,"['Fantasy', 'Fiction', 'Historical Fiction', 'Arthurian', 'Mythology', 'Classics', 'Historical']"
9780399219207,The Mitten,Jan Brett,G.P. Putnam's Sons,English,"['Picture Books', 'Childrens', 'Animals', 'Fiction', 'Christmas', 'Classics', 'Folklore']"
9781250313577,The Moment of Lift: How Empowering Women Changes the World,Melinda French Gates,Flatiron Books,English,"['Nonfiction', 'Feminism', 'Audiobook', 'Memoir', 'Womens', 'Biography', 'Self Help']"
9780434017843,The Monsters of Templeton,Lauren Groff,Voice,English,"['Fiction', 'Mystery', 'Fantasy', 'Historical Fiction', 'Magical Realism', 'Literary Fiction', 'Contemporary']"
9780099592419,The Moor's Last Sigh,Salman Rushdie,Vintage,English,"['Fiction', 'India', 'Magical Realism', 'Literature', 'Historical Fiction', 'Novels', 'Contemporary']"
9781416590644,The Moses Expedition ,Juan Gomez-Jurado,Atria,English,"['Thriller', 'Fiction', 'Mystery', 'Adventure', 'Suspense', 'Religion', 'Mystery Thriller']"
9780380715435,The Mother Tongue: English and How It Got That Way,Bill Bryson,William Morrow Paperbacks,English,"['Nonfiction', 'History', 'Language', 'Linguistics', 'Humor', 'Audiobook', 'Writing']"
9781616208189,The Mountains Sing,Nguyễn Phan Quế Mai,Algonquin Books,English,"['Historical Fiction', 'Fiction', 'Historical', 'War', 'Audiobook', 'Literary Fiction', 'Adult']"
9780099471370,The Mummy ,Anne Rice,Arrow,English,"['Horror', 'Fantasy', 'Fiction', 'Paranormal', 'Supernatural', 'Historical Fiction', 'Romance']"
9780446601931,The Mummy Case ,Elizabeth Peters,Grand Central Publishing,English,"['Mystery', 'Historical Fiction', 'Fiction', 'Historical', 'Egypt', 'Historical Mystery', 'Audiobook']"
9780312576981,The Murderer's Daughters,Randy Susan Meyers,St. Martin's Press,English,"['Fiction', 'Mystery', 'Contemporary', 'Family', 'Crime', 'Thriller', 'Adult Fiction']"
9780571203031,The Music of Chance,Paul Auster,Faber & Faber Ltd,English,"['Fiction', 'American', 'Literature', 'Novels', 'The United States Of America', 'Contemporary', 'Literary Fiction']"
9780756404079,The Name of the Wind ,Patrick Rothfuss,Penguin Group DAW,English,"['Fantasy', 'Fiction', 'Epic Fantasy', 'High Fantasy', 'Magic', 'Science Fiction Fantasy', 'Adult']"
9780618485222,The Namesake,Jhumpa Lahiri,Mariner / Houghton Mifflin,English,"['Fiction', 'India', 'Literary Fiction', 'Contemporary', 'Novels', 'Literature', 'Indian Literature']"
9780312291631,The Nanny Diaries ,Emma McLaughlin,St. Martins Press-3PL,English,"['Fiction', 'Chick Lit', 'Contemporary', 'Romance', 'Humor', 'Adult Fiction', 'Adult']"
9780440162643,The Nantucket Diet Murders ,Virginia Rich,Dell,English,"['Mystery', 'Fiction', 'Cozy Mystery', 'Mystery Thriller', 'Culinary', 'Cookbooks']"
9780152026325,The Napping House,Audrey Wood,HMH Books for Young Readers,English,"['Picture Books', 'Childrens', 'Fiction', 'Storytime', 'Family', 'Humor', 'Animals']"
9780446699549,The Narrows ,Michael Connelly,Grand Central Publishing,English,"['Mystery', 'Fiction', 'Crime', 'Thriller', 'Detective', 'Mystery Thriller', 'Audiobook']"
9780340490082,The Nazi Dictatorship: Problems and Perspectives of Interpretation,Ian Kershaw,Edward Arnold,English,"['History', 'Nonfiction', 'World War II', 'Germany', 'Holocaust', 'European History', 'Historical']"
9780385905169,The Necromancer  ,Michael Scott,Delacorte Books for Young Readers,English,"['Fantasy', 'Young Adult', 'Fiction', 'Mythology', 'Magic', 'Adventure', 'Urban Fantasy']"
9780753820339,The Neon Rain ,James Lee Burke,Phoenix,English,"['Mystery', 'Fiction', 'Crime', 'Thriller', 'Mystery Thriller', 'Detective', 'Noir']"
9780062414212,The Nest,Cynthia D'Aprix Sweeney,Ecco,English,"['Fiction', 'Contemporary', 'Audiobook', 'Adult Fiction', 'Adult', 'Literary Fiction', 'Family']"
9780143039839,The New York Trilogy ,Paul Auster,Penguin Classics,English,"['Fiction', 'Mystery', 'American', 'Novels', 'Literature', 'Contemporary', 'New York']"
9780801843860,The Night Battles: Witchcraft and Agrarian Cults in the Sixteenth and Seventeenth Centuries,Carlo Ginzburg,Johns Hopkins University Press,English,"['History', 'Nonfiction', 'Witchcraft', 'Religion', 'Folklore', 'Italy', 'European History']"
9780385534635,The Night Circus,Erin Morgenstern,Doubleday,English,"['Fantasy', 'Fiction', 'Romance', 'Historical Fiction', 'Magic', 'Young Adult', 'Adult']"
9780385534635,The Night Circus,Erin Morgenstern,Doubleday,English,"['Fantasy', 'Fiction', 'Romance', 'Historical Fiction', 'Magic', 'Young Adult', 'Adult']"
9781501184000,The Night Olivia Fell,Christina  McDonald,Gallery Books,English,"['Mystery', 'Thriller', 'Fiction', 'Mystery Thriller', 'Suspense', 'Audiobook', 'Adult']"
9781982137366,The Night She Disappeared,Lisa Jewell,Atria Books,English,"['Thriller', 'Mystery', 'Mystery Thriller', 'Fiction', 'Audiobook', 'Suspense', 'Crime']"
9781250268884,The Night Shift,Alex Finlay,Minotaur Books,English,"['Thriller', 'Mystery', 'Mystery Thriller', 'Fiction', 'Audiobook', 'Crime', 'Adult']"
9781250175458,The Night Tiger,Yangsze Choo,Flatiron Books,English,"['Historical Fiction', 'Fiction', 'Fantasy', 'Magical Realism', 'Historical', 'Mystery', 'Audiobook']"
9780062671202,The Night Watchman,Louise Erdrich,HarperCollins,,"['Fiction', 'Historical Fiction', 'Historical', 'Audiobook', 'Literary Fiction', 'Novels', 'Book Club']"
9780312577223,The Nightingale,Kristin Hannah,St. Martin's Press,English,"['Historical Fiction', 'Fiction', 'Historical', 'World War II', 'Audiobook', 'War', 'Adult']"
9781400034772,The No. 1 Ladies' Detective Agency ,Alexander McCall Smith,Vintage,English,"['Mystery', 'Fiction', 'Africa', 'Crime', 'Mystery Thriller', 'Botswana', 'Detective']"
9780593438442,The No-Show,Beth O'Leary,Berkley,English,"['Romance', 'Fiction', 'Contemporary', 'Audiobook', 'Chick Lit', 'Contemporary Romance', 'Adult']"
9780886774141,The Oathbound ,Mercedes Lackey,DAW,English,"['Fantasy', 'Fiction', 'Science Fiction Fantasy', 'Magic', 'High Fantasy', 'Epic Fantasy', 'Adult']"
9781937658069,The Obscene Madame D,Hilda Hilst,Nightboat Books,English,"['Fiction', 'Brazil', 'Classics', 'Literature', 'Portuguese Literature', 'Novels', 'Womens']"
9780062255662,The Ocean at the End of the Lane,Neil Gaiman,William Morrow,English,"['Fantasy', 'Fiction', 'Magical Realism', 'Horror', 'Audiobook', 'Young Adult', 'Adult']"
9780671024208,The October Horse ,Colleen McCullough,Pocket Books,English,"['Historical Fiction', 'Fiction', 'Historical', 'Roman', 'Egypt', 'Italy', 'Ancient History']"
9780451412133,The Old Contemptibles ,Martha Grimes,Onyx,English,"['Mystery', 'Fiction', 'Crime', 'British Literature', 'Mystery Thriller', 'Detective', 'Cozy Mystery']"
9780451410689,The Old Fox Deceiv'd ,Martha Grimes,Onyx Books,English,"['Mystery', 'Fiction', 'Crime', 'British Literature', 'Mystery Thriller', 'Detective', 'Cozy Mystery']"
9780380623808,The Old Priory,Norah Lofts,Avon Books,English,"['Historical Fiction', 'Fiction', 'Historical', 'Romance', 'Gothic']"
9780451412072,The Old Silent ,Martha Grimes,Onyx,English,"['Mystery', 'Fiction', 'Crime', 'British Literature', 'Mystery Thriller', 'Detective', 'Thriller']"
9781594200823,The Omnivore's Dilemma: A Natural History of Four Meals,Michael Pollan,The Penguin Press,English,"['Nonfiction', 'Food', 'Science', 'Health', 'History', 'Nutrition', 'Environment']"
9780062059994,The One ,Kiera Cass,HarperTeen,English,"['Romance', 'Young Adult', 'Dystopia', 'Fantasy', 'Fiction', 'Audiobook', 'Science Fiction']"
9780063017504,The One Hundred Years of Lenni and Margot,Marianne Cronin,Harper Perennial,English,"['Fiction', 'Contemporary', 'Audiobook', 'Romance', 'LGBT', 'Young Adult', 'Adult']"
9780061178801,The One Minute Manager,Kenneth H. Blanchard,William Morrow: An Imprint of HarperCollinsPublishers,English,"['Business', 'Leadership', 'Nonfiction', 'Management', 'Self Help', 'Personal Development', 'Productivity']"
9780061178801,The One Minute Manager,Kenneth H. Blanchard,William Morrow: An Imprint of HarperCollinsPublishers,English,"['Business', 'Leadership', 'Nonfiction', 'Management', 'Self Help', 'Personal Development', 'Productivity']"
9780765303813,The Onion Girl ,Charles de Lint,Tor Books,English,"['Fantasy', 'Urban Fantasy', 'Fiction', 'Science Fiction Fantasy', 'Magical Realism', 'Magic', 'Canada']"
9781982136451,The Only Good Indians,Stephen Graham Jones,Gallery / Saga Press,English,"['Horror', 'Fiction', 'Thriller', 'Audiobook', 'Fantasy', 'Adult', 'Mystery']"
9780593183229,The Only One Left,Riley Sager,Dutton,English,"['Thriller', 'Mystery', 'Mystery Thriller', 'Horror', 'Fiction', 'Audiobook', 'Gothic']"
9780517559505,The Original Hitchhiker Radio Scripts,Douglas Adams,Harmony Books,English,"['Science Fiction', 'Humor', 'Fiction', 'Plays', 'Comedy', 'Fantasy', 'Science Fiction Fantasy']"
9780812992793,The Orphan Master's Son,Adam  Johnson,Random House,English,"['Fiction', 'Historical Fiction', 'Asia', 'Literary Fiction', 'Contemporary', 'Literature', 'Novels']"
9781982160135,The Other Black Girl,Zakiya Dalila Harris,Atria Books,English,"['Fiction', 'Thriller', 'Mystery', 'Contemporary', 'Horror', 'Audiobook', 'Mystery Thriller']"
9781488099601,The Other Mrs.,Mary Kubica,Park Row,English,"['Thriller', 'Mystery', 'Fiction', 'Audiobook', 'Mystery Thriller', 'Suspense', 'Psychological Thriller']"
9780441011254,The Other Wind ,Ursula K. Le Guin,Ace Books,English,"['Fantasy', 'Fiction', 'Young Adult', 'Dragons', 'High Fantasy', 'Science Fiction', 'Classics']"
9780441013258,The Outlaws of Sherwood,Robin McKinley,Ace,English,"['Fantasy', 'Young Adult', 'Historical Fiction', 'Fiction', 'Historical', 'Retellings', 'Adventure']"
9781501180989,The Outsider,Stephen King,Scribner,English,"['Horror', 'Fiction', 'Thriller', 'Mystery', 'Crime', 'Audiobook', 'Mystery Thriller']"
9780765302199,The Outstretched Shadow ,Mercedes Lackey,Tor Books,English,"['Fantasy', 'Fiction', 'Magic', 'Epic Fantasy', 'High Fantasy', 'Dragons', 'Science Fiction Fantasy']"
9780316018951,The Overlook ,Michael Connelly,"Little, Brown and Company",English,"['Mystery', 'Fiction', 'Crime', 'Thriller', 'Detective', 'Mystery Thriller', 'Audiobook']"
9780778311935,The Overnight Guest,Heather Gudenkauf,Park Row,English,"['Thriller', 'Mystery', 'Mystery Thriller', 'Fiction', 'Audiobook', 'Suspense', 'Crime']"
9780393356687,The Overstory,Richard Powers,W.W. Norton & Company,English,"['Fiction', 'Nature', 'Literary Fiction', 'Environment', 'Contemporary', 'Historical Fiction', 'Novels']"
9780192141637,The Oxford Book of English Ghost Stories,Michael Cox,Oxford University Press,English,"['Horror', 'Short Stories', 'Fiction', 'Ghost Stories', 'Anthologies', 'Ghosts', 'Classics']"
9780061150142,The Pact,Jodi Picoult,William Morrow Paperbacks,English,"['Fiction', 'Romance', 'Contemporary', 'Chick Lit', 'Drama', 'Mystery', 'Adult Fiction']"
9780063003057,The Paris Apartment,Lucy Foley,William Morrow,English,"['Mystery', 'Thriller', 'Fiction', 'Mystery Thriller', 'Audiobook', 'Suspense', 'Adult']"
9781982134198,The Paris Library,Janet Skeslien Charles,Atria Books,English,"['Historical Fiction', 'Fiction', 'Historical', 'World War II', 'Books About Books', 'Audiobook', 'France']"
9780345521309,The Paris Wife,Paula McLain,Ballantine Books,English,"['Historical Fiction', 'Fiction', 'Historical', 'Romance', 'France', 'Book Club', 'Audiobook']"
9780385339100,The Partner,John Grisham,Delta,English,"['Fiction', 'Thriller', 'Mystery', 'Legal Thriller', 'Crime', 'Suspense', 'Mystery Thriller']"
9780385472951,The Partner/All God's Children/Medusa's Child/Only Son ,John Grisham,Reader's Digest Association,English,"['Fiction', 'Thriller', 'Mystery', 'Legal Thriller', 'Crime', 'Suspense', 'Mystery Thriller']"
9780345504968,The Passage ,Justin Cronin,Ballantine Books,English,"['Horror', 'Fiction', 'Science Fiction', 'Fantasy', 'Post Apocalyptic', 'Vampires', 'Dystopia']"
9781451686630,The Passenger,Lisa Lutz,Simon & Schuster,English,"['Mystery', 'Fiction', 'Thriller', 'Mystery Thriller', 'Suspense', 'Audiobook', 'Crime']"
9781451686630,The Passenger,Lisa Lutz,Simon & Schuster,English,"['Mystery', 'Fiction', 'Thriller', 'Mystery Thriller', 'Suspense', 'Audiobook', 'Crime']"
9780802135223,The Passion,Jeanette Winterson,Grove Press,English,"['Fiction', 'Historical Fiction', 'Magical Realism', 'LGBT', 'Queer', 'Historical', 'Fantasy']"
9781838056117,The Past ,Kenneth   Thomas,,English,"['Science Fiction', 'Historical', 'Science Fiction Fantasy', 'Unfinished', 'Young Adult']"
9780812550290,The Path of Daggers ,Robert Jordan,Tor Books,English,"['Fantasy', 'Fiction', 'Epic Fantasy', 'High Fantasy', 'Science Fiction Fantasy', 'Audiobook', 'Epic']"
9780553807226,The Peach Keeper,Sarah Addison Allen,Bantam,English,"['Fiction', 'Magical Realism', 'Romance', 'Chick Lit', 'Fantasy', 'Contemporary', 'Mystery']"
9780385339704,The Pelican Brief,John Grisham,Delta,English,"['Fiction', 'Mystery', 'Thriller', 'Crime', 'Suspense', 'Legal Thriller', 'Mystery Thriller']"
9781841957173,The Penelopiad,Margaret Atwood,Canongate U.S.,English,"['Fiction', 'Mythology', 'Historical Fiction', 'Fantasy', 'Greek Mythology', 'Retellings', 'Feminism']"
9780064410151,The Penultimate Peril ,Lemony Snicket,HarperCollins Publishers,English,"['Fiction', 'Young Adult', 'Childrens', 'Middle Grade', 'Mystery', 'Fantasy', 'Adventure']"
9780375828256,The People of Sparks ,Jeanne DuPrau,Yearling Books,English,"['Young Adult', 'Dystopia', 'Fantasy', 'Fiction', 'Science Fiction', 'Middle Grade', 'Post Apocalyptic']"
9780393337013,The Perfect Storm: A True Story of Men Against the Sea,Sebastian Junger,W. W. Norton & Company,English,"['Nonfiction', 'History', 'Adventure', 'Biography', 'Survival', 'Nature', 'Science']"
9781401340902,The Physick Book of Deliverance Dane ,Katherine Howe,voice,English,"['Historical Fiction', 'Fiction', 'Fantasy', 'Witches', 'Mystery', 'Historical', 'Paranormal']"
9780575067080,"The Pianist: The Extraordinary Story of One Man's Survival in Warsaw, 1939–45",Władysław Szpilman,Victor Gollancz,English,"['Nonfiction', 'History', 'Biography', 'Holocaust', 'War', 'Memoir', 'World War II']"
9780802118066,The Piano Teacher,Elfriede Jelinek,Grove Press,English,"['Fiction', 'Nobel Prize', 'Classics', 'German Literature', 'Contemporary', 'Literature', 'Novels']"
9781423109600,The Pigeon Wants a Puppy!,Mo Willems,Hyperion Books for Children,English,"['Picture Books', 'Childrens', 'Humor', 'Animals', 'Storytime', 'Fiction', 'Dogs']"
9780446405317,The Pilgrim of Hate ,Ellis Peters,Mysterious Press,English,"['Mystery', 'Historical Fiction', 'Fiction', 'Historical', 'Crime', 'Historical Mystery', 'Medieval']"
9780316601955,The Pilot's Wife ,Anita Shreve,Back Bay Books,English,"['Fiction', 'Chick Lit', 'Mystery', 'Contemporary', 'Romance', 'Adult Fiction', 'Adult']"
9780061131240,The Pinhoe Egg  ,Diana Wynne Jones,Greenwillow,English,"['Fantasy', 'Young Adult', 'Fiction', 'Childrens', 'Middle Grade', 'Magic', 'Young Adult Fantasy']"
9780060515126,The Plague of Doves,Louise Erdrich,Harper,English,"['Fiction', 'Historical Fiction', 'Mystery', 'Literary Fiction', 'Novels', 'Historical', 'Adult Fiction']"
9780061053566,The Player of Games ,Iain M. Banks,HarperCollins,English,"['Science Fiction', 'Fiction', 'Space Opera', 'Science Fiction Fantasy', 'Fantasy', 'Cultural', 'Space']"
9781250790767,The Plot,Jean Hanff Korelitz,Celadon Books,English,"['Fiction', 'Mystery', 'Thriller', 'Mystery Thriller', 'Audiobook', 'Suspense', 'Books About Books']"
9781400079490,The Plot Against America,Philip Roth,Vintage International,English,"['Fiction', 'Historical Fiction', 'Alternate History', 'Literature', 'American', 'Science Fiction', 'Politics']"
9780446690454,The Poet ,Michael Connelly,Grand Central Publishing,English,"['Mystery', 'Fiction', 'Crime', 'Thriller', 'Mystery Thriller', 'Suspense', 'Detective']"
9780060786502,The Poisonwood Bible,Barbara Kingsolver,Harper Perennial Modern Classics,English,"['Fiction', 'Historical Fiction', 'Africa', 'Classics', 'Literary Fiction', 'Historical', 'Literature']"
9780395389492,The Polar Express,Chris Van Allsburg,Houghton Mifflin,English,"['Picture Books', 'Childrens', 'Christmas', 'Fiction', 'Classics', 'Fantasy', 'Holiday']"
9780062662590,The Poppy War ,R.F. Kuang,Harper Voyager,English,"['Fantasy', 'Fiction', 'Historical Fiction', 'Adult', 'Historical', 'High Fantasy', 'Audiobook']"
9780062662590,The Poppy War ,R.F. Kuang,Harper Voyager,English,"['Fantasy', 'Fiction', 'Historical Fiction', 'Adult', 'Historical', 'High Fantasy', 'Audiobook']"
9780061187841,The Post-Birthday World,Lionel Shriver,HarperCollins Publishers,English,"['Fiction', 'Contemporary', 'Romance', 'Novels', 'Book Club', 'Literary Fiction', 'Relationships']"
9780553278743,The Postman,David Brin,Spectra/Bantam Books,English,"['Science Fiction', 'Fiction', 'Post Apocalyptic', 'Dystopia', 'Apocalyptic', 'Fantasy', 'Science Fiction Fantasy']"
9781590172629,The Post-Office Girl,Stefan Zweig,NYRB Classics,English,"['Fiction', 'Classics', 'Historical Fiction', 'German Literature', 'Novels', 'Literary Fiction', '20th Century']"
9780446400589,The Potter's Field ,Ellis Peters,Mysterious Press,English,"['Mystery', 'Historical Fiction', 'Fiction', 'Historical', 'Crime', 'Historical Mystery', 'Medieval']"
9780385418867,The Power of Myth,Joseph Campbell,Anchor,English,"['Nonfiction', 'Mythology', 'Philosophy', 'History', 'Psychology', 'Spirituality', 'Classics']"
9780061974557,The Power of Six ,Pittacus Lore,HarperCollins,English,"['Young Adult', 'Fantasy', 'Science Fiction', 'Fiction', 'Aliens', 'Adventure', 'Paranormal']"
9780393881554,The Premonition: A Pandemic Story,Michael   Lewis,W. W. Norton & Company,English,"['Nonfiction', 'Science', 'History', 'Politics', 'Health', 'Medicine', 'Medical']"
9781838056124,The Present ,Kenneth   Thomas,,English,"['Science Fiction', 'Fiction', 'Dystopia', 'Young Adult', 'British Literature', 'Cyberpunk', 'Action']"
9780312858865,The Prestige,Christopher Priest,Tom Doherty Associates Tor Books,English,"['Fiction', 'Fantasy', 'Historical Fiction', 'Science Fiction', 'Mystery', 'Historical', 'Audiobook']"
9780312643065,"The Price of the Ticket: Collected Nonfiction, 1948-1985",James Baldwin,St. Martin's Press,English,"['Nonfiction', 'Essays', 'Race', 'History', 'African American', 'Philosophy', 'Politics']"
9780373240005,The Pride of Jared MacKade ,Nora Roberts,Silhouette Books,English,"['Romance', 'Contemporary Romance', 'Contemporary', 'Fiction', 'Adult', 'Paranormal', 'Chick Lit']"
9781626723634,The Prince and the Dressmaker,Jen Wang,First Second,English,"['Graphic Novels', 'Young Adult', 'LGBT', 'Comics', 'Romance', 'Queer', 'Historical Fiction']"
9780553381542,The Prince of Tides,Pat Conroy,Dial Press Trade Paperback,English,"['Fiction', 'Classics', 'Romance', 'Southern', 'Contemporary', 'Literary Fiction', 'Literature']"
9780345391780,The Princes in the Tower,Alison Weir,Ballantine Books,English,"['History', 'Nonfiction', 'Biography', 'Historical', 'British Literature', 'Medieval', '15th Century']"
9780613371650,The Princess Diaries ,Meg Cabot,Turtleback,English,"['Young Adult', 'Romance', 'Fiction', 'Contemporary', 'Chick Lit', 'Teen', 'Childrens']"
9780671702519,The Prize,Julie Garwood,Pocket Star Books,English,"['Historical Romance', 'Romance', 'Historical', 'Medieval', 'Historical Fiction', 'Medieval Romance', 'Fiction']"
9780739416389,"The Prize Winner of Defiance, Ohio: How My Mother Raised 10 Kids on 25 Words or Less",Terry Ryan,Simon & Schuster,English,"['Nonfiction', 'Memoir', 'Biography', 'Biography Memoir', 'Adult', 'History', 'Book Club']"
9780373212057,The Problem with Forever,Jennifer L. Armentrout,Harlequin Teen,English,"['Romance', 'Young Adult', 'Contemporary', 'Fiction', 'Contemporary Romance', 'High School', 'Abuse']"
9780060839789,"The Professor and the Madman: A Tale of Murder, Insanity and the Making of the Oxford English Dictionary",Simon Winchester,Harper Perennial,English,"['Nonfiction', 'History', 'Biography', 'Language', 'Books About Books', 'Historical', 'True Crime']"
9780671724856,The Prom Queen ,R.L. Stine,Simon Pulse,English,"['Horror', 'Young Adult', 'Fiction', 'Childrens', 'Thriller', 'Teen', 'Mystery']"
9780310276999,The Purpose Driven Life: What on Earth Am I Here for?,Rick Warren,Zondervan Publishing Company,English,"['Christian', 'Nonfiction', 'Religion', 'Self Help', 'Spirituality', 'Christianity', 'Faith']"
9781984881663,The Push,Ashley Audrain,Pamela Dorman Books,English,"['Thriller', 'Fiction', 'Mystery', 'Mystery Thriller', 'Audiobook', 'Contemporary', 'Adult']"
9781984881663,The Push,Ashley Audrain,Pamela Dorman Books,English,"['Thriller', 'Fiction', 'Mystery', 'Mystery Thriller', 'Audiobook', 'Contemporary', 'Adult']"
9780060841829,The Queen of Attolia ,Megan Whalen Turner,Greenwillow Books,English,"['Fantasy', 'Young Adult', 'Fiction', 'Adventure', 'Romance', 'Young Adult Fantasy', 'High Fantasy']"
9780316310406,The Queen of Nothing ,Holly Black,"Little, Brown",English,"['Fantasy', 'Young Adult', 'Romance', 'Fae', 'Young Adult Fantasy', 'Fiction', 'Magic']"
9780345419620,The Queen of the Damned ,Anne Rice,Ballantine Books,English,"['Horror', 'Fantasy', 'Vampires', 'Fiction', 'Paranormal', 'Supernatural', 'Urban Fantasy']"
9780743246071,The Queen's Fool ,Philippa Gregory,Harper Collins,English,"['Historical Fiction', 'Fiction', 'Historical', 'Romance', 'Tudor Period', 'British Literature', 'Adult']"
9780743246071,The Queen's Fool ,Philippa Gregory,Harper Collins,English,"['Historical Fiction', 'Fiction', 'Historical', 'Romance', 'Tudor Period', 'British Literature', 'Adult']"
9781400030606,The Queen's Gambit,Walter Tevis,Vintage,English,"['Fiction', 'Historical Fiction', 'Audiobook', 'Contemporary', 'Chess', 'Historical', 'Literary Fiction']"
9780345423160,The Queen's Man ,Sharon Kay Penman,Fawcett,English,"['Historical Fiction', 'Mystery', 'Fiction', 'Historical', 'Historical Mystery', 'Medieval', 'British Literature']"
9780345371133,The Quincunx,Charles Palliser,Ballantine Books,English,"['Fiction', 'Historical Fiction', 'Mystery', 'Historical', 'Victorian', 'British Literature', 'Gothic']"
9781492649359,The Radium Girls: The Dark Story of America’s Shining Women,Kate  Moore,Sourcebooks,English,"['Nonfiction', 'History', 'Science', 'Audiobook', 'Biography', 'Historical', 'Feminism']"
9781576737163,The Ragamuffin Gospel,Brennan Manning,Multnomah Books,English,"['Christian', 'Nonfiction', 'Faith', 'Christianity', 'Religion', 'Christian Living', 'Theology']"
9781558580091,The Rainbow Fish,Marcus Pfister,North-South Books,English,"['Picture Books', 'Childrens', 'Fiction', 'Animals', 'Classics', 'Fantasy', 'Kids']"
9780385339605,The Rainmaker,John Grisham,Delta,English,"['Fiction', 'Thriller', 'Mystery', 'Legal Thriller', 'Crime', 'Suspense', 'Mystery Thriller']"
9780679400691,The Rape of Europa: The Fate of Europe's Treasures in the Third Reich and the Second World War,Lynn H. Nicholas,Knopf,English,"['History', 'Nonfiction', 'Art', 'World War II', 'Art History', 'War', 'Germany']"
9780140277449,The Rape of Nanking: The Forgotten Holocaust of World War II,Iris Chang,Penguin Books,English,"['History', 'Nonfiction', 'China', 'War', 'Japan', 'World War II', 'Historical']"
9780425166130,The Raphael Affair ,Iain Pears,Penguin,English,"['Mystery', 'Fiction', 'Art', 'Italy', 'Crime', 'Historical Fiction', 'Mystery Thriller']"
9780156758307,The Rat,Günter Grass,HarperVia,English,"['Fiction', 'German Literature', 'Germany', 'Classics', 'Literature', 'Nobel Prize', 'Novels']"
9780446405348,The Raven in the Foregate ,Ellis Peters,Mysterious Press,English,"['Mystery', 'Historical Fiction', 'Fiction', 'Historical', 'Crime', 'Historical Mystery', 'Medieval']"
9780545424981,The Raven King ,Maggie Stiefvater,Scholastic Press,English,"['Fantasy', 'Young Adult', 'Paranormal', 'Romance', 'LGBT', 'Fiction', 'Urban Fantasy']"
9780356506999,The Raven Tower,Ann Leckie,Orbit,English,"['Fantasy', 'Fiction', 'LGBT', 'Queer', 'Adult', 'Science Fiction Fantasy', 'High Fantasy']"
9781841959115,The Raw Shark Texts,Steven  Hall,Canongate U.S.,English,"['Fiction', 'Fantasy', 'Science Fiction', 'Mystery', 'Horror', 'Thriller', 'Novels']"
9780143037392,The Read-Aloud Handbook,Jim Trelease,Penguin Books,English,"['Parenting', 'Nonfiction', 'Education', 'Books About Books', 'Reference', 'Teaching', 'Adult']"
9780375408267,The Reader,Bernhard Schlink,Pantheon,English,"['Fiction', 'Historical Fiction', 'Classics', 'German Literature', 'Romance', 'Holocaust', 'Historical']"
9780063025288,The Reading List,Sara Nisha Adams,William Morrow,English,"['Fiction', 'Books About Books', 'Contemporary', 'Audiobook', 'Romance', 'Adult', 'Adult Fiction']"
9780571125296,The Real Thing,Tom Stoppard,"Farrar, Straus and Giroux",English,"['Plays', 'Drama', 'Theatre', 'Fiction', 'British Literature', 'Classics', '20th Century']"
9780330340328,The Reality Dysfunction ,Peter F. Hamilton,Pan Books,English,"['Science Fiction', 'Space Opera', 'Fiction', 'Fantasy', 'Science Fiction Fantasy', 'Horror', 'Space']"
9781841497129,The Reckoning ,Kelley Armstrong,Orbit,English,"['Young Adult', 'Fantasy', 'Paranormal', 'Urban Fantasy', 'Romance', 'Supernatural', 'Magic']"
9780061256776,The Red Leather Diary: Reclaiming a Life through the Pages of a Lost Journal,Lily Koppel,Harper,English,"['Nonfiction', 'Memoir', 'Biography', 'History', 'Biography Memoir', 'New York', 'Book Club']"
9781423113386,The Red Pyramid ,Rick Riordan,Disney Hyperion,English,"['Fantasy', 'Mythology', 'Young Adult', 'Middle Grade', 'Fiction', 'Adventure', 'Childrens']"
9781471162145,The Red Scrolls of Magic ,Cassandra Clare,Simon & Schuster Children's UK,English,"['Fantasy', 'Young Adult', 'LGBT', 'Romance', 'Urban Fantasy', 'Paranormal', 'Fiction']"
9780312353766,The Red Tent,Anita Diamant,St. Martin's Press,English,"['Historical Fiction', 'Fiction', 'Historical', 'Book Club', 'Feminism', 'Adult', 'Womens']"
9780968876831,The Red Tree,Shaun Tan,Simply Read Books,English,"['Picture Books', 'Childrens', 'Graphic Novels', 'Fiction', 'Art', 'Mental Health', 'Fantasy']"
9781843432173,The Redbreast ,Jo Nesbø,Harvill Secker,English,"['Mystery', 'Crime', 'Fiction', 'Thriller', 'Mystery Thriller', 'Detective', 'Scandinavian Literature']"
9780751552614,The Redemption of Callie & Kayden ,Jessica Sorensen,Sphere,English,"['Romance', 'New Adult', 'Contemporary', 'College', 'Young Adult', 'Abuse', 'Contemporary Romance']"
9780525941903,The Regulators,Richard Bachman,Dutton,English,"['Horror', 'Fiction', 'Thriller', 'Fantasy', 'Supernatural', 'Audiobook', 'Suspense']"
9780142402252,The Remarkable Journey of Prince Jen,Lloyd Alexander,Puffin Books,English,"['Fantasy', 'Young Adult', 'Fiction', 'Childrens', 'Adventure', 'Middle Grade', 'Historical Fiction']"
9780062997548,The Removed,Brandon Hobson,Ecco,English,"['Fiction', 'Contemporary', 'Magical Realism', 'Fantasy', 'Literary Fiction', 'Audiobook', 'Mythology']"
9780345419392,The Renegades of Pern ,Anne McCaffrey,Del Rey,English,"['Fantasy', 'Science Fiction', 'Dragons', 'Fiction', 'Science Fiction Fantasy', 'Adventure', 'Adult']"
9781595143372,The Replacement,Brenna Yovanoff,Razorbill/Penguin Group,English,"['Young Adult', 'Fantasy', 'Horror', 'Paranormal', 'Urban Fantasy', 'Fiction', 'Supernatural']"
9781442484238,The Retribution of Mara Dyer ,Michelle Hodkin,Simon & Schuster Books for Young Readers,English,"['Young Adult', 'Fantasy', 'Paranormal', 'Romance', 'Mystery', 'Fiction', 'Supernatural']"
9781939392626,The Return ,Jennifer L. Armentrout,Spencer Hill Press,English,"['Fantasy', 'Romance', 'New Adult', 'Paranormal', 'Mythology', 'Paranormal Romance', 'Young Adult']"
9780373076314,The Return of Rafe MacKade ,Nora Roberts,Silhouette Books,English,"['Romance', 'Contemporary Romance', 'Contemporary', 'Fiction', 'Chick Lit', 'Adult', 'Paranormal']"
9781250066626,The Revenant,Michael Punke,Picador,English,"['Historical Fiction', 'Fiction', 'Westerns', 'Adventure', 'Historical', 'Audiobook', 'Survival']"
9780804114882,The Riddle of the Third Mile ,Colin Dexter,Ivy Books,English,"['Mystery', 'Crime', 'Fiction', 'Detective', 'British Literature', 'Mystery Thriller', 'Audiobook']"
9780811214131,The Rings of Saturn,W.G. Sebald,New Directions,English,"['Fiction', 'Travel', 'German Literature', 'Literature', 'Germany', 'Novels', 'Classics']"
9780062490452,The Rise and Fall of the Dinosaurs: A New History of a Lost World,Steve Brusatte,William Morrow,,"['Nonfiction', 'Science', 'History', 'Dinosaurs', 'Nature', 'Audiobook', 'Animals']"
9780440227502,The River ,Gary Paulsen,Laurel Leaf,English,"['Fiction', 'Young Adult', 'Adventure', 'Survival', 'Realistic Fiction', 'Childrens', 'Middle Grade']"
9780767913737,The River of Doubt: Theodore Roosevelt's Darkest Journey,Candice Millard,Anchor,English,"['History', 'Nonfiction', 'Biography', 'Adventure', 'Travel', 'Presidents', 'American History']"
9780307265432,The Road,Cormac McCarthy,Alfred A. Knopf,English,"['Fiction', 'Science Fiction', 'Dystopia', 'Post Apocalyptic', 'Horror', 'Literature', 'Novels']"
9780307265432,The Road,Cormac McCarthy,Alfred A. Knopf,English,"['Fiction', 'Science Fiction', 'Dystopia', 'Post Apocalyptic', 'Horror', 'Literature', 'Novels']"
9780679724360,The Road from Coorain,Jill Ker Conway,Vintage,English,"['Memoir', 'Nonfiction', 'Biography', 'Australia', 'Biography Memoir', 'Autobiography', 'History']"
9781101906668,The Roanoke Girls,Amy Engel,Crown,English,"['Mystery', 'Fiction', 'Thriller', 'Mystery Thriller', 'Contemporary', 'Adult', 'Audiobook']"
9781101906668,The Roanoke Girls,Amy Engel,Crown,English,"['Mystery', 'Fiction', 'Thriller', 'Mystery Thriller', 'Contemporary', 'Adult', 'Audiobook']"
9780553299496,The Robots of Dawn ,Isaac Asimov,Spectra,English,"['Science Fiction', 'Fiction', 'Mystery', 'Science Fiction Fantasy', 'Robots', 'Classics', 'Detective']"
9780316098793,The Rook ,Daniel O'Malley,"Little, Brown and Company",English,"['Fantasy', 'Urban Fantasy', 'Fiction', 'Mystery', 'Paranormal', 'Science Fiction', 'Thriller']"
9781501171406,The Room on Rue Amelie,Kristin Harmel,Gallery Books,English,"['Historical Fiction', 'Fiction', 'World War II', 'France', 'Historical', 'Romance', 'War']"
9780399171628,The Rose & the Dagger ,Renee Ahdieh,G.P. Putnam's Sons Books for Young Readers,English,"['Fantasy', 'Young Adult', 'Romance', 'Retellings', 'Young Adult Fantasy', 'Fiction', 'Magic']"
9780062943477,The Rose Code,Kate Quinn,William Morrow,English,"['Historical Fiction', 'Fiction', 'Historical', 'Audiobook', 'World War II', 'Mystery', 'War']"
9780062943477,The Rose Code,Kate Quinn,William Morrow,English,"['Historical Fiction', 'Fiction', 'Historical', 'Audiobook', 'World War II', 'Mystery', 'War']"
9780446405331,The Rose Rent ,Ellis Peters,Mysterious Press,English,"['Mystery', 'Historical Fiction', 'Fiction', 'Historical', 'Medieval', 'Historical Mystery', 'Crime']"
9780609810170,The Rose Without a Thorn ,Jean Plaidy,Crown,English,"['Historical Fiction', 'Historical', 'Fiction', 'Tudor Period', 'British Literature', 'Romance', '16th Century']"
9780140863864,The Rosewood Casket,Sharyn McCrumb,Penguin Audio,English,"['Mystery', 'Fiction', 'Historical Fiction', 'Mystery Thriller', 'Southern', 'Historical', 'Audiobook']"
9781595143228,The Ruby Circle ,Richelle Mead,Razorbill,English,"['Young Adult', 'Fantasy', 'Vampires', 'Paranormal', 'Romance', 'Magic', 'Urban Fantasy']"
9780307278289,The Ruins,Scott        Smith,Vintage,English,"['Horror', 'Fiction', 'Thriller', 'Mystery', 'Suspense', 'Audiobook', 'Adventure']"
9780142406632,The Ruins of Gorlan ,John Flanagan,Puffin Books,English,"['Fantasy', 'Young Adult', 'Fiction', 'Adventure', 'Middle Grade', 'Childrens', 'Young Adult Fantasy']"
9780440241355,The Rule of Four,Ian Caldwell,Dell Publishing Company,English,"['Fiction', 'Mystery', 'Thriller', 'Historical Fiction', 'Mystery Thriller', 'Suspense', 'Books About Books']"
9780679781486,The Rules of Attraction,Bret Easton Ellis,Vintage Contemporaries,English,"['Fiction', 'Contemporary', 'LGBT', 'Novels', 'American', 'Literary Fiction', 'Literature']"
9780385339698,The Runaway Jury,John Grisham,Delta,English,"['Fiction', 'Thriller', 'Mystery', 'Crime', 'Legal Thriller', 'Suspense', 'Mystery Thriller']"
9780451197962,The Running Man,Richard Bachman,Signet,English,"['Horror', 'Fiction', 'Science Fiction', 'Dystopia', 'Thriller', 'Audiobook', 'Fantasy']"
9780743464666,The Russia House,John le Carre,Scribner,English,"['Fiction', 'Thriller', 'Espionage', 'Mystery', 'Russia', 'Spy Thriller', 'Suspense']"
9780312144074,The Samurai's Garden,Gail Tsukiyama,St. Martin's Griffin,English,"['Historical Fiction', 'Fiction', 'Japan', 'Asia', 'Historical', 'Asian Literature', 'China']"
9781563892271,"The Sandman, Vol. 1: Preludes & Nocturnes",Neil Gaiman,DC Comics: Vertigo,English,"['Graphic Novels', 'Comics', 'Fantasy', 'Fiction', 'Horror', 'Graphic Novels Comics', 'Comic Book']"
9781563892271,"The Sandman, Vol. 1: Preludes & Nocturnes",Neil Gaiman,DC Comics: Vertigo,English,"['Graphic Novels', 'Comics', 'Fantasy', 'Fiction', 'Horror', 'Graphic Novels Comics', 'Comic Book']"
9781563892875,"The Sandman, Vol. 10: The Wake",Neil Gaiman,Vertigo/DC Comics,English,"['Graphic Novels', 'Comics', 'Fantasy', 'Fiction', 'Graphic Novels Comics', 'Horror', 'Comic Book']"
9781563892257,"The Sandman, Vol. 2: The Doll's House",Neil Gaiman,Vertigo,English,"['Graphic Novels', 'Comics', 'Fantasy', 'Fiction', 'Horror', 'Graphic Novels Comics', 'Comic Book']"
9781563892264,"The Sandman, Vol. 3: Dream Country",Neil Gaiman,DC Comics/Vertigo,English,"['Graphic Novels', 'Comics', 'Fantasy', 'Fiction', 'Horror', 'Graphic Novels Comics', 'Comic Book']"
9781563890352,"The Sandman, Vol. 4: Season of Mists",Neil Gaiman,Vertigo,English,"['Graphic Novels', 'Comics', 'Fantasy', 'Fiction', 'Horror', 'Graphic Novels Comics', 'Comic Book']"
9781563890352,"The Sandman, Vol. 4: Season of Mists",Neil Gaiman,Vertigo,English,"['Graphic Novels', 'Comics', 'Fantasy', 'Fiction', 'Horror', 'Graphic Novels Comics', 'Comic Book']"
9781563890932,"The Sandman, Vol. 5: A Game of You",Neil Gaiman,DC Comics/Vertigo,English,"['Graphic Novels', 'Comics', 'Fantasy', 'Fiction', 'Horror', 'Graphic Novels Comics', 'Comic Book']"
9781563891069,"The Sandman, Vol. 6: Fables & Reflections",Neil Gaiman,DC Comics/Vertigo,English,"['Graphic Novels', 'Fantasy', 'Fiction', 'Graphic Novels Comics', 'Horror', 'Comics', 'Comic Book']"
9781563891069,"The Sandman, Vol. 6: Fables & Reflections",Neil Gaiman,DC Comics/Vertigo,English,"['Graphic Novels', 'Fantasy', 'Fiction', 'Graphic Novels Comics', 'Horror', 'Comics', 'Comic Book']"
9781563891373,"The Sandman, Vol. 7: Brief Lives",Neil Gaiman,DC Comics/Vertigo,English,"['Graphic Novels', 'Comics', 'Fantasy', 'Fiction', 'Graphic Novels Comics', 'Horror', 'Comic Book']"
9781563891700,"The Sandman, Vol. 8: Worlds' End",Neil Gaiman,DC Comics/Vertigo,English,"['Graphic Novels', 'Comics', 'Fantasy', 'Fiction', 'Graphic Novels Comics', 'Horror', 'Comic Book']"
9781563892042,"The Sandman, Vol. 9: The Kindly Ones",Neil Gaiman,DC Comics/Vertigo,English,"['Graphic Novels', 'Comics', 'Fantasy', 'Fiction', 'Horror', 'Graphic Novels Comics', 'Comic Book']"
9781401201135,The Sandman: Endless Nights,Neil Gaiman,Vertigo,English,"['Graphic Novels', 'Comics', 'Fantasy', 'Fiction', 'Graphic Novels Comics', 'Horror', 'Comic Book']"
9780006174431,The Sands of Time,Sidney Sheldon,Harpercollins Pub Ltd,English,"['Fiction', 'Thriller', 'Mystery', 'Romance', 'Suspense', 'Mystery Thriller', 'Crime']"
9780345374721,The Sapphire Rose ,David Eddings,Del Rey,English,"['Fantasy', 'Fiction', 'Epic Fantasy', 'High Fantasy', 'Science Fiction Fantasy', 'Magic', 'Adventure']"
9780312270827,The Satanic Verses,Salman Rushdie,Picador,English,"['Fiction', 'Classics', 'Magical Realism', 'Fantasy', 'Literature', 'Religion', 'Banned Books']"
9780374191481,The Savage Detectives,Roberto Bolaño,"Farrar, Straus and Giroux",English,"['Fiction', 'Novels', 'Spanish Literature', 'Literature', 'Latin American', 'Literary Fiction', 'Contemporary']"
9780060598327,The Saving Graces,Patricia Gaffney,Harper Perennial,English,"['Fiction', 'Chick Lit', 'Contemporary', 'Romance', 'Womens Fiction', 'Book Club', 'Womens']"
9780345471017,The Scent of Rain and Lightning,Nancy Pickard,Ballantine Books,English,"['Mystery', 'Fiction', 'Suspense', 'Mystery Thriller', 'Thriller', 'Adult', 'Contemporary']"
9780192825674,The School for Scandal and Other Plays,Richard Brinsley Sheridan,Oxford University Press,English,"['Plays', 'Drama', 'Classics', '18th Century', 'Fiction', 'Theatre', 'Irish Literature']"
9781857230758,The Scions of Shannara ,Terry Brooks,Orbit,English,"['Fantasy', 'Fiction', 'Epic Fantasy', 'Science Fiction Fantasy', 'High Fantasy', 'Adventure', 'Magic']"
9781857230758,The Scions of Shannara ,Terry Brooks,Orbit,English,"['Fantasy', 'Fiction', 'Epic Fantasy', 'Science Fiction Fantasy', 'High Fantasy', 'Adventure', 'Magic']"
9780385738750,The Scorch Trials ,James Dashner,Delacorte Press,English,"['Young Adult', 'Dystopia', 'Science Fiction', 'Fiction', 'Fantasy', 'Adventure', 'Post Apocalyptic']"
9780786856862,The Sea of Monsters ,Rick Riordan,Hyperion Books,English,"['Fantasy', 'Young Adult', 'Mythology', 'Fiction', 'Middle Grade', 'Adventure', 'Greek Mythology']"
9780385731058,The Second Summer of the Sisterhood ,Ann Brashares,Delacorte Press,English,"['Young Adult', 'Fiction', 'Chick Lit', 'Contemporary', 'Romance', 'Teen', 'Realistic Fiction']"
9780140113419,The Second World War,John Keegan,Penguin Books,English,"['History', 'Nonfiction', 'War', 'Military History', 'World War II', 'Military Fiction', 'World History']"
9780749301385,"The Secret Diary of Adrian Mole, Aged 13 3/4 ",Sue Townsend,Mandarin,English,"['Fiction', 'Young Adult', 'Humor', 'Comedy', 'Childrens', 'British Literature', 'Contemporary']"
9780060533991,"The Secret Diary of Adrian Mole, Aged 13 3/4  ",Sue Townsend,HarperTeen,English,"['Fiction', 'Young Adult', 'Humor', 'Comedy', 'Childrens', 'British Literature', 'Contemporary']"
9781400031702,The Secret History,Donna Tartt,Vintage,English,"['Fiction', 'Mystery', 'Classics', 'Contemporary', 'Thriller', 'Literary Fiction', 'Mystery Thriller']"
9780451217424,The Secret History of the Pink Carnation ,Lauren Willig,New American Library,English,"['Historical Fiction', 'Romance', 'Mystery', 'Fiction', 'Historical', 'Historical Romance', 'Chick Lit']"
9780060519537,The Secret Hour ,Scott Westerfeld,HarperTeen,English,"['Young Adult', 'Fantasy', 'Paranormal', 'Science Fiction', 'Fiction', 'Urban Fantasy', 'Supernatural']"
9780142001745,The Secret Life of Bees,Sue Monk Kidd,Penguin Books,English,"['Fiction', 'Historical Fiction', 'Classics', 'Young Adult', 'Historical', 'Contemporary', 'Adult Fiction']"
9780142001745,The Secret Life of Bees,Sue Monk Kidd,Penguin Books,English,"['Fiction', 'Historical Fiction', 'Classics', 'Young Adult', 'Historical', 'Contemporary', 'Adult Fiction']"
9780399154225,The Secret Servant ,Daniel Silva,Putnam Adult,English,"['Fiction', 'Thriller', 'Mystery', 'Espionage', 'Mystery Thriller', 'Suspense', 'Spy Thriller']"
9780689830907,The Secret Staircase ,Jill Barklem,Atheneum,English,"['Picture Books', 'Childrens', 'Fiction', 'Animals', 'Fantasy', 'Christmas', 'Short Stories']"
9781594202179,The Selected Works of T.S. Spivet,Reif Larsen,"Penguin Press HC, The",English,"['Fiction', 'Young Adult', 'Adventure', 'Coming Of Age', 'Novels', 'Contemporary', 'Literature']"
9780062059932,The Selection ,Kiera Cass,HarperTeen,English,"['Romance', 'Young Adult', 'Dystopia', 'Fantasy', 'Fiction', 'Science Fiction', 'Audiobook']"
9781882968336,The Separation,Christopher Priest,OLD EARTH BOOKS,English,"['Science Fiction', 'Fiction', 'Alternate History', 'Historical Fiction', 'Fantasy', 'War', 'World War II']"
9781882968336,The Separation,Christopher Priest,OLD EARTH BOOKS,English,"['Science Fiction', 'Fiction', 'Alternate History', 'Historical Fiction', 'Fantasy', 'War', 'World War II']"
9781423140573,The Serpent's Shadow ,Rick Riordan,Hyperion Books,English,"['Fantasy', 'Mythology', 'Young Adult', 'Middle Grade', 'Fiction', 'Adventure', 'Magic']"
9781423140573,The Serpent's Shadow ,Rick Riordan,Hyperion Books,English,"['Fantasy', 'Mythology', 'Young Adult', 'Middle Grade', 'Fiction', 'Adventure', 'Magic']"
9781501139239,The Seven Husbands of Evelyn Hugo,Taylor Jenkins Reid,Atria Books,English,"['Fiction', 'Romance', 'Historical Fiction', 'LGBT', 'Contemporary', 'Audiobook', 'Queer']"
9780767915304,The Sex Lives of Cannibals: Adrift in the Equatorial Pacific,J. Maarten Troost,Crown,English,"['Travel', 'Nonfiction', 'Humor', 'Memoir', 'Biography', 'Adventure', 'Biography Memoir']"
9780553231328,The Shadow  Riders,Louis L'Amour,Bantam,English,"['Westerns', 'Fiction', 'Historical Fiction', 'Adventure', 'Action', 'Novels', 'Historical']"
9780345527868,The Shadow Land,Elizabeth Kostova,Ballantine Books,English,"['Historical Fiction', 'Fiction', 'Mystery', 'Historical', 'Bulgaria', 'Audiobook', 'Contemporary']"
9780812513738,The Shadow Rising ,Robert Jordan,Tom Doherty Tor Fantasy,English,"['Fantasy', 'Fiction', 'Epic Fantasy', 'High Fantasy', 'Science Fiction Fantasy', 'Audiobook', 'Adventure']"
9781250189967,The Shadows Between Us ,Tricia Levenseller,Feiwel and Friends,English,"['Fantasy', 'Romance', 'Young Adult', 'Young Adult Fantasy', 'Fantasy Romance', 'Fiction', 'Magic']"
9780141305950,The Shakespeare Stealer ,Gary L. Blackwood,Puffin,English,"['Historical Fiction', 'Young Adult', 'Fiction', 'Historical', 'Middle Grade', 'Childrens', 'School']"
9780517222850,The Shell Seekers,Rosamunde Pilcher,Gramercy,English,"['Fiction', 'Historical Fiction', 'Romance', 'Chick Lit', 'British Literature', 'Historical', 'Family']"
9780553382617,The Shelters of Stone ,Jean M. Auel,Bantam,English,"['Historical Fiction', 'Fiction', 'Fantasy', 'Historical', 'Romance', 'Prehistoric', 'Adventure']"
9780345388667,The Shining Ones ,David Eddings,Del Rey,,"['Fantasy', 'Fiction', 'Epic Fantasy', 'High Fantasy', 'Science Fiction Fantasy', 'Adventure', 'Magic']"
9781423160939,The Ship of the Dead ,Rick Riordan,Disney-Hyperion Books,English,"['Fantasy', 'Mythology', 'Young Adult', 'Middle Grade', 'Fiction', 'LGBT', 'Adventure']"
9780810111448,The Ship of Widows,Ирина Грекова,Northwestern University Press,English,"['Russia', 'Fiction', 'Historical Fiction', 'War', 'Russian Literature', '20th Century', 'School']"
9781857232059,The Ship Who Searched ,"Mercedes McCaffrey, Anne; Lackey",Orbit,English,"['Science Fiction', 'Fantasy', 'Fiction', 'Science Fiction Fantasy', 'Romance', 'Space Opera', 'Space']"
9780743225427,The Shipping News,Annie Proulx,Scribner,English,"['Fiction', 'Contemporary', 'Canada', 'Literary Fiction', 'Literature', 'Novels', 'Classics']"
9780345441706,The Sicilian,Mario Puzo,Ballantine Books,English,"['Fiction', 'Crime', 'Thriller', 'Classics', 'Historical Fiction', 'Mystery', 'Novels']"
9781559276870,The Sigma Protocol,Robert Ludlum,Audio Renaissance,English,"['Fiction', 'Thriller', 'Mystery', 'Espionage', 'Suspense', 'Mystery Thriller', 'Adventure']"
9780679758556,The Sign of the Cross: Travels in Catholic Europe,Colm Tóibín,Vintage,English,"['Travel', 'Nonfiction', 'Religion', 'Ireland', 'Memoir', 'History', 'Irish Literature']"
9781250301697,The Silent Patient,Alex Michaelides,Celadon Books,English,"['Thriller', 'Mystery', 'Fiction', 'Mystery Thriller', 'Audiobook', 'Suspense', 'Crime']"
9780316206877,The Silkworm ,Robert Galbraith,Mulholland Books,English,"['Mystery', 'Fiction', 'Crime', 'Thriller', 'Audiobook', 'Mystery Thriller', 'Detective']"
9780099414735,The Silver Pigs ,Lindsey Davis,Random House,English,"['Historical Fiction', 'Mystery', 'Fiction', 'Historical', 'Crime', 'Historical Mystery', 'Italy']"
9781501133435,The Simple Wild ,K.A. Tucker,Atria Books,English,"['Contemporary', 'Contemporary Romance', 'Fiction', 'New Adult', 'Adult', 'Audiobook', 'Chick Lit']"
9780439554794,The Singer of All Songs,Kate Constable,Scholastic Paperbacks,English,"['Fantasy', 'Young Adult', 'Magic', 'Romance', 'Adventure', 'Young Adult Fantasy', 'Fiction']"
9780061098789,The Sinister Pig ,Tony Hillerman,HarperTorch,English,"['Mystery', 'Fiction', 'Crime', 'Westerns', 'Mystery Thriller', 'Native Americans', 'Thriller']"
9780385729338,The Sisterhood of the Traveling Pants ,Ann Brashares,Delacorte Press,English,"['Young Adult', 'Fiction', 'Chick Lit', 'Contemporary', 'Romance', 'Teen', 'Realistic Fiction']"
9780802136831,The Six Wives of Henry VIII,Alison Weir,Grove Press,English,"['History', 'Nonfiction', 'Biography', 'Historical', 'Tudor Period', 'British Literature', 'Biography Memoir']"
9780743222051,The Skull Beneath the Skin ,P.D. James,Scribner Book Company,English,"['Mystery', 'Fiction', 'Crime', 'Mystery Thriller', 'Detective', 'British Literature', 'Thriller']"
9780803734951,The Sky Is Everywhere,Jandy Nelson,Dial Books,English,"['Young Adult', 'Romance', 'Contemporary', 'Fiction', 'Realistic Fiction', 'Young Adult Contemporary', 'Music']"
9780064410137,The Slippery Slope ,Lemony Snicket,HarperCollins Publishers,English,"['Fiction', 'Young Adult', 'Childrens', 'Middle Grade', 'Fantasy', 'Mystery', 'Adventure']"
9780312993559,The Snake Tattoo ,Linda Barnes,Minotaur Books,English,"['Mystery', 'Fiction', 'Crime', 'Detective', 'Audiobook', 'Mystery Thriller', 'Womens']"
9780374266516,The Solitaire Mystery,Jostein Gaarder,Farrar Straus & Giroux,English,"['Fiction', 'Philosophy', 'Fantasy', 'Young Adult', 'Mystery', 'Novels', 'Magical Realism']"
9781423140597,The Son of Neptune ,Rick Riordan,Disney-Hyperion Books,English,"['Fantasy', 'Mythology', 'Young Adult', 'Fiction', 'Middle Grade', 'Adventure', 'Greek Mythology']"
9780345322401,The Songs of Distant Earth,Arthur C. Clarke,Del Rey/Ballantine Books,English,"['Science Fiction', 'Fiction', 'Science Fiction Fantasy', 'Speculative Fiction', 'Fantasy', 'Classics', 'Novels']"
9780385735292,The Sorceress ,Michael Scott,Delacorte Press,English,"['Fantasy', 'Young Adult', 'Fiction', 'Mythology', 'Magic', 'Adventure', 'Urban Fantasy']"
9780441775675,The Sorceress and the Cygnet ,Patricia A. McKillip,Ace,English,"['Fantasy', 'Fiction', 'Young Adult', 'Science Fiction Fantasy', 'Adult', 'High Fantasy', 'Epic Fantasy']"
9781982123963,The Soulmate Equation,Christina Lauren,Gallery Books,English,"['Romance', 'Contemporary', 'Contemporary Romance', 'Fiction', 'Audiobook', 'Adult', 'Chick Lit']"
9781668002537,The Spanish Love Deception ,Elena  Armas,Elena Armas,English,"['Contemporary', 'Adult', 'Chick Lit', 'New Adult', 'Audiobook', 'Adult Fiction', 'Young Adult']"
9781668002537,The Spanish Love Deception ,Elena  Armas,Elena Armas,English,"['Contemporary', 'Adult', 'Chick Lit', 'New Adult', 'Audiobook', 'Adult Fiction', 'Young Adult']"
9780449912553,The Sparrow ,Mary Doria Russell,Ballantine Books,English,"['Science Fiction', 'Fiction', 'Fantasy', 'Religion', 'Science Fiction Fantasy', 'Speculative Fiction', 'Aliens']"
9780345481399,The Speed of Dark,Elizabeth Moon,Del Rey,English,"['Science Fiction', 'Fiction', 'Autistic Spectrum Disorder', 'Speculative Fiction', 'Science Fiction Fantasy', 'Fantasy', 'Disability']"
9781499145342,The Spice of Life,Jake Furie Lapin,Blackman Morgan Sachs Group,English,"['BDSM', 'Erotica']"
9780374525644,"The Spirit Catches You and You Fall Down: A Hmong Child, Her American Doctors, and the Collision of Two Cultures",Anne Fadiman,"Farrar, Straus and Giroux",English,"['Nonfiction', 'Medicine', 'Anthropology', 'Medical', 'Science', 'Memoir', 'History']"
9780394743257,The Sportswriter ,Richard Ford,Random House/Vintage Contemporaries,English,"['Fiction', 'Novels', 'Literature', 'Literary Fiction', 'American', 'Classics', 'Contemporary']"
9780385541213,The Starless Sea,Erin Morgenstern,Doubleday,English,"['Fantasy', 'Fiction', 'Magical Realism', 'Romance', 'Adult', 'LGBT', 'Audiobook']"
9781250085474,The Star-Touched Queen ,Roshani Chokshi,St. Martin's Griffin,English,"['Fantasy', 'Young Adult', 'Romance', 'Mythology', 'Young Adult Fantasy', 'Fiction', 'Retellings']"
9780356196695,The State of the Art ,Iain M. Banks,Orbit Books,English,"['Science Fiction', 'Fiction', 'Short Stories', 'Space Opera', 'Cultural', 'Science Fiction Fantasy', 'Fantasy']"
9781982107482,The Stationery Shop,Marjan Kamali,Gallery Books,English,"['Historical Fiction', 'Fiction', 'Romance', 'Historical', 'Iran', 'Contemporary', 'Adult']"
9780316122382,The Statistical Probability of Love at First Sight,Jennifer E. Smith,Poppy/Little Brown,English,"['Young Adult', 'Romance', 'Contemporary', 'Fiction', 'Realistic Fiction', 'Chick Lit', 'Young Adult Contemporary']"
9780670844876,The Stinky Cheese Man and Other Fairly Stupid Tales,Jon Scieszka,Viking Books for Young Readers,English,"['Picture Books', 'Childrens', 'Fiction', 'Humor', 'Fantasy', 'Fairy Tales', 'Short Stories']"
9780385516167,The Stolen Child,Keith Donohue,Nan A. Talese,English,"['Fantasy', 'Fiction', 'Fairy Tales', 'Magical Realism', 'Paranormal', 'Adult Fiction', 'Adult']"
9780316592703,The Stolen Heir ,Holly Black,"Little, Brown Books for Young Readers",English,"['Fantasy', 'Young Adult', 'Romance', 'Fae', 'Young Adult Fantasy', 'Fiction', 'Magic']"
9780316592703,The Stolen Heir ,Holly Black,"Little, Brown Books for Young Readers",English,"['Fantasy', 'Young Adult', 'Romance', 'Fae', 'Young Adult Fantasy', 'Fiction', 'Magic']"
9780140233131,The Stone Diaries,Carol Shields,Penguin Books,English,"['Fiction', 'Canada', 'Historical Fiction', 'Literary Fiction', 'Literature', 'Novels', 'Classics']"
9781860467219,The Stone Raft,José Saramago,Panther,English,"['Fiction', 'Portugal', 'Magical Realism', 'Literature', 'Portuguese Literature', 'Nobel Prize', 'Novels']"
9780061374227,The Story of Edgar Sawtelle,David Wroblewski,Ecco,English,"['Fiction', 'Animals', 'Dogs', 'Adult Fiction', 'Contemporary', 'Coming Of Age', 'Literary Fiction']"
9780140094350,The Story of English: Companion to the PBS TV Series,Robert McCrum,Penguin Books,English,"['History', 'Nonfiction', 'Language', 'Linguistics', 'Reference', 'Writing', 'Literature']"
9780312420284,The Storyteller,Mario Vargas Llosa,Picador,English,"['Fiction', 'Spanish Literature', 'Literature', 'Latin American', 'Novels', 'Latin American Literature', 'Contemporary']"
9781439102763,The Storyteller,Jodi Picoult,Atria,English,"['Fiction', 'Historical Fiction', 'Holocaust', 'Historical', 'Contemporary', 'World War II', 'Adult Fiction']"
9780061558238,The Strain ,Guillermo del Toro,William Morrow,English,"['Horror', 'Fiction', 'Vampires', 'Fantasy', 'Science Fiction', 'Thriller', 'Paranormal']"
9780553569216,The Strange Files of Fremont Jones ,Dianne Day,Crimeline,English,"['Mystery', 'Historical Fiction', 'Historical Mystery', 'Historical', 'Fiction', 'Cozy Mystery', 'Mystery Thriller']"
9780385339094,The Street Lawyer,John Grisham,Bantam,English,"['Fiction', 'Thriller', 'Mystery', 'Legal Thriller', 'Crime', 'Suspense', 'Mystery Thriller']"
9780441790975,The Stress of Her Regard,Tim Powers,Ace,English,"['Fantasy', 'Horror', 'Historical Fiction', 'Vampires', 'Fiction', 'Historical', 'Paranormal']"
9780312926052,The Student Body ,J.S. Borthwick,St. Martin's Press,English,"['Mystery', 'Cozy Mystery']"
9780679879251,The Subtle Knife ,Philip Pullman,Alfred A. Knopf Books for Young Readers,English,"['Fantasy', 'Young Adult', 'Fiction', 'Childrens', 'Adventure', 'Science Fiction', 'Audiobook']"
9780553805499,The Sugar Queen,Sarah Addison Allen,Bantam,English,"['Fiction', 'Magical Realism', 'Romance', 'Fantasy', 'Chick Lit', 'Contemporary', 'Magic']"
9781882413348,The Summer of Black Widows,Sherman Alexie,Hanging Loose Press,English,"['Poetry', 'Fiction', 'American', 'Literature', 'Native Americans']"
9780446400183,The Summer of the Danes ,Ellis Peters,Mysterious Press,English,"['Mystery', 'Historical Fiction', 'Fiction', 'Historical', 'Medieval', 'Historical Mystery', 'Crime']"
9780451451385,The Summer Tree ,Guy Gavriel Kay,Roc,English,"['Fantasy', 'Fiction', 'Epic Fantasy', 'High Fantasy', 'Science Fiction Fantasy', 'Canada', 'Magic']"
9780061662690,The Summoning ,Kelley Armstrong,HarperCollins,English,"['Young Adult', 'Fantasy', 'Paranormal', 'Urban Fantasy', 'Supernatural', 'Romance', 'Magic']"
9780385339599,The Summons,John Grisham,Delta,English,"['Fiction', 'Mystery', 'Thriller', 'Legal Thriller', 'Suspense', 'Crime', 'Mystery Thriller']"
9781250124715,The Sun Does Shine: How I Found Life and Freedom on Death Row,Anthony Ray Hinton,St. Martin's Press,English,"['Nonfiction', 'Memoir', 'Biography', 'Audiobook', 'True Crime', 'Race', 'Social Justice']"
9780440000174,The Sun Down Motel,Simone St. James,Berkley,English,"['Mystery', 'Horror', 'Thriller', 'Fiction', 'Mystery Thriller', 'Paranormal', 'Audiobook']"
9780553496680,The Sun Is Also a Star,Nicola Yoon,Delacorte Press,English,"['Romance', 'Young Adult', 'Contemporary', 'Fiction', 'Audiobook', 'Realistic Fiction', 'Young Adult Contemporary']"
9781400077090,The Sunday Philosophy Club ,Alexander McCall Smith,Anchor,English,"['Mystery', 'Fiction', 'Scotland', 'Philosophy', 'Audiobook', 'Crime', 'Cozy Mystery']"
9780345363138,The Sunne in Splendour,Sharon Kay Penman,Ballantine Books,English,"['Historical Fiction', 'Fiction', 'Historical', 'Medieval', 'British Literature', '15th Century', 'Plantagenet']"
9780385730303,The Sweet Far Thing ,Libba Bray,Delacorte Press,English,"['Fantasy', 'Young Adult', 'Historical Fiction', 'Historical', 'Fiction', 'Romance', 'Paranormal']"
9780385342308,The Sweetness at the Bottom of the Pie ,Alan Bradley,Delacorte Press,English,"['Mystery', 'Fiction', 'Historical Fiction', 'Young Adult', 'Mystery Thriller', 'Audiobook', 'Crime']"
9780671631932,The Sword of the Lictor ,Gene Wolfe,Timescape Books,English,"['Fantasy', 'Science Fiction', 'Fiction', 'Novels', 'Science Fiction Fantasy', 'Speculative Fiction', 'Classics']"
9780060750862,The System of the World ,Neal Stephenson,William Morrow Paperbacks,English,"['Fiction', 'Historical Fiction', 'Science Fiction', 'Fantasy', 'Historical', 'Speculative Fiction', 'Science Fiction Fantasy']"
9780679454465,The Tailor of Panama,John le Carre,Knopf,English,"['Fiction', 'Espionage', 'Thriller', 'Mystery', 'Spy Thriller', 'Crime', 'Mystery Thriller']"
9780763625290,The Tale of Despereaux,Kate DiCamillo,Candlewick Press,English,"['Fantasy', 'Fiction', 'Childrens', 'Middle Grade', 'Young Adult', 'Animals', 'Adventure']"
9780763625290,The Tale of Despereaux,Kate DiCamillo,Candlewick Press,English,"['Fantasy', 'Fiction', 'Childrens', 'Middle Grade', 'Young Adult', 'Animals', 'Adventure']"
9780763625290,The Tale of Despereaux,Kate DiCamillo,Candlewick Press,English,"['Fantasy', 'Fiction', 'Childrens', 'Middle Grade', 'Young Adult', 'Animals', 'Adventure']"
9780345419637,The Tale of the Body Thief ,Anne Rice,Ballantine Books,English,"['Horror', 'Fantasy', 'Vampires', 'Fiction', 'Paranormal', 'Supernatural', 'Urban Fantasy']"
9780747599876,The Tales of Beedle the Bard,J.K. Rowling,Bloomsbury,English,"['Fantasy', 'Fiction', 'Young Adult', 'Short Stories', 'Childrens', 'Magic', 'Middle Grade']"
9780747599876,The Tales of Beedle the Bard,J.K. Rowling,Bloomsbury,English,"['Fantasy', 'Fiction', 'Young Adult', 'Short Stories', 'Childrens', 'Magic', 'Middle Grade']"
9780425105337,The Talisman ,Stephen King,Berkley,English,"['Horror', 'Fiction', 'Thriller', 'Adventure', 'Mystery', 'Audiobook', 'Supernatural']"
9781857239010,The Talismans of Shannara ,Terry Brooks,Orbit,English,"['Fantasy', 'Fiction', 'Epic Fantasy', 'Science Fiction Fantasy', 'High Fantasy', 'Adventure', 'Magic']"
9780140067477,The Tao of Pooh,Benjamin Hoff,Penguin Books,English,"['Philosophy', 'Nonfiction', 'Spirituality', 'Religion', 'Self Help', 'Audiobook', 'Taoism']"
9781760403171,The Tattooist of Auschwitz,Heather   Morris,Bonnier Publishing Australia,English,"['Historical Fiction', 'Fiction', 'Historical', 'Audiobook', 'World War II', 'Holocaust', 'Romance']"
9780316421997,The Ten Thousand Doors of January,Alix E. Harrow,Redhook,English,"['Fantasy', 'Fiction', 'Historical Fiction', 'Young Adult', 'Magical Realism', 'Audiobook', 'Historical']"
9780743496711,The Tenth Circle,Jodi Picoult,Allen & Ulwin,English,"['Fiction', 'Contemporary', 'Chick Lit', 'Adult Fiction', 'Adult', 'Drama', 'Mystery']"
9780671019099,The Tenth Man,Graham Greene,Washington Square Press,English,"['Fiction', 'Classics', 'Historical Fiction', 'War', 'Literature', 'Novels', 'Literary Fiction']"
9781250312839,The Test,Sylvain Neuvel,St Martin's Press,English,"['Science Fiction', 'Fiction', 'Dystopia', 'Novella', 'Adult', 'Audiobook', 'Short Stories']"
9780385493802,The Testament,John Grisham,Doubleday,English,"['Fiction', 'Thriller', 'Mystery', 'Legal Thriller', 'Suspense', 'Crime', 'Mystery Thriller']"
9780060824976,The Thief ,Megan Whalen Turner,Greenwillow Books,English,"['Fantasy', 'Young Adult', 'Fiction', 'Adventure', 'Historical Fiction', 'Young Adult Fantasy', 'High Fantasy']"
9781903434772,The Thief Lord,Cornelia Funke,Chicken House,English,"['Fantasy', 'Young Adult', 'Fiction', 'Middle Grade', 'Childrens', 'Adventure', 'Mystery']"
9780767902892,The Things They Carried,Tim O'Brien,Broadway,English,"['Fiction', 'Historical Fiction', 'Classics', 'War', 'Short Stories', 'School', 'Historical']"
9781525831515,The Things We Cannot Say,Kelly Rimmer,Graydon House,English,"['Historical Fiction', 'Fiction', 'World War II', 'Audiobook', 'Historical', 'Romance', 'War']"
9780060845506,The Third Chimpanzee: The Evolution and Future of the Human Animal,Jared Diamond,Harper Perennial,English,"['Science', 'Nonfiction', 'History', 'Anthropology', 'Evolution', 'Biology', 'Sociology']"
9780440987208,The Third Eye,Lois Duncan,Laurel Leaf,English,"['Young Adult', 'Fiction', 'Mystery', 'Fantasy', 'Horror', 'Thriller', 'Paranormal']"
9780743298025,The Thirteenth Tale,Diane Setterfield,Atria Books,English,"['Mystery', 'Historical Fiction', 'Gothic', 'Books About Books', 'Fantasy', 'Adult', 'Historical']"
9781400065455,The Thousand Autumns of Jacob de Zoet,David Mitchell,Random House,English,"['Fiction', 'Historical Fiction', 'Japan', 'Historical', 'Literary Fiction', 'Asia', 'Novels']"
9780689815287,The Three Little Wolves and the Big Bad Pig,Eugene Trivizas,Margaret K. McElderry Books,English,"['Picture Books', 'Childrens', 'Animals', 'Fairy Tales', 'Fiction', 'Fantasy', 'Humor']"
9781423140566,The Throne of Fire ,Rick Riordan,Hyperion Books for Children,English,"['Fantasy', 'Mythology', 'Young Adult', 'Middle Grade', 'Fiction', 'Adventure', 'Magic']"
9780385343831,The Tiger's Wife,Téa Obreht,Random House,English,"['Fiction', 'Historical Fiction', 'Magical Realism', 'Literary Fiction', 'Fantasy', 'Book Club', 'War']"
9781939126016,The Time Travelers Wife,Audrey Niffenegger,Zola Books,English,"['Fiction', 'Romance', 'Fantasy', 'Time Travel', 'Science Fiction', 'Contemporary', 'Adult']"
9780141382890,The Titan's Curse ,Rick Riordan,Puffin Books,English,"['Fantasy', 'Young Adult', 'Mythology', 'Fiction', 'Middle Grade', 'Adventure', 'Greek Mythology']"
9780425168950,The Titian Committee ,Iain Pears,Berkley,English,"['Mystery', 'Fiction', 'Art', 'Italy', 'Crime', 'Mystery Thriller', 'Art History']"
9780425128169,The Tortilla Curtain,T. Coraghessan Boyle,Berkley,English,"['Horror', 'Fiction', 'Thriller', 'Suspense', 'Mystery', 'Mystery Thriller', 'Coming Of Age']"
9781439198780,The Traitor's Emblem,Juan Gomez-Jurado,Atria Books,English,"['Historical Fiction', 'Fiction', 'Thriller', 'Mystery', 'Historical', 'Spanish Literature', 'Germany']"
9780060155605,The Triumph of Politics: Why the Reagan Revolution Failed,David A. Stockman,Harper & Row,English,"['Politics', 'Nonfiction', 'Economics', 'History', 'American History', 'Government', 'Memoir']"
9780380714759,The True Confessions of Charlotte Doyle,Avi,Harpercollins Childrens Books,English,"['Historical Fiction', 'Young Adult', 'Fiction', 'Middle Grade', 'Adventure', 'Historical', 'Childrens']"
9781590173299,The True Deceiver,Tove Jansson,NYRB Classics,English,"['Fiction', 'Scandinavian Literature', 'Finnish Literature', 'Literary Fiction', 'Classics', 'Novels', 'Swedish Literature']"
9781982173432,The True Love Experiment,Christina Lauren,Gallery Books,English,"['Romance', 'Contemporary', 'Fiction', 'Contemporary Romance', 'Audiobook', 'Adult', 'Chick Lit']"
9780140544510,The True Story of the 3 Little Pigs,Jon Scieszka,Puffin Books,English,"['Picture Books', 'Childrens', 'Fiction', 'Humor', 'Animals', 'Fantasy', 'Fairy Tales']"
9780380978953,The Truth ,Terry Pratchett,Harper,English,"['Fantasy', 'Fiction', 'Humor', 'Comedy', 'Science Fiction Fantasy', 'Audiobook', 'Adult']"
9780142406250,The Truth About Forever,Sarah Dessen,Penguin Group Inc.,English,"['Young Adult', 'Romance', 'Contemporary', 'Fiction', 'Chick Lit', 'Realistic Fiction', 'Teen']"
9781501188770,The Turn of the Key,Ruth Ware,Scout Press,English,"['Thriller', 'Mystery', 'Fiction', 'Mystery Thriller', 'Audiobook', 'Horror', 'Suspense']"
9780812989885,The Twelve Lives of Samuel Hawley,Hannah Tinti,The Dial Press,English,"['Fiction', 'Mystery', 'Contemporary', 'Literary Fiction', 'Mystery Thriller', 'Thriller', 'Coming Of Age']"
9781250076922,The Two-Family House,Lynda Cohen Loigman,St. Martin's Press,English,"['Historical Fiction', 'Fiction', 'Historical', 'Adult Fiction', 'New York', 'Audiobook', 'Family']"
9780752853697,The Unadulterated Cat,Terry Pratchett,Gollancz,English,"['Humor', 'Fantasy', 'Fiction', 'Cats', 'Animals', 'Comedy', 'British Literature']"
9780571224388,The Unbearable Lightness of Being,Milan Kundera,Harper Perennial,English,"['Fiction', 'Philosophy', 'Literature', 'Novels', 'Czech Literature', 'Romance', 'Classics']"
9780374280963,The Uncommon Reader,Alan Bennett,"Farrar, Straus and Giroux",English,"['Fiction', 'Books About Books', 'Humor', 'Contemporary', 'British Literature', 'Novella', 'Audiobook']"
9780385542364,The Underground Railroad,Colson Whitehead,Doubleday,English,"['Historical Fiction', 'Fiction', 'Historical', 'Audiobook', 'Race', 'Literary Fiction', 'African American']"
9781416950585,The Underneath,Kathi Appelt,Atheneum Books for Young Readers,English,"['Fantasy', 'Middle Grade', 'Animals', 'Fiction', 'Young Adult', 'Childrens', 'Juvenile']"
9781481404549,The Unexpected Everything,Morgan Matson,Simon & Schuster Books for Young Readers,English,"['Contemporary', 'Young Adult', 'Romance', 'Young Adult Contemporary', 'Fiction', 'Realistic Fiction', 'Young Adult Romance']"
9780553802023,The Universe in a Nutshell,Stephen Hawking,Bantam,English,"['Science', 'Nonfiction', 'Physics', 'Astronomy', 'Popular Science', 'Space', 'Audiobook']"
9780671578442,The Unlikely Ones ,Mary     Brown,Baen,English,"['Fantasy', 'Fiction', 'Dragons', 'Young Adult', 'High Fantasy', 'Adventure', 'Romance']"
9780812993295,The Unlikely Pilgrimage of Harold Fry ,Rachel Joyce,Random House,English,"['Fiction', 'Contemporary', 'Audiobook', 'Book Club', 'British Literature', 'Adult Fiction', 'Literary Fiction']"
9780553279719,The Uplift War ,David Brin,Spectra,English,"['Science Fiction', 'Fiction', 'Space Opera', 'Hugo Awards', 'Science Fiction Fantasy', 'Fantasy', 'Aliens']"
9780062348708,The Upside of Unrequited ,Becky Albertalli,Balzer + Bray,English,"['Young Adult', 'Contemporary', 'Romance', 'LGBT', 'Fiction', 'Audiobook', 'Queer']"
9780062348708,The Upside of Unrequited ,Becky Albertalli,Balzer + Bray,English,"['Young Adult', 'Contemporary', 'Romance', 'LGBT', 'Fiction', 'Audiobook', 'Queer']"
9780312863944,The Urth of the New Sun ,Gene Wolfe,Orb Books,English,"['Fantasy', 'Science Fiction', 'Fiction', 'Science Fiction Fantasy', 'Speculative Fiction', 'Literature', 'Novels']"
9780156932509,The Uses of Literature,Italo Calvino,Mariner Books,English,"['Nonfiction', 'Essays', 'Literary Criticism', 'Books About Books', 'Criticism', 'Literature', 'Writing']"
9781860499265,The Vagina Monologues,V (formerly Eve Ensler),Virago Press Ltd.,English,"['Feminism', 'Nonfiction', 'Plays', 'Drama', 'Womens', 'Theatre', 'Gender']"
9780553381665,The Valley of Horses ,Jean M. Auel,Bantam,English,"['Historical Fiction', 'Fiction', 'Fantasy', 'Historical', 'Romance', 'Adventure', 'Prehistoric']"
9780345434807,The Vampire Armand ,Anne Rice,Ballantine Books,English,"['Horror', 'Vampires', 'Fantasy', 'Fiction', 'Paranormal', 'Supernatural', 'Urban Fantasy']"
9780345476883,The Vampire Lestat ,Anne Rice,Ballantine Books,English,"['Horror', 'Fantasy', 'Vampires', 'Fiction', 'Paranormal', 'Supernatural', 'Gothic']"
9780140260021,The Van ,Roddy Doyle,Penguin Books,English,"['Fiction', 'Ireland', 'Irish Literature', 'Humor', 'Contemporary', 'Novels', 'Comedy']"
9781423102267,The Van Alen Legacy ,Melissa de la Cruz,Disney/Hyperion,English,"['Young Adult', 'Vampires', 'Fantasy', 'Paranormal', 'Romance', 'Angels', 'Supernatural']"
9780399218859,The Very Quiet Cricket,Eric Carle,World of Eric Carle,English,"['Picture Books', 'Childrens', 'Fiction', 'Animals', 'Storytime', 'Kids', 'Classics']"
9780060566227,The Vile Village ,Lemony Snicket,HarperCollins Publishers,English,"['Fiction', 'Young Adult', 'Childrens', 'Middle Grade', 'Fantasy', 'Mystery', 'Adventure']"
9781250280015,The Villa,Rachel Hawkins,St. Martin's Press,English,"['Mystery', 'Thriller', 'Fiction', 'Audiobook', 'Mystery Thriller', 'Suspense', 'Adult']"
9780593315415,The Violin Conspiracy,Brendan Slocumb,Anchor,English,"['Mystery', 'Fiction', 'Audiobook', 'Mystery Thriller', 'Music', 'Thriller', 'Contemporary']"
9780446404280,The Virgin in the Ice ,Ellis Peters,The Mysterious Press,English,"['Mystery', 'Historical Fiction', 'Fiction', 'Historical', 'Crime', 'Medieval', 'Historical Mystery']"
9780671720148,The Vor Game ,Lois McMaster Bujold,Baen Books,English,"['Science Fiction', 'Space Opera', 'Fiction', 'Hugo Awards', 'Science Fiction Fantasy', 'Fantasy', 'Audiobook']"
9780671720148,The Vor Game ,Lois McMaster Bujold,Baen Books,English,"['Science Fiction', 'Space Opera', 'Fiction', 'Hugo Awards', 'Science Fiction Fantasy', 'Fantasy', 'Audiobook']"
9780385534260,"The Wager: A Tale of Shipwreck, Mutiny and Murder",David Grann,Doubleday,English,"['Nonfiction', 'History', 'Audiobook', 'True Crime', 'Adventure', 'Historical', 'Mystery']"
9780451458261,The Wandering Fire ,Guy Gavriel Kay,Roc,English,"['Fantasy', 'Fiction', 'Epic Fantasy', 'High Fantasy', 'Science Fiction Fantasy', 'Arthurian', 'Canada']"
9780756401818,The War of the Flowers,Tad Williams,DAW,English,"['Fantasy', 'Fiction', 'Urban Fantasy', 'Science Fiction Fantasy', 'High Fantasy', 'Epic Fantasy', 'Fairies']"
9781952457722,The War of Two Queens ,Jennifer L. Armentrout,Blue Box Press,English,"['Fantasy', 'Romance', 'Fantasy Romance', 'Vampires', 'Fiction', 'New Adult', 'Paranormal']"
9780385735339,The Warlock ,Michael Scott,Delacorte Press,English,"['Fantasy', 'Young Adult', 'Fiction', 'Mythology', 'Magic', 'Adventure', 'Urban Fantasy']"
9780743468404,The Warrior's Apprentice ,Lois McMaster Bujold,Earthlight,English,"['Science Fiction', 'Space Opera', 'Fiction', 'Fantasy', 'Audiobook', 'Science Fiction Fantasy', 'Adventure']"
9780684853154,The Wasp Factory,Iain Banks,Simon & Schuster (NYC),English,"['Fiction', 'Horror', 'Thriller', 'Contemporary', 'Mystery', 'Classics', 'Scotland']"
9780670032563,The Waste Lands ,Stephen King,Viking Adult,English,"['Fantasy', 'Fiction', 'Horror', 'Science Fiction', 'Adventure', 'Westerns', 'Audiobook']"
9780440228004,The Watsons Go to Birmingham - 1963,Christopher Paul Curtis,Laurel Leaf,English,"['Historical Fiction', 'Young Adult', 'Middle Grade', 'Fiction', 'Childrens', 'Historical', 'School']"
9780765326355,The Way of Kings ,Brandon Sanderson,Tor Books,English,"['Fantasy', 'Fiction', 'Epic Fantasy', 'High Fantasy', 'Audiobook', 'Adult', 'Science Fiction Fantasy']"
9780743467216,The Wedding ,Julie Garwood,Pocket,English,"['Historical Romance', 'Romance', 'Historical', 'Historical Fiction', 'Medieval', 'Fiction', 'Scotland']"
9780060012380,The Wee Free Men ,Terry Pratchett,HarperTrophy,English,"['Fantasy', 'Fiction', 'Young Adult', 'Humor', 'Audiobook', 'Childrens', 'Comedy']"
9780385342315,The Weed That Strings the Hangman's Bag ,Alan Bradley,Delacorte Press,English,"['Mystery', 'Fiction', 'Historical Fiction', 'Young Adult', 'Audiobook', 'Crime', 'Historical']"
9780385342315,The Weed That Strings the Hangman's Bag ,Alan Bradley,Delacorte Press,English,"['Mystery', 'Fiction', 'Historical Fiction', 'Young Adult', 'Audiobook', 'Crime', 'Historical']"
9780778327400,The Weight of Silence,Heather Gudenkauf,MIRA,English,"['Fiction', 'Mystery', 'Suspense', 'Thriller', 'Mystery Thriller', 'Contemporary', 'Adult']"
9780765316882,The Well of Ascension ,Brandon Sanderson,Tor Books,English,"['Fantasy', 'Fiction', 'Epic Fantasy', 'High Fantasy', 'Adult', 'Audiobook', 'Magic']"
9780143034353,The Well of Lost Plots ,Jasper Fforde,Penguin Books,English,"['Fantasy', 'Fiction', 'Mystery', 'Humor', 'Books About Books', 'Science Fiction', 'Science Fiction Fantasy']"
9780143034353,The Well of Lost Plots ,Jasper Fforde,Penguin Books,English,"['Fantasy', 'Fiction', 'Mystery', 'Humor', 'Books About Books', 'Science Fiction', 'Science Fiction Fantasy']"
9780152050160,The Whale Rider,Witi Ihimaera,"Harcourt, Inc",English,"['Young Adult', 'Fantasy', 'Magical Realism', 'Fiction', 'Mythology', 'Middle Grade', 'Audiobook']"
9780446580281,The Wheel of Darkness ,Douglas Preston,Warner Books,English,"['Thriller', 'Mystery', 'Fiction', 'Horror', 'Mystery Thriller', 'Suspense', 'Crime']"
9780449206249,The Wheel of Fortune,Susan Howatch,Fawcett,English,"['Historical Fiction', 'Fiction', 'Historical', 'Romance', 'British Literature', 'Historical Romance', 'Novels']"
9780571164660,The White Castle,Orhan Pamuk,Faber and Faber,English,"['Fiction', 'Historical Fiction', 'Turkish Literature', 'Turkish', 'Literature', 'Novels', 'Nobel Prize']"
9781400031559,The White Lioness ,Henning Mankell,Vintage Crime/Black Lizard,English,"['Mystery', 'Crime', 'Fiction', 'Thriller', 'Sweden', 'Scandinavian Literature', 'Nordic Noir']"
9781416563686,The White Queen ,Philippa Gregory,Atria Books,English,"['Historical Fiction', 'Fiction', 'Historical', 'Romance', 'British Literature', 'Adult', 'Historical Romance']"
9780812508444,The White Rose ,Glen Cook,Tor Fantasy,English,"['Fantasy', 'Fiction', 'Dark Fantasy', 'Epic Fantasy', 'Military Fiction', 'High Fantasy', 'Science Fiction Fantasy']"
9781416562597,The White Tiger,Aravind Adiga,Free Press,English,"['Fiction', 'India', 'Contemporary', 'Indian Literature', 'Novels', 'Literary Fiction', 'Literature']"
9780316310338,The Wicked King ,Holly Black,"Little, Brown Books for Young Readers",English,"['Fantasy', 'Young Adult', 'Romance', 'Fae', 'Young Adult Fantasy', 'Fiction', 'Magic']"
9780064407687,The Wide Window ,Lemony Snicket,HarperCollins Publishers,English,"['Fiction', 'Young Adult', 'Childrens', 'Middle Grade', 'Fantasy', 'Mystery', 'Adventure']"
9781101990261,The Widow ,Fiona Barton,Berkley,English,"['Mystery', 'Fiction', 'Thriller', 'Mystery Thriller', 'Crime', 'Audiobook', 'Suspense']"
9781250130921,The Wife Between Us,Greer Hendricks,St. Martin's Press,English,"['Thriller', 'Fiction', 'Mystery', 'Mystery Thriller', 'Audiobook', 'Suspense', 'Adult']"
9781250245496,The Wife Upstairs,Rachel Hawkins,St. Martin's Press,English,"['Thriller', 'Mystery', 'Fiction', 'Audiobook', 'Mystery Thriller', 'Suspense', 'Adult']"
9780593598108,The Wind Knows My Name,Isabel Allende,Ballantine Books,English,"['Historical Fiction', 'Fiction', 'Historical', 'Contemporary', 'Literary Fiction', 'Audiobook', 'Adult']"
9780965341981,The Wind-Up Bird Chronicle,Haruki Murakami,Knopf,English,"['Fiction', 'Magical Realism', 'Japanese Literature', 'Fantasy', 'Contemporary', 'Novels', 'Literature']"
9780374384715,The Winner's Crime ,Marie Rutkoski,Farrar Straus Giroux,English,"['Fantasy', 'Young Adult', 'Romance', 'Young Adult Fantasy', 'Dystopia', 'Fiction', 'High Fantasy']"
9780374384685,The Winner's Curse ,Marie Rutkoski,Farrar Straus Giroux,English,"['Fantasy', 'Young Adult', 'Romance', 'Dystopia', 'Young Adult Fantasy', 'Fiction', 'High Fantasy']"
9780374384739,The Winner's Kiss ,Marie Rutkoski,"Farrar, Straus and Giroux",English,"['Fantasy', 'Young Adult', 'Romance', 'Young Adult Fantasy', 'Dystopia', 'Fiction', 'High Fantasy']"
9781101886007,The Winter of the Witch ,Katherine Arden,Del Rey,English,"['Fantasy', 'Historical Fiction', 'Fiction', 'Young Adult', 'Historical', 'Mythology', 'Romance']"
9780756404734,The Wise Man's Fear ,Patrick Rothfuss,DAW Books,English,"['Fantasy', 'Fiction', 'Epic Fantasy', 'High Fantasy', 'Magic', 'Science Fiction Fantasy', 'Adventure']"
9781857231328,The Wishsong of Shannara ,Terry Brooks,Orbit,English,"['Fantasy', 'Fiction', 'Epic Fantasy', 'Science Fiction Fantasy', 'High Fantasy', 'Adventure', 'Young Adult']"
9781449489427,The Witch Doesn't Burn in This One ,Amanda Lovelace,Andrews McMeel Publishing,English,"['Poetry', 'Feminism', 'Nonfiction', 'Adult', 'Contemporary', 'Mental Health', 'Witches']"
9780345531568,The Witch Is Back ,H.P. Mallory,Bantam,English,"['Paranormal', 'Paranormal Romance', 'Romance', 'Witches', 'Fantasy', 'Urban Fantasy', 'Magic']"
9780590032490,The Witches,Roald Dahl,Scholastic Inc.,English,"['Fantasy', 'Childrens', 'Fiction', 'Classics', 'Middle Grade', 'Young Adult', 'Witches']"
9780449912102,The Witches of Eastwick,John Updike,Random House Trade Paperbacks,English,"['Fiction', 'Fantasy', 'Classics', 'Witches', 'Paranormal', 'Magic', 'Literature']"
9780394587868,The Witching Hour ,Anne Rice,Alfred A. Knopf,English,"['Horror', 'Fantasy', 'Fiction', 'Paranormal', 'Witches', 'Supernatural', 'Gothic']"
9780099471424,The Witching Hour: Lives of the Mayfair Witches,Anne Rice,Arrow,English,"['Horror', 'Fantasy', 'Fiction', 'Paranormal', 'Witches', 'Supernatural', 'Gothic']"
9780593099940,The Witch's Heart,Genevieve Gornichec,Ace,English,"['Fantasy', 'Mythology', 'Fiction', 'Retellings', 'Romance', 'Witches', 'Adult']"
9780307745316,The Woman in Black,Susan         Hill,Vintage,English,"['Horror', 'Fiction', 'Gothic', 'Classics', 'Mystery', 'Historical Fiction', 'Ghosts']"
9781668009048,The Woman in Me,Britney Spears,Gallery Books,English,"['Nonfiction', 'Audiobook', 'Memoir', 'Biography', 'Autobiography', 'Music', 'Biography Memoir']"
9780679801122,The Woman Who Rides Like a Man ,Tamora Pierce,Random House,English,"['Fantasy', 'Young Adult', 'Fiction', 'Magic', 'Adventure', 'Young Adult Fantasy', 'Romance']"
9780062563668,The Women in the Castle,Jessica Shattuck,William Morrow,English,"['Historical Fiction', 'Fiction', 'World War II', 'Historical', 'Germany', 'War', 'Audiobook']"
9780413147103,The Women's Decameron,Julia Voznesenskaya,Methuen Publishing Ltd,English,"['Fiction', 'Russia', 'Short Stories', 'Russian Literature', 'Literature', 'Womens', 'Roman']"
9780525950127,The Woods,Harlan Coben,Dutton Adult,English,"['Mystery', 'Thriller', 'Fiction', 'Crime', 'Mystery Thriller', 'Suspense', 'Audiobook']"
9780374292799,The World Is Flat: A Brief History of the Twenty-first Century,Thomas L. Friedman,"Farrar, Straus and Giroux (NY)",English,"['Nonfiction', 'History', 'Business', 'Economics', 'Politics', 'Technology', 'Sociology']"
9780618773473,The Worst Hard Time: The Untold Story of Those Who Survived the Great American Dust Bowl,Timothy Egan,Mariner Books,English,"['History', 'Nonfiction', 'American History', 'Historical', 'Audiobook', 'Environment', 'Nature']"
9780399171611,The Wrath and the Dawn ,Renee Ahdieh,G.P. Putnam's Sons Books for Young Readers,English,"['Fantasy', 'Young Adult', 'Romance', 'Retellings', 'Fiction', 'Young Adult Fantasy', 'Historical Fiction']"
9781982199456,The Writing Retreat,Julia Bartz,Atria/Emily Bestler Books,English,"['Thriller', 'Mystery', 'Mystery Thriller', 'Fiction', 'Horror', 'Audiobook', 'Adult']"
9780316511575,"The Year 1000: What Life Was Like at the Turn of the First Millennium, An Englishman's World",Robert Lacey,Back Bay Books,English,"['History', 'Nonfiction', 'Medieval', 'Historical', 'Medieval History', 'British Literature', 'European History']"
9780743291477,The Year of Living Biblically: One Man's Humble Quest to Follow the Bible as Literally as Possible,A.J. Jacobs,Simon & Schuster,English,"['Nonfiction', 'Religion', 'Humor', 'Memoir', 'Biography', 'Spirituality', 'Biography Memoir']"
9781400078431,The Year of Magical Thinking,Joan Didion,Vintage,English,"['Nonfiction', 'Memoir', 'Biography', 'Biography Memoir', 'Audiobook', 'Death', 'Autobiography']"
9781860465024,The Year of the Death of Ricardo Reis,José Saramago,Harvill Press,English,"['Fiction', 'Portugal', 'Portuguese Literature', 'Classics', 'Historical Fiction', 'Literature', 'Nobel Prize']"
9780385528771,The Year of the Flood ,Margaret Atwood,Doubleday Nan A. Talese,English,"['Fiction', 'Science Fiction', 'Dystopia', 'Post Apocalyptic', 'Fantasy', 'Canada', 'Speculative Fiction']"
9780312111045,The Year's Best Science Fiction: Eleventh Annual Collection,Gardner Dozois,St Martins Press,English,"['Science Fiction', 'Short Stories', 'Anthologies', 'Fiction', 'Collections']"
9780312007102,The Year's Best Science Fiction: Fourth Annual Collection,Gardner Dozois,St Martins Pr,English,"['Science Fiction', 'Short Stories', 'Anthologies', 'Fiction', 'Collections', 'Fantasy']"
9780553580075,The Years of Rice and Salt,Kim Stanley Robinson,Bantam Books,English,"['Fiction', 'Science Fiction', 'Alternate History', 'Historical Fiction', 'Fantasy', 'Historical', 'Speculative Fiction']"
9780553213751,The Yellow Wallpaper and Other Writings,Charlotte Perkins Gilman,Bantam Classics,English,"['Classics', 'Short Stories', 'Fiction', 'Feminism', 'Literature', 'Horror', 'Psychology']"
9780007149827,The Yiddish Policemen's Union,Michael Chabon,HarperCollins,English,"['Fiction', 'Mystery', 'Science Fiction', 'Alternate History', 'Crime', 'Jewish', 'Fantasy']"
9780399167836,The Young Elites ,Marie Lu,G.P. Putnam’s Sons Books for Young Readers,English,"['Fantasy', 'Young Adult', 'Dystopia', 'Romance', 'Fiction', 'Young Adult Fantasy', 'Magic']"
9780870540974,The Zanzibar Cat,Joanna Russ,Sauk City: Arkham House,English,"['Science Fiction', 'Short Stories', 'Fantasy', 'Fiction', 'Collections', 'Speculative Fiction', 'Weird Fiction']"
9780393354256,The Zookeeper's Wife,Diane Ackerman,W. W. Norton & Company,English,"['Nonfiction', 'History', 'World War II', 'Holocaust', 'Historical', 'Biography', 'War']"
9780393354256,The Zookeeper's Wife,Diane Ackerman,W. W. Norton & Company,English,"['Nonfiction', 'History', 'World War II', 'Holocaust', 'Historical', 'Biography', 'War']"
9781501154645,Then She Was Gone,Lisa Jewell,Atria Books,English,"['Thriller', 'Mystery', 'Fiction', 'Mystery Thriller', 'Audiobook', 'Suspense', 'Crime']"
9780316016384,Then We Came to the End,Joshua Ferris,"Little, Brown and Company",English,"['Fiction', 'Humor', 'Contemporary', 'Novels', 'Literary Fiction', 'Adult', 'Book Club']"
9780879978570,Thendara House ,Marion Zimmer Bradley,DAW Books,English,"['Fantasy', 'Science Fiction', 'Fiction', 'Science Fiction Fantasy', 'Romance', 'Feminism', 'Speculative Fiction']"
9780812966008,Theodore Rex,Edmund Morris,Random House Trade Paperbacks,English,"['Biography', 'History', 'Nonfiction', 'Presidents', 'American History', 'Politics', 'Biography Memoir']"
9780525520375,There There,Tommy Orange,Knopf,English,"['Fiction', 'Contemporary', 'Literary Fiction', 'Audiobook', 'Adult', 'Novels', 'Adult Fiction']"
9780590590891,There's a Boy in the Girls' Bathroom,Louis Sachar,Scholastic,English,"['Fiction', 'Childrens', 'Middle Grade', 'Young Adult', 'Realistic Fiction', 'Humor', 'School']"
9780836213126,There's Treasure Everywhere ,Bill Watterson,Andrews McMeel Publishing,English,"['Comics', 'Humor', 'Graphic Novels', 'Fiction', 'Comic Strips', 'Comic Book', 'Comedy']"
9780062457790,They Both Die at the End,Adam Silvera,Quill Tree Books,English,"['Young Adult', 'Romance', 'LGBT', 'Fiction', 'Contemporary', 'Queer', 'Audiobook']"
9780062457790,They Both Die at the End,Adam Silvera,Quill Tree Books,English,"['Young Adult', 'Romance', 'LGBT', 'Fiction', 'Contemporary', 'Queer', 'Audiobook']"
9780913165607,They Thirst,Robert McCammon,Dark Harvest Books,English,"['Horror', 'Vampires', 'Fiction', 'Fantasy', 'Paranormal', 'Thriller', 'Supernatural']"
9780061031328,Thief of Time ,Terry Pratchett,HarperTorch,English,"['Fantasy', 'Fiction', 'Humor', 'Comedy', 'Science Fiction Fantasy', 'Audiobook', 'Time Travel']"
9798886439298,Things We Left Behind ,Lucy Score,That's What She Said Publishing,English,"['Romance', 'Contemporary Romance', 'Contemporary', 'Fiction', 'Adult', 'Chick Lit', 'Audiobook']"
9781945631849,Things We Never Got Over ,Lucy Score,That's What She Said Publishing,English,"['Contemporary', 'Contemporary Romance', 'Romance', 'Fiction', 'Adult', 'Chick Lit', 'Audiobook']"
9781250047328,Things You Save in a Fire,Katherine Center,St. Martin's Press,English,"['Romance', 'Fiction', 'Contemporary', 'Audiobook', 'Chick Lit', 'Adult', 'Contemporary Romance']"
9781984878106,Think Again: The Power of Knowing What You Don't Know,Adam M. Grant,Viking Books,English,"['Nonfiction', 'Psychology', 'Self Help', 'Business', 'Personal Development', 'Audiobook', 'Leadership']"
9780451190758,Thinner,Richard Bachman,Signet,English,"['Horror', 'Fiction', 'Thriller', 'Fantasy', 'Supernatural', 'Paranormal', 'Suspense']"
9781511647397,Third Debt ,Pepper Winters,CreateSpace,English,"['Dark', 'Romance', 'Erotica', 'Abuse', 'BDSM', 'Adult', 'Contemporary']"
9780749956141,Third Grave Dead Ahead ,Darynda Jones,Piatkus,English,"['Urban Fantasy', 'Paranormal', 'Fantasy', 'Romance', 'Mystery', 'Paranormal Romance', 'Ghosts']"
9781841498034,Thirteen ,Kelley Armstrong,Orbit,English,"['Urban Fantasy', 'Fantasy', 'Paranormal', 'Vampires', 'Magic', 'Witches', 'Romance']"
9781595147882,Thirteen Reasons Why,Jay Asher,Razorbill,English,"['Young Adult', 'Fiction', 'Contemporary', 'Realistic Fiction', 'Mystery', 'Mental Health', 'Teen']"
9781595147882,Thirteen Reasons Why,Jay Asher,Razorbill,English,"['Young Adult', 'Fiction', 'Contemporary', 'Realistic Fiction', 'Mystery', 'Mental Health', 'Teen']"
9780525951278,This is Where I Leave You,Jonathan Tropper,Orion,English,"['Fiction', 'Humor', 'Contemporary', 'Adult Fiction', 'Family', 'Adult', 'Book Club']"
9781492622468,This Is Where It Ends,Marieke Nijkamp,Sourcebooks Fire,English,"['Young Adult', 'Contemporary', 'Fiction', 'Thriller', 'Realistic Fiction', 'LGBT', 'Mental Health']"
9780142501559,This Lullaby,Sarah Dessen,Speak,English,"['Young Adult', 'Romance', 'Contemporary', 'Fiction', 'Chick Lit', 'Realistic Fiction', 'Teen']"
9780142406809,This Place Has No Atmosphere,Paula Danziger,Puffin Books,English,"['Young Adult', 'Science Fiction', 'Fiction', 'Childrens', 'Middle Grade', 'Space', 'Fantasy']"
9781581345285,This Present Darkness ,Frank E. Peretti,Crossway Books,English,"['Christian Fiction', 'Fiction', 'Christian', 'Fantasy', 'Thriller', 'Religion', 'Spirituality']"
9780062380876,This Savage Song ,Victoria Schwab,Greenwillow Books,English,"['Fantasy', 'Young Adult', 'Dystopia', 'Paranormal', 'Urban Fantasy', 'Fiction', 'Young Adult Fantasy']"
9780061783180,This Side of the Grave ,Jeaniene Frost,Avon,English,"['Vampires', 'Urban Fantasy', 'Paranormal', 'Paranormal Romance', 'Romance', 'Fantasy', 'Adult']"
9781476749297,This Tender Land,William Kent Krueger,Atria Books,English,"['Historical Fiction', 'Fiction', 'Audiobook', 'Historical', 'Coming Of Age', 'Adventure', 'Literary Fiction']"
9780525539001,This Time Tomorrow,Emma Straub,Riverhead Books,English,"['Fiction', 'Time Travel', 'Audiobook', 'Science Fiction', 'Contemporary', 'Fantasy', 'Magical Realism']"
9780553586978,Thomas the Rhymer,Ellen Kushner,Spectra,English,"['Fantasy', 'Romance', 'Fiction', 'Historical Fiction', 'Retellings', 'Fairy Tales', 'Mythology']"
9780553819878,Thorn Queen ,Richelle Mead,Bantam,English,"['Urban Fantasy', 'Fantasy', 'Paranormal', 'Fae', 'Romance', 'Paranormal Romance', 'Adult']"
9781250244093,Thornhedge,T. Kingfisher,Tor Books,English,"['Fantasy', 'Novella', 'Horror', 'Retellings', 'Fiction', 'Fairy Tales', 'Adult']"
9780345361325,Those Who Hunt the Night ,Barbara Hambly,Del Rey,English,"['Fantasy', 'Horror', 'Vampires', 'Mystery', 'Urban Fantasy', 'Fiction', 'Historical Fiction']"
9780373261772,"Three Bedrooms, One Corpse  ",Charlaine Harris,Worldwide Library,English,"['Mystery', 'Fiction', 'Cozy Mystery', 'Crime', 'Romance', 'Mystery Thriller', 'Audiobook']"
9780143038252,Three Cups of Tea: One Man's Mission to Promote Peace ... One School at a Time,Greg Mortenson,Penguin,English,"['Nonfiction', 'Memoir', 'Biography', 'Travel', 'Education', 'Book Club', 'Biography Memoir']"
9780679889113,Three Tales of My Father's Dragon ,Ruth Stiles Gannett,Random House,English,"['Fantasy', 'Childrens', 'Fiction', 'Dragons', 'Classics', 'Chapter Books', 'Middle Grade']"
9780345481290,Throne of Jade ,Naomi Novik,Del Rey,English,"['Fantasy', 'Dragons', 'Historical Fiction', 'Fiction', 'Historical', 'Alternate History', 'Historical Fantasy']"
9780062072061,Through the Ever Night ,Veronica Rossi,HarperCollins,English,"['Young Adult', 'Dystopia', 'Romance', 'Fantasy', 'Science Fiction', 'Post Apocalyptic', 'Fiction']"
9780446608374,Thunderhead ,Douglas Preston,Grand Central Publishing,English,"['Thriller', 'Fiction', 'Mystery', 'Adventure', 'Horror', 'Mystery Thriller', 'Suspense']"
9781442472457,Thunderhead ,Neal Shusterman,Simon & Schuster Books for Young Readers,English,"['Young Adult', 'Fantasy', 'Dystopia', 'Science Fiction', 'Fiction', 'Audiobook', 'Romance']"
9780425140987,Thyme of Death ,Susan Wittig Albert,Berkley Prime Crime,English,"['Mystery', 'Cozy Mystery', 'Fiction', 'Mystery Thriller', 'Crime', 'Murder Mystery', 'Adult']"
9780316332873,Tiamat's Wrath ,James S.A. Corey,Orbit Books,English,"['Science Fiction', 'Fiction', 'Space Opera', 'Audiobook', 'Space', 'Science Fiction Fantasy', 'Fantasy']"
9781496026064,Tied with Me ,Kristen Proby,Ampersand Publishing,English,"['Romance', 'BDSM', 'Contemporary Romance', 'Contemporary', 'Erotica', 'New Adult', 'Adult']"
9780451457769,Tigana,Guy Gavriel Kay,Berkley,English,"['Fantasy', 'Fiction', 'High Fantasy', 'Epic Fantasy', 'Science Fiction Fantasy', 'Historical Fiction', 'Historical Fantasy']"
9781450595988,Tiger's Voyage ,Colleen Houck,Hodder & Stoughton,English,"['Fantasy', 'Young Adult', 'Romance', 'Mythology', 'Paranormal', 'Adventure', 'Magic']"
9780373484416,Time and Again: Time Was / Times Change,Nora Roberts,Silhouette,English,"['Romance', 'Time Travel', 'Fiction', 'Contemporary Romance', 'Fantasy', 'Science Fiction', 'Paranormal Romance']"
9780345460691,Time Bomb ,Jonathan Kellerman,Ballantine Books,English,"['Mystery', 'Fiction', 'Crime', 'Thriller', 'Mystery Thriller', 'Suspense', 'Audiobook']"
9780345460691,Time Bomb ,Jonathan Kellerman,Ballantine Books,English,"['Mystery', 'Fiction', 'Crime', 'Thriller', 'Mystery Thriller', 'Suspense', 'Audiobook']"
9780786931583,Time of the Twins ,Margaret Weis,Wizards of the Coast,English,"['Fantasy', 'Dragonlance', 'Fiction', 'High Fantasy', 'Science Fiction Fantasy', 'Epic Fantasy', 'Dragons']"
9780345442123,Time to Be in Earnest: A Fragment of Autobiography,P.D. James,Ballantine Books,English,"['Nonfiction', 'Memoir', 'Biography', 'Autobiography', 'Biography Memoir', 'Mystery', 'Writing']"
9780385738385,Timeless ,Alexandra Monir,Delacorte Press,English,"['Time Travel', 'Young Adult', 'Fantasy', 'Romance', 'Historical Fiction', 'Paranormal', 'Science Fiction']"
9780099244721,Timeline,Michael Crichton,Arrow Books,English,"['Science Fiction', 'Fiction', 'Thriller', 'Time Travel', 'Historical Fiction', 'Fantasy', 'Adventure']"
9780679735724,Time's Arrow,Martin Amis,Vintage,English,"['Fiction', 'Historical Fiction', 'Novels', 'Literature', 'Literary Fiction', 'Fantasy', 'Holocaust']"
9781573227889,Tipping the Velvet,Sarah Waters,Riverhead Books,English,"['Historical Fiction', 'Fiction', 'LGBT', 'Queer', 'Romance', 'Historical', 'Lesbian']"
9780006551812,'Tis,Frank McCourt,Flamingo,English,"['Nonfiction', 'Memoir', 'Biography', 'Autobiography', 'Ireland', 'Biography Memoir', 'Irish Literature']"
9780689867040,Tithe ,Holly Black,Simon Pulse,English,"['Fantasy', 'Young Adult', 'Urban Fantasy', 'Fae', 'Romance', 'Fiction', 'Paranormal']"
9780756402983,To Green Angel Tower ,Tad Williams,DAW,English,"['Fantasy', 'Fiction', 'Epic Fantasy', 'High Fantasy', 'Science Fiction Fantasy', 'Adventure', 'Epic']"
9780553575385,To Say Nothing of the Dog ,Connie Willis,Bantam Books,English,"['Science Fiction', 'Time Travel', 'Fiction', 'Historical Fiction', 'Fantasy', 'Humor', 'Historical']"
9780553575385,To Say Nothing of the Dog ,Connie Willis,Bantam Books,English,"['Science Fiction', 'Time Travel', 'Fiction', 'Historical Fiction', 'Fantasy', 'Humor', 'Historical']"
9781841152899,Toast : The Story of a Boy's Hunger,Nigel Slater,Fourth Estate,English,"['Nonfiction', 'Food', 'Memoir', 'Biography', 'Autobiography', 'Food Writing', 'Biography Memoir']"
9780063327528,Tom Lake,Ann Patchett,Harper,English,"['Fiction', 'Audiobook', 'Literary Fiction', 'Romance', 'Historical Fiction', 'Contemporary', 'Family']"
9780394749303,Too Many Songs by Tom Lehrer with Not Enough Drawings by Ronald Searle,Tom Lehrer,Pantheon,English,"['Music', 'Humor', 'Poetry', 'Nonfiction', 'Reference']"
9781982141462,Too Much and Never Enough: How My Family Created the World's Most Dangerous Man,Mary L. Trump,Simon & Schuster,English,"['Nonfiction', 'Biography', 'Politics', 'Memoir', 'Audiobook', 'History', 'Psychology']"
9780752809403,Tooth and Nail ,Ian Rankin,Orion,English,"['Crime', 'Mystery', 'Fiction', 'Scotland', 'Thriller', 'Detective', 'Mystery Thriller']"
9780385739146,Torment ,Lauren Kate,Delacorte Press,English,"['Young Adult', 'Fantasy', 'Angels', 'Romance', 'Paranormal', 'Paranormal Romance', 'Supernatural']"
9780099742005,Total Recall,Piers Anthony,Arrow Books,English,"['Science Fiction', 'Fiction', 'Fantasy', 'Science Fiction Fantasy', 'Classics', 'Dystopia', 'Thriller']"
9780060519568,Touching Darkness ,Scott Westerfeld,Harper Teen,English,"['Young Adult', 'Fantasy', 'Paranormal', 'Fiction', 'Science Fiction', 'Urban Fantasy', 'Supernatural']"
9780060730550,Touching the Void: The True Story of One Man's Miraculous Survival,Joe Simpson,Harper Perennial,English,"['Nonfiction', 'Adventure', 'Mountaineering', 'Biography', 'Memoir', 'Travel', 'Survival']"
9780553107234,Tough Cookie ,Diane Mott Davidson,Bantam,English,"['Mystery', 'Fiction', 'Cozy Mystery', 'Mystery Thriller', 'Food', 'Culinary', 'Humor']"
9780446695718,Tourist Season,Carl Hiaasen,Grand Central Publishing,English,"['Fiction', 'Mystery', 'Humor', 'Crime', 'Thriller', 'Comedy', 'Mystery Thriller']"
9781681195773,Tower of Dawn ,Sarah J. Maas,Bloomsbury Publishing,English,"['Fantasy', 'Young Adult', 'Romance', 'New Adult', 'Fiction', 'Magic', 'Fae']"
9780991127351,Toxic ,Rachel Van Dyken,Smashwords,English,"['Romance', 'New Adult', 'College', 'Contemporary Romance', 'Contemporary', 'Young Adult', 'Music']"
9780380721641,Track of the Cat ,Nevada Barr,Avon,English,"['Mystery', 'Fiction', 'Mystery Thriller', 'Crime', 'Thriller', 'Audiobook', 'Animals']"
9780060972455,Tracks ,Louise Erdrich,Harper Perennial,English,"['Fiction', 'Historical Fiction', 'Magical Realism', 'School', 'Literary Fiction', 'Novels', 'Literature']"
9782020336468,Trainspotting,Irvine Welsh,Seuil,French,"['Fiction', 'Contemporary', 'Classics', 'Scotland', 'Novels', 'Crime', 'Literature']"
9780451477859,Traitor to the Throne ,Alwyn Hamilton,Viking,English,"['Fantasy', 'Young Adult', 'Romance', 'Magic', 'Young Adult Fantasy', 'Fiction', 'Adventure']"
9780553577259,Traitor's Moon ,Lynn Flewelling,Spectra,English,"['Fantasy', 'LGBT', 'M M Romance', 'Fiction', 'Queer', 'High Fantasy', 'Romance']"
9780385496094,Traveling Mercies: Some Thoughts on Faith,Anne Lamott,Anchor,English,"['Nonfiction', 'Memoir', 'Spirituality', 'Religion', 'Faith', 'Christian', 'Essays']"
9780156913218,Travels In Hyperreality ,Umberto Eco,HarperVia,English,"['Nonfiction', 'Philosophy', 'Essays', 'Cultural', 'Italian Literature', 'Theory', 'Sociology']"
9780671704650,Treasure ,Clive Cussler,Pocket Books,English,"['Fiction', 'Adventure', 'Thriller', 'Action', 'Mystery', 'Suspense', 'Mystery Thriller']"
9780842329217,Tribulation Force ,Tim LaHaye,Tyndale House Publishers,English,"['Fiction', 'Christian Fiction', 'Christian', 'Religion', 'Fantasy', 'Thriller', 'Christianity']"
9780439968089,Trickster's Choice ,Tamora Pierce,Scholastic Press,English,"['Fantasy', 'Young Adult', 'Fiction', 'Young Adult Fantasy', 'Magic', 'Adventure', 'Romance']"
9780375828782,Trickster's Queen ,Tamora Pierce,Random House,English,"['Fantasy', 'Young Adult', 'Fiction', 'Young Adult Fantasy', 'Magic', 'Romance', 'Adventure']"
9780751579932,Troubled Blood ,Robert Galbraith,Generic,English,"['Mystery', 'Fiction', 'Crime', 'Thriller', 'Audiobook', 'Mystery Thriller', 'Detective']"
9780684865720,True at First Light,Ernest Hemingway,Scribner,English,"['Fiction', 'Classics', 'Africa', 'Literature', 'Travel', 'American', 'Novels']"
9780375724671,True History of the Kelly Gang,Peter Carey,Vintage,English,"['Fiction', 'Historical Fiction', 'Australia', 'Historical', 'Crime', 'Literary Fiction', 'Literature']"
9781250069795,Truly Madly Guilty,Liane Moriarty,Flatiron Books,English,"['Fiction', 'Contemporary', 'Audiobook', 'Chick Lit', 'Mystery', 'Adult Fiction', 'Adult']"
9780671869205,Truman,David McCullough,Simon Schuster,English,"['History', 'Nonfiction', 'Presidents', 'Biography', 'American History', 'Politics', 'Biography Memoir']"
9780312941918,Trunk Music ,Michael Connelly,St. Martin's Paperbacks,English,"['Mystery', 'Fiction', 'Crime', 'Thriller', 'Detective', 'Mystery Thriller', 'Audiobook']"
9780593420317,Trust,Hernan Diaz,Riverhead Books,English,"['Fiction', 'Historical Fiction', 'Literary Fiction', 'Historical', 'Mystery', 'Audiobook', 'Novels']"
9783922252115,Truth for Germany: The Guilt Question of the Second World War,Udo Walendy,Udo Walendy,English,"['Nonfiction', 'History', 'Banned Books', 'Holocaust']"
9780395870822,Tuesday,David Wiesner,Clarion Books,English,"['Picture Books', 'Childrens', 'Fantasy', 'Fiction', 'Animals', 'Humor', 'Adventure']"
9780451096623,Tuesday,David Wiesner,Signet Books,English,"['Fiction', 'Horror', 'Fantasy', 'Mystery', 'Romance', 'Supernatural', 'Ghosts']"
9781592220052,Tuf Voyaging,George R.R. Martin,"Meisha Merlin Publishing, Inc.",English,"['Science Fiction', 'Fiction', 'Fantasy', 'Short Stories', 'Space Opera', 'Science Fiction Fantasy', 'Adventure']"
9780451462565,Turn Coat ,Jim Butcher,Roc,English,"['Fantasy', 'Urban Fantasy', 'Fiction', 'Mystery', 'Paranormal', 'Magic', 'Audiobook']"
9780525555360,Turtles All the Way Down,John Green,Dutton Books for Young Readers,English,"['Young Adult', 'Fiction', 'Contemporary', 'Mental Health', 'Romance', 'Audiobook', 'Realistic Fiction']"
9781250237323,Tweet Cute,Emma Lord,Wednesday Books,English,"['Romance', 'Young Adult', 'Contemporary', 'Fiction', 'Audiobook', 'Contemporary Romance', 'Young Adult Romance']"
9780385342025,Twenties Girl,Sophie Kinsella,The Dial Press,English,"['Chick Lit', 'Romance', 'Fiction', 'Contemporary', 'Humor', 'Adult', 'Paranormal']"
9780385342025,Twenties Girl,Sophie Kinsella,The Dial Press,English,"['Chick Lit', 'Romance', 'Fiction', 'Contemporary', 'Humor', 'Adult', 'Paranormal']"
9780425198773,Twice Shy,Dick Francis,G.P. Putnam's Sons,English,"['Mystery', 'Fiction', 'Thriller', 'Crime', 'Suspense', 'Mystery Thriller', 'Horse Racing']"
9780425198773,Twice Shy,Dick Francis,G.P. Putnam's Sons,English,"['Mystery', 'Fiction', 'Thriller', 'Crime', 'Suspense', 'Mystery Thriller', 'Horse Racing']"
9780593085530,Twice Shy,Sarah Hogle,G.P. Putnam's Sons,English,"['Romance', 'Contemporary', 'Contemporary Romance', 'Adult', 'Fiction', 'Chick Lit', 'Audiobook']"
9780062076106,Twice Tempted ,Jeaniene Frost,Avon,English,"['Vampires', 'Paranormal', 'Romance', 'Paranormal Romance', 'Urban Fantasy', 'Fantasy', 'Adult']"
9780316015844,Twilight ,Stephenie Meyer,"Little, Brown and Company",English,"['Young Adult', 'Romance', 'Fiction', 'Vampires', 'Paranormal', 'Paranormal Romance', 'Supernatural']"
9780670061013,Twisted,Laurie Halse Anderson,Viking Books for Young Readers,English,"['Young Adult', 'Fiction', 'Realistic Fiction', 'Contemporary', 'Teen', 'Coming Of Age', 'High School']"
9780988301320,Twisted Perfection ,Abbi Glines,Abbi Glines,English,"['Romance', 'New Adult', 'Contemporary', 'Contemporary Romance', 'Young Adult', 'Erotica', 'Abuse']"
9780988301320,Twisted Perfection ,Abbi Glines,Abbi Glines,English,"['Romance', 'New Adult', 'Contemporary', 'Contemporary Romance', 'Young Adult', 'Erotica', 'Abuse']"
9781524714727,Two Can Keep a Secret,Karen M. McManus,Delacorte Press,English,"['Mystery', 'Young Adult', 'Thriller', 'Mystery Thriller', 'Contemporary', 'Fiction', 'Audiobook']"
9780140255553,Two for the Dough ,Janet Evanovich,Penguin Books,English,"['Mystery', 'Fiction', 'Humor', 'Chick Lit', 'Romance', 'Crime', 'Mystery Thriller']"
9780060723521,"Two Old Women: An Alaskan Legend of Betrayal, Courage and Survival",Velma Wallis,Perennial,English,"['Fiction', 'Historical Fiction', 'Adventure', 'Survival', 'Historical', 'Mythology', 'Folklore']"
9781582341330,Typhoid Mary: An Urban Historical,Anthony Bourdain,Bloomsbury USA,English,"['Nonfiction', 'History', 'Biography', 'Food', 'Science', 'Historical', 'Medical']"
9780676979343,Unaccustomed Earth,Jhumpa Lahiri,Knopf,English,"['Fiction', 'Short Stories', 'India', 'Contemporary', 'Literary Fiction', 'Literature', 'Indian Literature']"
9781301345670,Unbeautifully ,Madeline Sheehan,Madeline Sheehan,English,"['Romance', 'Dark', 'Contemporary Romance', 'Erotica', 'Contemporary', 'Adult', 'New Adult']"
9781400064168,"Unbroken: A World War II Story of Survival, Resilience and Redemption",Laura Hillenbrand,Random House,English,"['Nonfiction', 'History', 'Biography', 'World War II', 'War', 'Historical', 'Audiobook']"
9781423147954,Uncommon Criminals ,Ally Carter,Hyperion Book CH,English,"['Young Adult', 'Mystery', 'Contemporary', 'Romance', 'Fiction', 'Adventure', 'Teen']"
9780465054671,Uncommon Grounds: The History of Coffee and How It Transformed Our World,Mark Pendergrast,Basic Books,English,"['History', 'Nonfiction', 'Food', 'Microhistory', 'Food and Drink', 'Economics', 'Historical']"
9780822211921,Uncommon Women and Others,Wendy Wasserstein,"Dramatists Play Service, Inc.",English,"['Plays', 'Theatre', 'Drama', 'Fiction', 'Feminism', 'Read For School', 'Contemporary']"
9780743477888,Undaunted Courage: The Pioneering First Mission to Explore America's Wild Frontier,Stephen E. Ambrose,Simon & Schuster,English,"['History', 'Nonfiction', 'Biography', 'American History', 'Adventure', 'Historical', 'Travel']"
9780330419123,Under the Banner of Heaven: A Story of Violent Faith,Jon Krakauer,Pan MacMillan,English,"['Nonfiction', 'True Crime', 'History', 'Religion', 'Crime', 'Audiobook', 'Cults']"
9781439148501,Under the Dome,Stephen King,Scribner,English,"['Horror', 'Fiction', 'Science Fiction', 'Thriller', 'Fantasy', 'Mystery', 'Audiobook']"
9781439148501,Under the Dome,Stephen King,Scribner,English,"['Horror', 'Fiction', 'Science Fiction', 'Thriller', 'Fantasy', 'Mystery', 'Audiobook']"
9780156927949,Under The Jaguar Sun,Italo Calvino,Mariner Books,English,"['Fiction', 'Short Stories', 'Italian Literature', 'Italy', 'Literature', 'Classics', 'Literary Fiction']"
9781907411052,Under the Never Sky ,Veronica Rossi,Atom,English,"['Young Adult', 'Dystopia', 'Romance', 'Fantasy', 'Science Fiction', 'Fiction', 'Post Apocalyptic']"
9781250217349,Under the Whispering Door,T.J. Klune,Tor Books,English,"['Fantasy', 'Fiction', 'LGBT', 'Romance', 'Audiobook', 'Queer', 'Adult']"
9781984806116,Undercover Bromance ,Lyssa Kay Adams,Berkley,English,"['Romance', 'Contemporary', 'Contemporary Romance', 'Fiction', 'Adult', 'Audiobook', 'Chick Lit']"
9780330369954,Underworld,Don DeLillo,Picador,English,"['Fiction', 'Novels', 'Literature', 'American', 'Literary Fiction', 'Classics', 'Historical Fiction']"
9780061996160,Unearthly ,Cynthia Hand,HarperTeen,English,"['Young Adult', 'Fantasy', 'Angels', 'Paranormal', 'Romance', 'Paranormal Romance', 'Urban Fantasy']"
2940150270794,Unexpected Fate ,Harper Sloan,Harper Sloan,English,"['Romance', 'Military Fiction', 'New Adult', 'Contemporary Romance', 'Contemporary', 'Erotica', 'Erotic Romance']"
9780345515582,Unholy Magic ,Stacia Kane,Del Rey,English,"['Urban Fantasy', 'Paranormal', 'Fantasy', 'Ghosts', 'Magic', 'Witches', 'Romance']"
9780062387653,United as One ,Pittacus Lore,HarperCollins,English,"['Young Adult', 'Fantasy', 'Science Fiction', 'Fiction', 'Aliens', 'Adventure', 'Audiobook']"
9781934414101,Unlucky Lucky Days,Daniel Grandbois,BOA Editions Ltd,English,"['Fiction', 'Short Stories', 'Poetry']"
9780751530490,Unnatural Exposure ,Patricia Cornwell,Time Warner,English,"['Mystery', 'Fiction', 'Crime', 'Thriller', 'Mystery Thriller', 'Suspense', 'Murder Mystery']"
9780062085535,Unravel Me ,Tahereh Mafi,HarperCollins,English,"['Fantasy', 'Dystopia', 'Young Adult', 'Romance', 'Science Fiction', 'Fiction', 'Paranormal']"
9780062103734,Unraveling ,Elizabeth Norris,Balzer + Bray,English,"['Young Adult', 'Science Fiction', 'Paranormal', 'Romance', 'Fantasy', 'Mystery', 'Dystopia']"
9781984801258,Untamed,Glennon Doyle,The Dial Press,English,"['Nonfiction', 'Memoir', 'Self Help', 'Audiobook', 'Feminism', 'LGBT', 'Biography']"
9780312379834,Untamed ,P.C. Cast,St. Martin's Griffin,English,"['Young Adult', 'Vampires', 'Fantasy', 'Paranormal', 'Romance', 'Fiction', 'Supernatural']"
9781455588848,Untamed ,S.C. Stephens,Grand Central Publishing,English,"['Romance', 'New Adult', 'Contemporary Romance', 'Music', 'Contemporary', 'Adult', 'Musicians']"
9780062004048,Until I Die ,Amy Plum,HarperCollins Publishers,English,"['Young Adult', 'Fantasy', 'Paranormal', 'Romance', 'Paranormal Romance', 'Zombies', 'Supernatural']"
2940152157420,Until July ,Aurora Rose Reynolds,Aurora Rose Reynolds,English,"['Romance', 'Contemporary Romance', 'Contemporary', 'New Adult', 'Erotica', 'Adult', 'Military Fiction']"
9781310501593,Until Lilly ,Aurora Rose Reynolds,Smashwords,English,"['Romance', 'Contemporary Romance', 'Contemporary', 'New Adult', 'Erotica', 'Adult', 'Humor']"
9780380896387,Until Proven Guilty ,J.A. Jance,Avon,English,"['Mystery', 'Fiction', 'Mystery Thriller', 'Crime', 'Thriller', 'Suspense', 'Audiobook']"
9780552143547,Until You ,Judith McNaught,Corgi,English,"['Historical Romance', 'Romance', 'Historical', 'Historical Fiction', 'Regency', 'Fiction', 'Adult']"
9781416912040,Unwind ,Neal Shusterman,Simon & Schuster Books for Young Readers,English,"['Young Adult', 'Dystopia', 'Science Fiction', 'Fiction', 'Fantasy', 'Horror', 'Thriller']"
9780446611916,Up Country,Nelson DeMille,Vision,English,"['Fiction', 'Thriller', 'Mystery', 'Mystery Thriller', 'Suspense', 'Military Fiction', 'Historical Fiction']"
9780062076113,Up from the Grave ,Jeaniene Frost,Avon,English,"['Vampires', 'Urban Fantasy', 'Paranormal', 'Paranormal Romance', 'Romance', 'Fantasy', 'Adult']"
9780892965687,Up Jumps the Devil ,Margaret Maron,Mysterious Press,English,"['Mystery', 'Fiction', 'Mystery Thriller', 'Southern', 'Cozy Mystery', 'Crime', 'Thriller']"
9780593157534,Upgrade,Blake Crouch,Ballantine Books,English,"['Science Fiction', 'Fiction', 'Thriller', 'Audiobook', 'Mystery', 'Mystery Thriller', 'Dystopia']"
9781567312508,Uppity Women of Medieval Times,Vicki León,MJF Books,English,"['History', 'Nonfiction', 'Biography', 'Feminism', 'Womens', 'Medieval', 'Historical']"
9780804179034,Uprooted,Naomi Novik,Del Rey,English,"['Fantasy', 'Young Adult', 'Fiction', 'Romance', 'Magic', 'Fairy Tales', 'Retellings']"
9781857231359,Use of Weapons ,Iain M. Banks,Orbit,English,"['Science Fiction', 'Fiction', 'Space Opera', 'Cultural', 'Science Fiction Fantasy', 'Fantasy', 'Space']"
9780689868238,Valiant ,Holly Black,Simon Pulse,English,"['Fantasy', 'Young Adult', 'Urban Fantasy', 'Fae', 'Fairies', 'Romance', 'Fiction']"
9781595141743,Vampire Academy ,Richelle Mead,Razorbill,English,"['Young Adult', 'Fantasy', 'Vampires', 'Paranormal', 'Romance', 'Urban Fantasy', 'Fiction']"
9781595142719,Vampire Academy Collection ,Richelle Mead,Razorbill,English,"['Vampires', 'Young Adult', 'Fantasy', 'Paranormal', 'Romance', 'Supernatural', 'Paranormal Romance']"
9781939559425,Vampire Girl ,Karpov Kinrade,Daring Books,English,"['Fantasy', 'Vampires', 'Paranormal', 'Romance', 'Young Adult', 'Paranormal Romance', 'Demons']"
9780590434119,Vampires Don't Wear Polka Dots ,Debbie Dadey,Scholastic Paperbacks,English,"['Childrens', 'Fantasy', 'Fiction', 'Mystery', 'Middle Grade', 'Vampires', 'Chapter Books']"
9781622667987,Vanilla on Top ,C.J. Ellisson,Entangled Publishing (Brazen),English,"['Romance', 'Erotica', 'BDSM', 'Contemporary Romance', 'Contemporary', 'Adult', 'Erotic Romance']"
9780743454551,Vanishing Acts,Jodi Picoult,Washington Square Press,English,"['Fiction', 'Contemporary', 'Chick Lit', 'Mystery', 'Drama', 'Adult Fiction', 'Adult']"
9780749934132,Vengeance in Death ,J.D. Robb,Piatkus,English,"['Mystery', 'Romance', 'Crime', 'Romantic Suspense', 'Fiction', 'Futuristic', 'Suspense']"
9780593549223,Vera Wong's Unsolicited Advice for Murderers,Jesse Q. Sutanto,Berkley,English,"['Mystery', 'Fiction', 'Audiobook', 'Mystery Thriller', 'Cozy Mystery', 'Contemporary', 'Adult']"
9780061124266,Veronika Decides to Die,Paulo Coelho,Harper Perennial,English,"['Fiction', 'Contemporary', 'Philosophy', 'Novels', 'Psychology', 'Romance', 'Mental Health']"
9780007256754,Victory of Eagles ,Naomi Novik,,English,"['Fantasy', 'Dragons', 'Historical Fiction', 'Fiction', 'Alternate History', 'Historical', 'Historical Fantasy']"
9780156002165,View with a Grain of Sand: Selected Poems,Wisława Szymborska,Harcourt Brace,English,"['Poetry', 'Poland', 'Nobel Prize', 'Polish Literature', 'Classics', 'Literature', 'Womens']"
9780804141260,Vinegar Girl,Anne Tyler,Hogarth,English,"['Fiction', 'Romance', 'Contemporary', 'Retellings', 'Audiobook', 'Adult', 'Adult Fiction']"
9780593496206,Violeta,Isabel Allende,Ballantine Books,English,"['Historical Fiction', 'Fiction', 'Historical', 'Magical Realism', 'Literary Fiction', 'Audiobook', 'Adult']"
9788466302203,Violin,Anne Rice,Suma De Letras,Spanish; Castilian,"['Fiction', 'Horror', 'Fantasy', 'Paranormal', 'Vampires', 'Supernatural', 'Gothic']"
9780743272537,Virgin Earth  ,Philippa Gregory,Atria Books,English,"['Historical Fiction', 'Fiction', 'Historical', 'Romance', '17th Century', 'Gardening', 'British Literature']"
9780679447078,Virginia Woolf,Hermione Lee,Knopf,English,"['Biography', 'Nonfiction', 'Biography Memoir', 'History', 'Feminism', 'Literature', 'Womens']"
9780553383157,Viriconium ,M. John Harrison,Spectra,English,"['Fantasy', 'Fiction', 'Science Fiction', 'Short Stories', 'New Weird', 'Weird Fiction', 'Dying Earth']"
9780312425845,Voices from Chernobyl: The Oral History of a Nuclear Disaster,Svetlana Alexievich,Picador,English,"['Nonfiction', 'History', 'Science', 'Russia', 'Nobel Prize', 'Historical', 'Ukraine']"
9780752827544,Voodoo River ,Robert Crais,Orion Paperbacks,English,"['Mystery', 'Fiction', 'Crime', 'Thriller', 'Detective', 'Mystery Thriller', 'Suspense']"
9780590962735,"Voyage on the Great Titanic: The Diary of Margaret Ann Brady, R.M.S. Titanic, 1912",Ellen Emerson White,Scholastic,English,"['Historical Fiction', 'Young Adult', 'Historical', 'Fiction', 'Childrens', 'Middle Grade', 'Juvenile']"
9780385335997,Voyager ,Diana Gabaldon,Dell,English,"['Historical Fiction', 'Romance', 'Fantasy', 'Fiction', 'Time Travel', 'Historical', 'Historical Romance']"
9780380704422,Wait Till Helen Comes,Mary Downing Hahn,"Harper Collins, Inc.",English,"['Horror', 'Middle Grade', 'Young Adult', 'Fiction', 'Mystery', 'Childrens', 'Paranormal']"
9780375706417,Waiting,Ha Jin,Vintage,English,"['Fiction', 'China', 'Historical Fiction', 'Asia', 'Novels', 'Literature', 'Literary Fiction']"
9780375706417,Waiting,Ha Jin,Vintage,English,"['Fiction', 'China', 'Historical Fiction', 'Asia', 'Novels', 'Literature', 'Literary Fiction']"
9781416953579,Wake ,Lisa McMann,Simon & Schuster Books for Young Readers,English,"['Young Adult', 'Fantasy', 'Paranormal', 'Romance', 'Fiction', 'Supernatural', 'Mystery']"
9781101886724,Waking Gods ,Sylvain Neuvel,Del Rey,English,"['Science Fiction', 'Fiction', 'Audiobook', 'Fantasy', 'Adult', 'Aliens', 'Science Fiction Fantasy']"
9781101886724,Waking Gods ,Sylvain Neuvel,Del Rey,English,"['Science Fiction', 'Fiction', 'Audiobook', 'Fantasy', 'Adult', 'Aliens', 'Science Fiction Fantasy']"
9780977937905,Walden,Michael T. Dolan,Conversari House,English,"['Classics', 'Fiction', 'Philosophy', 'Contemporary']"
9780060739492,Walk Two Moons,Sharon Creech,HarperTrophy,English,"['Young Adult', 'Fiction', 'Middle Grade', 'Childrens', 'Realistic Fiction', 'School', 'Classics']"
9781476712987,Walking Disaster ,Jamie McGuire,Atria Books,English,"['Romance', 'New Adult', 'Contemporary', 'Contemporary Romance', 'Young Adult', 'College', 'Fiction']"
9780451418333,Walking On Air ,Catherine Anderson,Berkley,English,"['Romance', 'Historical Romance', 'Historical', 'Westerns', 'Historical Fiction', 'Western Romance', 'Fantasy']"
9780804176668,Wanted ,J. Kenner,Bantam,English,"['Romance', 'Erotica', 'Contemporary Romance', 'BDSM', 'Adult', 'Contemporary', 'Erotic Romance']"
9780765349156,War for the Oaks,Emma Bull,Tor Teen,English,"['Fantasy', 'Urban Fantasy', 'Fiction', 'Romance', 'Young Adult', 'Fae', 'Paranormal']"
9780786932177,War of the Twins ,Margaret Weis,Wizards of the Coast,English,"['Fantasy', 'Dragonlance', 'Fiction', 'Science Fiction Fantasy', 'High Fantasy', 'Epic Fantasy', 'Dragons']"
9780062422996,War Storm ,Victoria Aveyard,HarperTeen,English,"['Fantasy', 'Young Adult', 'Dystopia', 'Romance', 'Fiction', 'Young Adult Fantasy', 'Audiobook']"
9780399547966,Warcross ,Marie Lu,G.P. Putnam’s Sons Books for Young Readers,English,"['Young Adult', 'Science Fiction', 'Fantasy', 'Dystopia', 'Fiction', 'Romance', 'Audiobook']"
9780380753017,Warrior's Woman ,Johanna Lindsey,Avon,English,"['Romance', 'Historical Romance', 'Science Fiction', 'Fantasy', 'Historical', 'Futuristic', 'Science Fiction Romance']"
9785010004941,War's Unwomanly Face,Svetlana Alexievich,Progress Publishers,English,"['Nonfiction', 'History', 'War', 'Feminism', 'Russia', 'World War II', 'Historical']"
9780449001172,Wartime Lies,Louis Begley,Ballantine Books,English,"['Fiction', 'Historical Fiction', 'World War II', 'Holocaust', 'War', 'Novels', 'Poland']"
9780930289232,Watchmen,Alan Moore,DC Comics,English,"['Graphic Novels', 'Fiction', 'Science Fiction', 'Fantasy', 'Graphic Novels Comics', 'Classics', 'Comic Book']"
9780142402443,Water ,Robin McKinley,Firebird,,"['Fantasy', 'Short Stories', 'Young Adult', 'Fiction', 'Anthologies', 'Fairy Tales', 'Mermaids']"
9781565125605,Water for Elephants,Sara Gruen,Algonquin Books,English,"['Fiction', 'Historical Fiction', 'Romance', 'Historical', 'Adult', 'Adult Fiction', 'Contemporary']"
9781484715765,Wayfarer ,Alexandra Bracken,Disney-Hyperion,English,"['Fantasy', 'Young Adult', 'Time Travel', 'Historical Fiction', 'Romance', 'Science Fiction', 'Historical']"
9780380723812,Wayside School Gets a Little Stranger ,Louis Sachar,HarperCollins,English,"['Childrens', 'Fiction', 'Humor', 'Middle Grade', 'Young Adult', 'Fantasy', 'Short Stories']"
9780747569114,Wayside School Gets A Little Stranger ,Louis Sachar,Bloomsbury Pub Ltd,English,"['Childrens', 'Fiction', 'Humor', 'Middle Grade', 'Young Adult', 'Fantasy', 'Short Stories']"
9780380731503,Wayside School Is Falling Down ,Louis Sachar,Avon Camelot,English,"['Childrens', 'Fiction', 'Humor', 'Middle Grade', 'Young Adult', 'Fantasy', 'Juvenile']"
9780380731503,Wayside School Is Falling Down ,Louis Sachar,Avon Camelot,English,"['Childrens', 'Fiction', 'Humor', 'Middle Grade', 'Young Adult', 'Fantasy', 'Juvenile']"
9781509896882,Wayward Son ,Rainbow Rowell,Pan Macmillan,English,"['Fantasy', 'Young Adult', 'LGBT', 'Romance', 'Queer', 'Fiction', 'Magic']"
9780061124297,We Need to Talk About Kevin,Lionel Shriver,Harper Perennial,English,"['Fiction', 'Contemporary', 'Thriller', 'Horror', 'Crime', 'Drama', 'Adult']"
9780452282827,We Were the Mulvaneys,Joyce Carol Oates,Plume,English,"['Fiction', 'Contemporary', 'Literary Fiction', 'Classics', 'Novels', 'Family', 'Adult Fiction']"
9780312243357,We Wish to Inform You That Tomorrow We Will Be Killed with Our Families,Philip Gourevitch,Picador,English,"['Nonfiction', 'History', 'Africa', 'War', 'Politics', 'Rwanda', 'Journalism']"
9780312243357,We Wish to Inform You That Tomorrow We Will Be Killed with Our Families,Philip Gourevitch,Picador,English,"['Nonfiction', 'History', 'Africa', 'War', 'Politics', 'Rwanda', 'Journalism']"
9780385351102,Weather,Jenny Offill,Knopf,English,"['Fiction', 'Contemporary', 'Literary Fiction', 'Novels', 'Audiobook', 'Adult Fiction', 'Climate Change']"
9780007117147,Weaveworld,Clive Barker,Harper Voyager,English,"['Fantasy', 'Horror', 'Fiction', 'Dark Fantasy', 'Science Fiction Fantasy', 'Urban Fantasy', 'Science Fiction']"
9780439137492,Weirdos from Another Planet! ,Bill Watterson,Andrews and McMeel Publishing,English,"['Comics', 'Humor', 'Fiction', 'Graphic Novels', 'Comic Strips', 'Graphic Novels Comics', 'Comic Book']"
9780553287349,Well-Schooled in Murder ,Elizabeth  George,Bantam,English,"['Mystery', 'Fiction', 'Crime', 'Mystery Thriller', 'Thriller', 'Detective', 'British Literature']"
9780061706547,Wench,Dolen Perkins-Valdez,Amistad,English,"['Historical Fiction', 'Fiction', 'Historical', 'African American', 'Adult', 'Adult Fiction', 'Book Club']"
9780689853494,We're Going on a Bear Hunt,Michael Rosen,Alladin Paperbacks,English,"['Picture Books', 'Childrens', 'Animals', 'Fiction', 'Adventure', 'Family', 'Storytime']"
9780743487184,West of Eden ,Harry Harrison,UNKNO,English,"['Science Fiction', 'Fantasy', 'Fiction', 'Alternate History', 'Dinosaurs', 'Science Fiction Fantasy', 'Adventure']"
9781250280800,Weyward,Emilia Hart,St. Martin's Press,English,"['Historical Fiction', 'Fantasy', 'Fiction', 'Magical Realism', 'Historical', 'Witches', 'Audiobook']"
9780440229384,Whale Talk,Chris Crutcher,Laurel Leaf,English,"['Young Adult', 'Sports', 'Fiction', 'Realistic Fiction', 'Teen', 'Contemporary', 'Banned Books']"
9780451216694,What Angels Fear ,C.S. Harris,New American Library,English,"['Mystery', 'Historical Fiction', 'Historical', 'Historical Mystery', 'Fiction', 'Regency', 'Mystery Thriller']"
9780670012947,What Happened to Goodbye,Sarah Dessen,Viking Juvenile,English,"['Young Adult', 'Romance', 'Contemporary', 'Fiction', 'Realistic Fiction', 'Chick Lit', 'Teen']"
9780062795250,What If It's Us ,Becky Albertalli,HarperTeen,English,"['Romance', 'Young Adult', 'LGBT', 'Contemporary', 'Queer', 'Fiction', 'Audiobook']"
9781932416640,What Is the What,Dave Eggers,McSweeney's,English,"['Fiction', 'Historical Fiction', 'War', 'Sudan', 'Contemporary', 'Novels', 'Literature']"
9781250859884,What Lies in the Woods,Kate Alice Marshall,Flatiron Books,English,"['Thriller', 'Mystery', 'Mystery Thriller', 'Fiction', 'Audiobook', 'Horror', 'Adult']"
9781250830753,What Moves the Dead ,T. Kingfisher,Tor Nightfire,English,"['Horror', 'Fantasy', 'Gothic', 'Fiction', 'Retellings', 'Mystery', 'Novella']"
9781503959606,What the Wind Knows,Amy Harmon,Lake Union Publishing,English,"['Historical Fiction', 'Romance', 'Time Travel', 'Fiction', 'Historical', 'Fantasy', 'Historical Romance']"
9780761129585,What to Expect the First Year,Heidi Murkoff,Workman Publishing Company,English,"['Parenting', 'Nonfiction', 'Reference', 'Self Help', 'Health', 'Family', 'Childrens']"
9780312421991,What Was She Thinking? [Notes on a Scandal],Zoë Heller,Picador,English,"['Fiction', 'Contemporary', 'Literary Fiction', 'Novels', 'British Literature', 'Adult', 'Adult Fiction']"
9780762745654,"Whatever You Do, Don't Run: True Tales Of A Botswana Safari Guide",Peter Allison,Lyons Press,English,"['Nonfiction', 'Travel', 'Africa', 'Memoir', 'Animals', 'Humor', 'Adventure']"
9780762745654,"Whatever You Do, Don't Run: True Tales Of A Botswana Safari Guide",Peter Allison,Lyons Press,English,"['Nonfiction', 'Travel', 'Africa', 'Memoir', 'Animals', 'Humor', 'Adventure']"
9780140117936,What's Bred in the Bone ,Robertson Davies,Penguin,English,"['Fiction', 'Canada', 'Literature', 'Literary Fiction', 'Novels', 'Canadian Literature', 'Classics']"
9780805073393,What's the Matter with Kansas? How Conservatives Won the Heart of America,Thomas  Frank,Metropolitan Books,English,"['Politics', 'Nonfiction', 'History', 'Political Science', 'Economics', 'Sociology', 'American History']"
9780810112087,"What's to Become of the Boy? Or, Something to Do with Books",Heinrich Böll,Northwestern University Press,English,"['Nonfiction', 'Memoir', 'Germany', 'German Literature', 'Biography', 'History', 'World War II']"
9781250200587,When All Is Said,Anne  Griffin,Thomas Dunne Books,English,"['Fiction', 'Contemporary', 'Ireland', 'Literary Fiction', 'Irish Literature', 'Audiobook', 'Book Club']"
9780345396686,When Christ and His Saints Slept ,Sharon Kay Penman,Ballantine Books,English,"['Historical Fiction', 'Fiction', 'Historical', 'Medieval', 'British Literature', '12th Century', 'Plantagenet']"
9780679756767,When I Was Puerto Rican,Esmeralda Santiago,Vintage,English,"['Memoir', 'Nonfiction', 'Biography', 'Autobiography', 'Spanish Literature', 'Biography Memoir', 'Coming Of Age']"
9781400224999,When Strivings Cease: Replacing the Gospel of Self-Improvement with the Gospel of Life-Transforming Grace,Ruth Chou Simons,Thomas Nelson,English,"['Christian', 'Nonfiction', 'Faith', 'Christian Living', 'Self Help', 'Christian Non Fiction', 'Christianity']"
9780345466600,When the Bough Breaks ,Jonathan Kellerman,Ballantine Books,English,"['Mystery', 'Fiction', 'Crime', 'Thriller', 'Mystery Thriller', 'Suspense', 'Audiobook']"
9780752836997,When the Sacred Ginmill Closes ,Lawrence Block,Orion,English,"['Mystery', 'Crime', 'Fiction', 'Detective', 'Noir', 'Thriller', 'Mystery Thriller']"
9780593237892,When the Stars Go Dark,Paula McLain,Ballantine Books,English,"['Mystery', 'Fiction', 'Thriller', 'Mystery Thriller', 'Audiobook', 'Historical Fiction', 'Crime']"
9780571225408,When We Were Orphans,Kazuo Ishiguro,Faber & Faber,English,"['Fiction', 'Historical Fiction', 'Mystery', 'Literary Fiction', 'Historical', 'China', 'Contemporary']"
9780571225408,When We Were Orphans,Kazuo Ishiguro,Faber & Faber,English,"['Fiction', 'Historical Fiction', 'Mystery', 'Literary Fiction', 'Historical', 'China', 'Contemporary']"
9780316154857,When Will There Be Good News? ,Kate Atkinson,"Little, Brown and Company",English,"['Mystery', 'Fiction', 'Crime', 'Mystery Thriller', 'Thriller', 'Scotland', 'Audiobook']"
9780316143479,When You Are Engulfed in Flames,David Sedaris,Little Brown and Company,English,"['Humor', 'Nonfiction', 'Memoir', 'Essays', 'Short Stories', 'Audiobook', 'Comedy']"
9780525422945,Where She Went ,Gayle Forman,Dutton Juvenile,English,"['Young Adult', 'Romance', 'Contemporary', 'Fiction', 'Realistic Fiction', 'Music', 'New Adult']"
9780735219113,Where the Crawdads Sing,Delia Owens,G.P. Putnam’s Sons,English,"['Fiction', 'Historical Fiction', 'Mystery', 'Romance', 'Audiobook', 'Contemporary', 'Adult']"
9781250213624,Where the Drowned Girls Go ,Seanan McGuire,Tordotcom,English,"['Fantasy', 'Young Adult', 'Novella', 'Audiobook', 'Fiction', 'Urban Fantasy', 'Adult']"
9781250213624,Where the Drowned Girls Go ,Seanan McGuire,Tordotcom,English,"['Fantasy', 'Young Adult', 'Novella', 'Audiobook', 'Fiction', 'Urban Fantasy', 'Adult']"
9781542040068,Where the Forest Meets the Stars,Glendy Vanderah,Lake Union Publishing,English,"['Fiction', 'Contemporary', 'Mystery', 'Romance', 'Fantasy', 'Magical Realism', 'Audiobook']"
9780316204279,"Where'd You Go, Bernadette",Maria Semple,"Little, Brown and Company",English,"['Fiction', 'Contemporary', 'Humor', 'Mystery', 'Audiobook', 'Chick Lit', 'Adult']"
9780763634995,Where's Waldo Now?,Martin Handford,Candlewick Press,English,"['Childrens', 'Picture Books', 'Humor', 'Fiction', 'Classics', 'Juvenile', 'Comics']"
9780007154852,While the Light Lasts ,Agatha Christie,HarperCollins,English,"['Mystery', 'Crime', 'Fiction', 'Short Stories', 'Classics', 'Detective', 'Mystery Thriller']"
9780425203545,Whip Hand ,Dick Francis,G.P. Putnam's Sons,English,"['Mystery', 'Fiction', 'Thriller', 'Crime', 'Mystery Thriller', 'Horses', 'Suspense']"
9780062289254,White Hot ,Ilona Andrews,Avon,English,"['Urban Fantasy', 'Fantasy', 'Romance', 'Paranormal', 'Magic', 'Paranormal Romance', 'Adult']"
9781335009197,White Hot Kiss ,Jennifer L. Armentrout,Inkyard Press,English,"['Fantasy', 'Romance', 'Young Adult', 'Paranormal', 'Demons', 'Paranormal Romance', 'Urban Fantasy']"
9781943950126,White Knuckles ,Autumn Jones Lake,,English,"['Romance', 'Contemporary', 'Contemporary Romance', 'Erotica', 'Audiobook', 'Fiction', 'Suspense']"
9780140283303,White Noise,Don DeLillo,Penguin Books,English,"['Fiction', 'Classics', 'Literature', 'Novels', 'Literary Fiction', 'American', 'Contemporary']"
9780316182546,White Oleander,Janet Fitch,"Little, Brown and Company",English,"['Fiction', 'Contemporary', 'Coming Of Age', 'Drama', 'Adult Fiction', 'Literary Fiction', 'Chick Lit']"
9780375703867,White Teeth,Zadie Smith,Vintage,English,"['Fiction', 'Contemporary', 'Novels', 'Literary Fiction', 'British Literature', 'Literature', 'Historical Fiction']"
9780375703867,White Teeth,Zadie Smith,Vintage,English,"['Fiction', 'Contemporary', 'Novels', 'Literary Fiction', 'British Literature', 'Literature', 'Historical Fiction']"
9780061138010,"White Witch, Black Curse ",Kim Harrison,Eos,English,"['Urban Fantasy', 'Fantasy', 'Paranormal', 'Vampires', 'Witches', 'Magic', 'Demons']"
9781416530718,"Whitney, My Love ",Judith McNaught,Pocket Books,English,"['Historical Romance', 'Romance', 'Historical', 'Historical Fiction', 'Fiction', 'Regency', 'Adult']"
9781471155307,Wicked Abyss ,Kresley Cole,Simon & Schuster UK,English,"['Paranormal Romance', 'Paranormal', 'Romance', 'Fantasy', 'Demons', 'Urban Fantasy', 'Fae']"
9780061214653,Wicked Lovely ,Melissa Marr,HarperTeen,English,"['Fantasy', 'Young Adult', 'Romance', 'Paranormal', 'Urban Fantasy', 'Fae', 'Fairies']"
9780373776986,Wicked Nights ,Gena Showalter,HQN Books,English,"['Paranormal Romance', 'Paranormal', 'Romance', 'Angels', 'Fantasy', 'Demons', 'Adult']"
9780373776986,Wicked Nights ,Gena Showalter,HQN Books,English,"['Paranormal Romance', 'Paranormal', 'Romance', 'Angels', 'Fantasy', 'Demons', 'Adult']"
9780060987107,Wicked: The Life and Times of the Wicked Witch of the West ,Gregory Maguire,ReganBooks,English,"['Fantasy', 'Fiction', 'Adult', 'Retellings', 'Science Fiction Fantasy', 'Witches', 'Adult Fiction']"
9780446579674,Wild Fire ,Nelson DeMille,Warner Books (NY),English,"['Fiction', 'Thriller', 'Mystery', 'Suspense', 'Mystery Thriller', 'Crime', 'Audiobook']"
9780425196748,Wild Horses,Dick Francis,G.P. Putnam's Sons,English,"['Mystery', 'Fiction', 'Thriller', 'Crime', 'Horses', 'Suspense', 'Detective']"
9781416903437,Wild Magic ,Tamora Pierce,Simon Pulse,English,"['Fantasy', 'Young Adult', 'Fiction', 'Magic', 'Young Adult Fantasy', 'Adventure', 'High Fantasy']"
9780440001584,Wild Sign ,Patricia Briggs,Ace,English,"['Urban Fantasy', 'Fantasy', 'Paranormal', 'Romance', 'Magic', 'Werewolves', 'Paranormal Romance']"
9780307592736,Wild: From Lost to Found on the Pacific Crest Trail,Cheryl Strayed,Knopf,English,"['Nonfiction', 'Memoir', 'Travel', 'Biography', 'Adventure', 'Audiobook', 'Biography Memoir']"
9780385491112,Wilderness Tips,Margaret Atwood,Anchor,English,"['Short Stories', 'Fiction', 'Canada', 'Contemporary', 'Literary Fiction', 'Canadian Literature', 'Literature']"
9780062289278,Wildfire ,Ilona Andrews,Avon,English,"['Urban Fantasy', 'Fantasy', 'Paranormal', 'Magic', 'Paranormal Romance', 'Adult', 'Fiction']"
9780375833649,Wildwood Dancing ,Juliet Marillier,Alfred A. Knopf,English,"['Fantasy', 'Young Adult', 'Romance', 'Fairy Tales', 'Retellings', 'Fiction', 'Historical Fiction']"
9780916291563,Wilfrid Gordon McDonald Partridge,Mem Fox,Kane Miller Book Pub,English,"['Picture Books', 'Childrens', 'Fiction', 'Realistic Fiction', 'Family', 'Australia', 'Juvenile']"
9780525421580,"Will Grayson, Will Grayson",John Green,Dutton Books,English,"['Young Adult', 'Contemporary', 'Fiction', 'LGBT', 'Romance', 'Queer', 'Realistic Fiction']"
9780393327373,Will in the World: How Shakespeare Became Shakespeare,Stephen Greenblatt,W.W. Norton,English,"['Biography', 'Nonfiction', 'History', 'Literature', 'Literary Criticism', 'Biography Memoir', 'British Literature']"
9780061668036,Wings ,Aprilynne Pike,HarperTeen,English,"['Fantasy', 'Young Adult', 'Romance', 'Paranormal', 'Fairies', 'Fae', 'Fiction']"
9780312642983,Winter ,Marissa Meyer,Feiwel & Friends,English,"['Fantasy', 'Young Adult', 'Science Fiction', 'Romance', 'Retellings', 'Dystopia', 'Fiction']"
9780312364120,Winter Garden,Kristin Hannah,St. Martin's Press,English,"['Historical Fiction', 'Fiction', 'Historical', 'Chick Lit', 'Romance', 'Contemporary', 'Russia']"
9780441004386,Winter Rose ,Patricia A. McKillip,Ace,English,"['Fantasy', 'Fiction', 'Fairy Tales', 'Romance', 'Young Adult', 'Retellings', 'Science Fiction Fantasy']"
9780340752487,Winter Solstice,Rosamunde Pilcher,Hodder & Stoughton Paperbacks,English,"['Fiction', 'Christmas', 'Romance', 'Scotland', 'Holiday', 'Contemporary', 'Audiobook']"
9780670011100,Wintergirls,Laurie Halse Anderson,Viking Books for Young Readers,English,"['Young Adult', 'Fiction', 'Contemporary', 'Mental Health', 'Realistic Fiction', 'Mental Illness', 'Teen']"
9780425195956,Winterkill ,C.J. Box,G.P. Putnam's Sons,English,"['Mystery', 'Fiction', 'Crime', 'Thriller', 'Westerns', 'Suspense', 'Mystery Thriller']"
9780812575583,Winter's Heart ,Robert Jordan,Tor Fantasy,English,"['Fantasy', 'Fiction', 'Epic Fantasy', 'High Fantasy', 'Science Fiction Fantasy', 'Audiobook', 'Epic']"
9780812575583,Winter's Heart ,Robert Jordan,Tor Fantasy,English,"['Fantasy', 'Fiction', 'Epic Fantasy', 'High Fantasy', 'Science Fiction Fantasy', 'Audiobook', 'Epic']"
9780156031196,Winter's Tale,Mark Helprin,Mariner Books,English,"['Fiction', 'Fantasy', 'Historical Fiction', 'Magical Realism', 'Romance', 'Historical', 'New York']"
9780140175301,Wise Children,Angela Carter,Penguin,English,"['Fiction', 'Magical Realism', 'Historical Fiction', 'Classics', 'Fantasy', 'British Literature', 'Novels']"
9780446699488,Wish You Well,David Baldacci,Grand Central Publishing,English,"['Fiction', 'Historical Fiction', 'Mystery', 'Thriller', 'Historical', 'Drama', 'Family']"
9780553287530,Wish You Were Here ,Rita Mae Brown,Bantam,English,"['Mystery', 'Cozy Mystery', 'Fiction', 'Animals', 'Cats', 'Crime', 'Mystery Thriller']"
9780060298791,Witch Week ,Diana Wynne Jones,Greenwillow,English,"['Fantasy', 'Young Adult', 'Fiction', 'Childrens', 'Middle Grade', 'Magic', 'Witches']"
9780061020612,Witches Abroad ,Terry Pratchett,Harper,English,"['Fantasy', 'Fiction', 'Humor', 'Comedy', 'Witches', 'Science Fiction Fantasy', 'Magic']"
9780425144060,Witches' Bane ,Susan Wittig Albert,Berkley,English,"['Mystery', 'Cozy Mystery', 'Fiction', 'Halloween', 'Mystery Thriller', 'Crime', 'Herbs']"
9780671014773,Witchlight ,L.J. Smith,Pocket Books,English,"['Young Adult', 'Fantasy', 'Vampires', 'Paranormal', 'Romance', 'Witches', 'Supernatural']"
9780062662835,With the Fire on High,Elizabeth Acevedo,Quill Tree Books,English,"['Young Adult', 'Contemporary', 'Fiction', 'Audiobook', 'Romance', 'Realistic Fiction', 'Young Adult Contemporary']"
9780553574098,With This Ring  ,Amanda Quick,Bantam Books,English,"['Romance', 'Historical Romance', 'Historical', 'Historical Fiction', 'Mystery', 'Fiction', 'Regency']"
9781442409057,Wither ,Lauren DeStefano,Simon & Schuster Books for Young Readers,English,"['Young Adult', 'Dystopia', 'Romance', 'Science Fiction', 'Fantasy', 'Fiction', 'Teen']"
9780425143322,Without Remorse ,Tom Clancy,Berkley Books,English,"['Fiction', 'Thriller', 'Action', 'Military Fiction', 'Espionage', 'Mystery', 'Suspense']"
9780749934361,Witness in Death ,J.D. Robb,Piatkus Books,English,"['Mystery', 'Romance', 'Crime', 'Romantic Suspense', 'Fiction', 'Futuristic', 'Suspense']"
9780226043920,Wittgenstein's Nephew,Thomas Bernhard,University of Chicago Press,English,"['Fiction', 'German Literature', 'Novels', 'Philosophy', 'Literature', '20th Century', 'Classics']"
9780670032570,Wizard and Glass ,Stephen King,Viking Adult,English,"['Fantasy', 'Fiction', 'Horror', 'Science Fiction', 'Westerns', 'Adventure', 'Audiobook']"
9781857231038,Wizard at Large ,Terry Brooks,Orbit,English,"['Fantasy', 'Fiction', 'Science Fiction Fantasy', 'Magic', 'Adventure', 'Humor', 'Epic Fantasy']"
9780765346520,Wizard's First Rule ,Terry Goodkind,Tor Books,English,"['Fantasy', 'Fiction', 'Epic Fantasy', 'High Fantasy', 'Science Fiction Fantasy', 'Magic', 'Adventure']"
9780399254833,Wolfsbane ,Andrea Cremer,Philomel Books,English,"['Young Adult', 'Fantasy', 'Paranormal', 'Werewolves', 'Romance', 'Paranormal Romance', 'Supernatural']"
9781416516934,Wolves of the Calla ,Stephen King,Pocket Books,English,"['Fantasy', 'Fiction', 'Horror', 'Science Fiction', 'Westerns', 'Audiobook', 'Adventure']"
9780749390501,Women in a River Landscape,Heinrich Böll,Vintage Classics,English,"['German Literature', 'Fiction', 'Novels', 'Nobel Prize', 'Germany', '20th Century']"
9780385423588,Women of Sand and Myrrh,Hanan Al-Shaykh,Anchor,English,"['Fiction', 'Feminism', 'Lebanon', 'Literature', 'Womens', 'Cultural', 'Literary Fiction']"
9780394713519,"Women, Race & Class",Angela Y. Davis,Vintage,English,"['Feminism', 'Nonfiction', 'Race', 'History', 'Politics', 'Theory', 'Social Justice']"
9783423124171,Wonder Boys,Michael Chabon,Dt. Taschenbuch-Verl.,German,"['Fiction', 'Contemporary', 'Literary Fiction', 'Novels', 'Literature', 'Humor', 'LGBT']"
9780393027051,Wonderful Life: The Burgess Shale and the Nature of History,Stephen Jay Gould,W.W. Norton & Co. (NY),English,"['Science', 'Nonfiction', 'Biology', 'Evolution', 'History', 'Natural History', 'Nature']"
9780765326362,Words of Radiance ,Brandon Sanderson,Tor Books,English,"['Fantasy', 'Fiction', 'Epic Fantasy', 'High Fantasy', 'Audiobook', 'Adult', 'Magic']"
9780307346605,World War Z: An Oral History of the Zombie War,Max Brooks,Crown,English,"['Horror', 'Fiction', 'Zombies', 'Science Fiction', 'Fantasy', 'Post Apocalyptic', 'Dystopia']"
9780002317276,Wrack and Rune ,Charlotte MacLeod,Collins Crime Club,English,"['Mystery', 'Fiction', 'Cozy Mystery', 'Humor', 'Crime', 'Thriller', 'Audiobook']"
2940016344638,Wreck Me ,J.L. Mac,J.L. Mac Books,English,"['Romance', 'New Adult', 'Erotica', 'Contemporary Romance', 'Contemporary', 'Adult', 'BDSM']"
9781590303160,Writing Down the Bones: Freeing the Writer Within,Natalie Goldberg,Shambhala Publications,English,"['Writing', 'Nonfiction', 'Reference', 'Self Help', 'Memoir', 'Poetry', 'Crafts']"
9780380712977,Written In Blood ,Caroline Graham,Avon Books,English,"['Mystery', 'Fiction', 'Crime', 'British Literature', 'Cozy Mystery', 'Mystery Thriller', 'Detective']"
9780061020667,Wyrd Sisters ,Terry Pratchett,HarTorch,English,"['Fantasy', 'Fiction', 'Humor', 'Comedy', 'Witches', 'Science Fiction Fantasy', 'Magic']"
9780812533576,Wyrms,Orson Scott Card,Tor Books,English,"['Science Fiction', 'Fantasy', 'Fiction', 'Science Fiction Fantasy', 'Speculative Fiction', 'Aliens', 'Young Adult']"
9780312861872,Xenocide ,Orson Scott Card,Tor Books,English,"['Science Fiction', 'Fiction', 'Fantasy', 'Science Fiction Fantasy', 'Young Adult', 'Audiobook', 'Space']"
9780380704071,Xorandor,Christine Brooke-Rose,Avon Books,English,"['Science Fiction', 'Fiction', 'Novels', 'Science Fiction Fantasy']"
9780312863937,Yarrow,Charles de Lint,Orb Books,English,"['Fantasy', 'Urban Fantasy', 'Fiction', 'Science Fiction Fantasy', 'Horror', 'Canada', 'Science Fiction']"
9780575075375,Year of the Griffin ,Diana Wynne Jones,HarperCollins Publishers,English,"['Fantasy', 'Young Adult', 'Fiction', 'Magic', 'Young Adult Fantasy', 'Humor', 'Childrens']"
9780142001431,Year of Wonders,Geraldine Brooks,Penguin Books,English,"['Historical Fiction', 'Fiction', 'Historical', 'British Literature', 'Book Club', 'Audiobook', 'Adult']"
9781982149109,Yellow Wife,Sadeqa Johnson,37 Ink,English,"['Historical Fiction', 'Fiction', 'Historical', 'Audiobook', 'Adult', 'Race', 'African American']"
9780441944606,Yendi ,Steven Brust,Ace,English,"['Fantasy', 'Fiction', 'Science Fiction Fantasy', 'High Fantasy', 'Science Fiction', 'Mystery', 'Magic']"
9781250202031,You Are Not Alone,Greer Hendricks,St. Martin's Press,English,"['Thriller', 'Mystery', 'Fiction', 'Mystery Thriller', 'Audiobook', 'Suspense', 'Adult']"
9781473552623,"You Think It, I'll Say It",Curtis Sittenfeld,Transworld Digital,English,"['Short Stories', 'Fiction', 'Audiobook', 'Contemporary', 'Adult', 'Literary Fiction', 'Adult Fiction']"
9780552133258,Young Mungo,Douglas   Stuart,Corgi Books,English,"['Fantasy', 'Science Fiction', 'Fiction', 'Humor', 'Comedy', 'Science Fiction Fantasy', 'Novels']"
9780802159557,Young Mungo,Douglas   Stuart,Grove Press,English,"['Fiction', 'LGBT', 'Queer', 'Romance', 'Contemporary', 'Historical Fiction', 'Literary Fiction']"
9781538704394,Yours Truly ,Abby Jimenez,Forever,English,"['Romance', 'Contemporary', 'Fiction', 'Contemporary Romance', 'Audiobook', 'Adult', 'Chick Lit']"
9780751509342,Yukon Ho! ,Bill Watterson,Andrews McMeel Publishing,English,"['Comics', 'Humor', 'Graphic Novels', 'Fiction', 'Comic Strips', 'Comedy', 'Comic Book']"
9781938570377,Yumi and the Nightmare Painter,Brandon Sanderson,Dragonsteel Entertainment,English,"['Fantasy', 'Romance', 'Fiction', 'Adult', 'High Fantasy', 'Audiobook', 'Science Fiction']"
9781934781630,Zeitoun,Dave Eggers,McSweeney's,English,"['Nonfiction', 'Biography', 'History', 'Memoir', 'Biography Memoir', 'Book Club', 'Politics']"
9780439339117,Zen Shorts,Jon J. Muth,Scholastic Press,English,"['Picture Books', 'Childrens', 'Fiction', 'Buddhism', 'Philosophy', 'Animals', 'Fantasy']"
9780452275003,Zombie,Joyce Carol Oates,Plume,English,"['Horror', 'Fiction', 'Thriller', 'Crime', 'Mystery', 'Contemporary', 'Dark']"
9780060787219,Zorro,Isabel Allende,Harper,Spanish; English,"['Historical Fiction', 'Fiction', 'Adventure', 'Historical', 'Romance', 'Spanish Literature', 'Classics']"
9789875661608,Zoya,Danielle Steel,Debolsillo,Spanish; Castilian,"['Romance', 'Fiction', 'Historical Fiction', 'Historical', 'Chick Lit', 'Russia', 'Drama']"
